2026-09-10T09:40:50.333+09:00  INFO 9744 --- [jpa-map] [restartedMain] com.aloha.jpa.JpaApplication             : Starting JpaApplication using Java 17.0.12 with PID 9744 (C:\ALOHA\GITHUB\AIOT7_SPRINGBOOT\jpa-map\bin\main started by Admin in C:\ALOHA\GITHUB\AIOT7_SPRINGBOOT\jpa-map)
2026-09-10T09:40:50.349+09:00 DEBUG 9744 --- [jpa-map] [restartedMain] com.aloha.jpa.JpaApplication             : Running with Spring Boot v4.1.1, Spring v7.0.9
2026-09-10T09:40:50.354+09:00  INFO 9744 --- [jpa-map] [restartedMain] com.aloha.jpa.JpaApplication             : No active profile set, falling back to 1 default profile: "default"
2026-09-10T09:40:50.573+09:00  INFO 9744 --- [jpa-map] [restartedMain] .e.DevToolsPropertyDefaultsPostProcessor : Devtools property defaults active! Set 'spring.devtools.add-properties' to 'false' to disable
2026-09-10T09:40:50.613+09:00  INFO 9744 --- [jpa-map] [restartedMain] .e.DevToolsPropertyDefaultsPostProcessor : For additional web related logging consider setting the 'logging.level.web' property to 'DEBUG'
2026-09-10T09:40:52.203+09:00  INFO 9744 --- [jpa-map] [restartedMain] .s.d.r.c.RepositoryConfigurationDelegate : Bootstrapping Spring Data JPA repositories in DEFAULT mode.
2026-09-10T09:40:52.393+09:00  INFO 9744 --- [jpa-map] [restartedMain] .s.d.r.c.RepositoryConfigurationDelegate : Finished Spring Data repository scanning in 161 ms. Found 2 JPA repository interfaces.
2026-09-10T09:40:53.525+09:00  INFO 9744 --- [jpa-map] [restartedMain] o.s.boot.tomcat.TomcatWebServer          : Tomcat initialized with port 8080 (http)
2026-09-10T09:40:53.639+09:00  INFO 9744 --- [jpa-map] [restartedMain] o.apache.catalina.core.StandardService   : Starting service [Tomcat]
2026-09-10T09:40:53.654+09:00  INFO 9744 --- [jpa-map] [restartedMain] o.apache.catalina.core.StandardEngine    : Starting Servlet engine: [Apache Tomcat/11.0.24]
2026-09-10T09:40:53.813+09:00  INFO 9744 --- [jpa-map] [restartedMain] b.w.c.s.WebApplicationContextInitializer : Root WebApplicationContext: initialization completed in 3178 ms
2026-09-10T09:40:54.564+09:00  INFO 9744 --- [jpa-map] [restartedMain] org.hibernate.orm.jpa                    : HHH008540: Processing PersistenceUnitInfo [name: default]
2026-09-10T09:40:54.728+09:00  INFO 9744 --- [jpa-map] [restartedMain] org.hibernate.orm.core                   : HHH000001: Hibernate ORM core version 7.4.5.Final
2026-09-10T09:40:55.864+09:00  INFO 9744 --- [jpa-map] [restartedMain] o.s.o.j.p.SpringPersistenceUnitInfo      : No LoadTimeWeaver setup: ignoring JPA class transformer
2026-09-10T09:40:55.934+09:00  INFO 9744 --- [jpa-map] [restartedMain] com.zaxxer.hikari.HikariDataSource       : HikariPool-1 - Starting...
2026-09-10T09:40:56.157+09:00  INFO 9744 --- [jpa-map] [restartedMain] com.zaxxer.hikari.pool.HikariPool        : HikariPool-1 - Added connection com.mysql.cj.jdbc.ConnectionImpl@6983b731
2026-09-10T09:40:56.160+09:00  INFO 9744 --- [jpa-map] [restartedMain] com.zaxxer.hikari.HikariDataSource       : HikariPool-1 - Start completed.
2026-09-10T09:40:56.283+09:00  INFO 9744 --- [jpa-map] [restartedMain] org.hibernate.orm.connections.pooling    : HHH10001005: Database info:
	Database JDBC URL [jdbc:mysql://localhost:3306/aloha?serverTimezone=Asia/Seoul&allowPublicKeyRetrieval=true&useSSL=false]
	Database driver: MySQL Connector/J
	Database dialect: MySQLDialect
	Database version: 8.0.46
	Default catalog/schema: aloha/undefined
	Autocommit mode: undefined/unknown
	Isolation level: REPEATABLE_READ [default REPEATABLE_READ]
	JDBC fetch size: none
	Pool: DataSourceConnectionProvider
	Minimum pool size: undefined/unknown
	Maximum pool size: undefined/unknown
2026-09-10T09:40:57.645+09:00  INFO 9744 --- [jpa-map] [restartedMain] org.hibernate.orm.core                   : HHH000489: No JTA platform available (set 'hibernate.transaction.jta.platform' to enable JTA platform integration)
2026-09-10T09:40:57.781+09:00  INFO 9744 --- [jpa-map] [restartedMain] j.LocalContainerEntityManagerFactoryBean : Initialized JPA EntityManagerFactory for persistence unit 'default'
2026-09-10T09:40:57.981+09:00  INFO 9744 --- [jpa-map] [restartedMain] o.s.d.j.r.query.QueryEnhancerFactories   : Hibernate is in classpath; If applicable, HQL parser will be used.
2026-09-10T09:40:58.539+09:00  WARN 9744 --- [jpa-map] [restartedMain] JpaBaseConfiguration$JpaWebConfiguration : spring.jpa.open-in-view is enabled by default. Therefore, database queries may be performed during view rendering. Explicitly configure spring.jpa.open-in-view to disable this warning
2026-09-10T09:40:59.604+09:00  INFO 9744 --- [jpa-map] [restartedMain] o.s.boot.tomcat.TomcatWebServer          : Tomcat started on port 8080 (http) with context path '/'
2026-09-10T09:40:59.612+09:00  INFO 9744 --- [jpa-map] [restartedMain] com.aloha.jpa.JpaApplication             : Started JpaApplication in 9.948 seconds (process running for 10.726)
2026-09-10T09:41:08.877+09:00  INFO 9744 --- [jpa-map] [http-nio-8080-exec-1] o.a.c.c.C.[Tomcat].[localhost].[/]       : Initializing Spring DispatcherServlet 'dispatcherServlet'
2026-09-10T09:41:08.879+09:00  INFO 9744 --- [jpa-map] [http-nio-8080-exec-1] o.s.web.servlet.DispatcherServlet        : Initializing Servlet 'dispatcherServlet'
2026-09-10T09:41:08.881+09:00  INFO 9744 --- [jpa-map] [http-nio-8080-exec-1] o.s.web.servlet.DispatcherServlet        : Completed initialization in 1 ms
2026-09-10T10:03:00.685+09:00  INFO 9744 --- [jpa-map] [File Watcher] rtingClassPathChangeChangedEventListener : Restarting due to 1 class path change (0 additions, 0 deletions, 1 modification)
2026-09-10T10:03:00.692+09:00  INFO 9744 --- [jpa-map] [Thread-1] o.s.boot.tomcat.GracefulShutdown         : Commencing graceful shutdown. Waiting for active requests to complete
2026-09-10T10:03:00.782+09:00  INFO 9744 --- [jpa-map] [tomcat-shutdown] o.s.boot.tomcat.GracefulShutdown         : Graceful shutdown complete
2026-09-10T10:03:00.786+09:00  INFO 9744 --- [jpa-map] [Thread-1] j.LocalContainerEntityManagerFactoryBean : Closing JPA EntityManagerFactory for persistence unit 'default'
2026-09-10T10:03:00.793+09:00  INFO 9744 --- [jpa-map] [Thread-1] com.zaxxer.hikari.HikariDataSource       : HikariPool-1 - Shutdown initiated...
2026-09-10T10:03:00.808+09:00  INFO 9744 --- [jpa-map] [Thread-1] com.zaxxer.hikari.HikariDataSource       : HikariPool-1 - Shutdown completed.
2026-09-10T10:03:01.004+09:00  INFO 9744 --- [jpa-map] [restartedMain] com.aloha.jpa.JpaApplication             : Starting JpaApplication using Java 17.0.12 with PID 9744 (C:\ALOHA\GITHUB\AIOT7_SPRINGBOOT\jpa-map\bin\main started by Admin in C:\ALOHA\GITHUB\AIOT7_SPRINGBOOT\jpa-map)
2026-09-10T10:03:01.006+09:00 DEBUG 9744 --- [jpa-map] [restartedMain] com.aloha.jpa.JpaApplication             : Running with Spring Boot v4.1.1, Spring v7.0.9
2026-09-10T10:03:01.012+09:00  INFO 9744 --- [jpa-map] [restartedMain] com.aloha.jpa.JpaApplication             : No active profile set, falling back to 1 default profile: "default"
2026-09-10T10:03:01.343+09:00  INFO 9744 --- [jpa-map] [restartedMain] .s.d.r.c.RepositoryConfigurationDelegate : Bootstrapping Spring Data JPA repositories in DEFAULT mode.
2026-09-10T10:03:01.376+09:00  INFO 9744 --- [jpa-map] [restartedMain] .s.d.r.c.RepositoryConfigurationDelegate : Finished Spring Data repository scanning in 29 ms. Found 2 JPA repository interfaces.
2026-09-10T10:03:01.497+09:00  INFO 9744 --- [jpa-map] [restartedMain] o.s.boot.tomcat.TomcatWebServer          : Tomcat initialized with port 8080 (http)
2026-09-10T10:03:01.499+09:00  INFO 9744 --- [jpa-map] [restartedMain] o.apache.catalina.core.StandardService   : Starting service [Tomcat]
2026-09-10T10:03:01.499+09:00  INFO 9744 --- [jpa-map] [restartedMain] o.apache.catalina.core.StandardEngine    : Starting Servlet engine: [Apache Tomcat/11.0.24]
2026-09-10T10:03:01.524+09:00  INFO 9744 --- [jpa-map] [restartedMain] b.w.c.s.WebApplicationContextInitializer : Root WebApplicationContext: initialization completed in 490 ms
2026-09-10T10:03:01.566+09:00  INFO 9744 --- [jpa-map] [restartedMain] org.hibernate.orm.jpa                    : HHH008540: Processing PersistenceUnitInfo [name: default]
2026-09-10T10:03:01.615+09:00  INFO 9744 --- [jpa-map] [restartedMain] o.s.o.j.p.SpringPersistenceUnitInfo      : No LoadTimeWeaver setup: ignoring JPA class transformer
2026-09-10T10:03:01.618+09:00  INFO 9744 --- [jpa-map] [restartedMain] com.zaxxer.hikari.HikariDataSource       : HikariPool-2 - Starting...
2026-09-10T10:03:01.622+09:00  INFO 9744 --- [jpa-map] [restartedMain] com.zaxxer.hikari.pool.HikariPool        : HikariPool-2 - Added connection com.mysql.cj.jdbc.ConnectionImpl@4027fb86
2026-09-10T10:03:01.623+09:00  INFO 9744 --- [jpa-map] [restartedMain] com.zaxxer.hikari.HikariDataSource       : HikariPool-2 - Start completed.
2026-09-10T10:03:01.625+09:00  INFO 9744 --- [jpa-map] [restartedMain] org.hibernate.orm.connections.pooling    : HHH10001005: Database info:
	Database JDBC URL [jdbc:mysql://localhost:3306/aloha?serverTimezone=Asia/Seoul&allowPublicKeyRetrieval=true&useSSL=false]
	Database driver: MySQL Connector/J
	Database dialect: MySQLDialect
	Database version: 8.0.46
	Default catalog/schema: aloha/undefined
	Autocommit mode: undefined/unknown
	Isolation level: REPEATABLE_READ [default REPEATABLE_READ]
	JDBC fetch size: none
	Pool: DataSourceConnectionProvider
	Minimum pool size: undefined/unknown
	Maximum pool size: undefined/unknown
2026-09-10T10:03:01.704+09:00  INFO 9744 --- [jpa-map] [restartedMain] org.hibernate.orm.core                   : HHH000489: No JTA platform available (set 'hibernate.transaction.jta.platform' to enable JTA platform integration)
2026-09-10T10:03:01.727+09:00  INFO 9744 --- [jpa-map] [restartedMain] j.LocalContainerEntityManagerFactoryBean : Initialized JPA EntityManagerFactory for persistence unit 'default'
2026-09-10T10:03:01.816+09:00  WARN 9744 --- [jpa-map] [restartedMain] JpaBaseConfiguration$JpaWebConfiguration : spring.jpa.open-in-view is enabled by default. Therefore, database queries may be performed during view rendering. Explicitly configure spring.jpa.open-in-view to disable this warning
2026-09-10T10:03:01.983+09:00  INFO 9744 --- [jpa-map] [restartedMain] o.s.boot.tomcat.TomcatWebServer          : Tomcat started on port 8080 (http) with context path '/'
2026-09-10T10:03:02.003+09:00  INFO 9744 --- [jpa-map] [restartedMain] com.aloha.jpa.JpaApplication             : Started JpaApplication in 1.078 seconds (process running for 1333.117)
2026-09-10T10:03:02.033+09:00  INFO 9744 --- [jpa-map] [restartedMain] .ConditionEvaluationDeltaLoggingListener : Condition evaluation unchanged
2026-09-10T10:04:50.126+09:00  INFO 9744 --- [jpa-map] [File Watcher] rtingClassPathChangeChangedEventListener : Restarting due to 1 class path change (0 additions, 0 deletions, 1 modification)
2026-09-10T10:04:50.127+09:00  INFO 9744 --- [jpa-map] [Thread-5] o.s.boot.tomcat.GracefulShutdown         : Commencing graceful shutdown. Waiting for active requests to complete
2026-09-10T10:04:50.214+09:00  INFO 9744 --- [jpa-map] [tomcat-shutdown] o.s.boot.tomcat.GracefulShutdown         : Graceful shutdown complete
2026-09-10T10:04:50.215+09:00  INFO 9744 --- [jpa-map] [Thread-5] j.LocalContainerEntityManagerFactoryBean : Closing JPA EntityManagerFactory for persistence unit 'default'
2026-09-10T10:04:50.216+09:00  INFO 9744 --- [jpa-map] [Thread-5] com.zaxxer.hikari.HikariDataSource       : HikariPool-2 - Shutdown initiated...
2026-09-10T10:04:50.218+09:00  INFO 9744 --- [jpa-map] [Thread-5] com.zaxxer.hikari.HikariDataSource       : HikariPool-2 - Shutdown completed.
2026-09-10T10:04:50.357+09:00  INFO 9744 --- [jpa-map] [restartedMain] com.aloha.jpa.JpaApplication             : Starting JpaApplication using Java 17.0.12 with PID 9744 (C:\ALOHA\GITHUB\AIOT7_SPRINGBOOT\jpa-map\bin\main started by Admin in C:\ALOHA\GITHUB\AIOT7_SPRINGBOOT\jpa-map)
2026-09-10T10:04:50.357+09:00 DEBUG 9744 --- [jpa-map] [restartedMain] com.aloha.jpa.JpaApplication             : Running with Spring Boot v4.1.1, Spring v7.0.9
2026-09-10T10:04:50.357+09:00  INFO 9744 --- [jpa-map] [restartedMain] com.aloha.jpa.JpaApplication             : No active profile set, falling back to 1 default profile: "default"
2026-09-10T10:04:50.593+09:00  INFO 9744 --- [jpa-map] [restartedMain] .s.d.r.c.RepositoryConfigurationDelegate : Bootstrapping Spring Data JPA repositories in DEFAULT mode.
2026-09-10T10:04:50.612+09:00  INFO 9744 --- [jpa-map] [restartedMain] .s.d.r.c.RepositoryConfigurationDelegate : Finished Spring Data repository scanning in 17 ms. Found 2 JPA repository interfaces.
2026-09-10T10:04:50.709+09:00  INFO 9744 --- [jpa-map] [restartedMain] o.s.boot.tomcat.TomcatWebServer          : Tomcat initialized with port 8080 (http)
2026-09-10T10:04:50.710+09:00  INFO 9744 --- [jpa-map] [restartedMain] o.apache.catalina.core.StandardService   : Starting service [Tomcat]
2026-09-10T10:04:50.710+09:00  INFO 9744 --- [jpa-map] [restartedMain] o.apache.catalina.core.StandardEngine    : Starting Servlet engine: [Apache Tomcat/11.0.24]
2026-09-10T10:04:50.732+09:00  INFO 9744 --- [jpa-map] [restartedMain] b.w.c.s.WebApplicationContextInitializer : Root WebApplicationContext: initialization completed in 373 ms
2026-09-10T10:04:50.768+09:00  INFO 9744 --- [jpa-map] [restartedMain] org.hibernate.orm.jpa                    : HHH008540: Processing PersistenceUnitInfo [name: default]
2026-09-10T10:04:50.809+09:00  INFO 9744 --- [jpa-map] [restartedMain] o.s.o.j.p.SpringPersistenceUnitInfo      : No LoadTimeWeaver setup: ignoring JPA class transformer
2026-09-10T10:04:50.810+09:00  INFO 9744 --- [jpa-map] [restartedMain] com.zaxxer.hikari.HikariDataSource       : HikariPool-3 - Starting...
2026-09-10T10:04:50.815+09:00  INFO 9744 --- [jpa-map] [restartedMain] com.zaxxer.hikari.pool.HikariPool        : HikariPool-3 - Added connection com.mysql.cj.jdbc.ConnectionImpl@244ba189
2026-09-10T10:04:50.815+09:00  INFO 9744 --- [jpa-map] [restartedMain] com.zaxxer.hikari.HikariDataSource       : HikariPool-3 - Start completed.
2026-09-10T10:04:50.817+09:00  INFO 9744 --- [jpa-map] [restartedMain] org.hibernate.orm.connections.pooling    : HHH10001005: Database info:
	Database JDBC URL [jdbc:mysql://localhost:3306/aloha?serverTimezone=Asia/Seoul&allowPublicKeyRetrieval=true&useSSL=false]
	Database driver: MySQL Connector/J
	Database dialect: MySQLDialect
	Database version: 8.0.46
	Default catalog/schema: aloha/undefined
	Autocommit mode: undefined/unknown
	Isolation level: REPEATABLE_READ [default REPEATABLE_READ]
	JDBC fetch size: none
	Pool: DataSourceConnectionProvider
	Minimum pool size: undefined/unknown
	Maximum pool size: undefined/unknown
2026-09-10T10:04:50.892+09:00  INFO 9744 --- [jpa-map] [restartedMain] org.hibernate.orm.core                   : HHH000489: No JTA platform available (set 'hibernate.transaction.jta.platform' to enable JTA platform integration)
2026-09-10T10:04:50.908+09:00  INFO 9744 --- [jpa-map] [restartedMain] j.LocalContainerEntityManagerFactoryBean : Initialized JPA EntityManagerFactory for persistence unit 'default'
2026-09-10T10:04:50.997+09:00  WARN 9744 --- [jpa-map] [restartedMain] JpaBaseConfiguration$JpaWebConfiguration : spring.jpa.open-in-view is enabled by default. Therefore, database queries may be performed during view rendering. Explicitly configure spring.jpa.open-in-view to disable this warning
2026-09-10T10:04:51.083+09:00  INFO 9744 --- [jpa-map] [restartedMain] o.s.boot.tomcat.TomcatWebServer          : Tomcat started on port 8080 (http) with context path '/'
2026-09-10T10:04:51.085+09:00  INFO 9744 --- [jpa-map] [restartedMain] com.aloha.jpa.JpaApplication             : Started JpaApplication in 0.76 seconds (process running for 1442.199)
2026-09-10T10:04:51.087+09:00  INFO 9744 --- [jpa-map] [restartedMain] .ConditionEvaluationDeltaLoggingListener : Condition evaluation unchanged
2026-09-10T10:04:54.445+09:00  INFO 18632 --- [jpa-map] [restartedMain] com.aloha.jpa.JpaApplication             : Starting JpaApplication using Java 17.0.12 with PID 18632 (C:\ALOHA\GITHUB\AIOT7_SPRINGBOOT\jpa-map\bin\main started by Admin in C:\ALOHA\GITHUB\AIOT7_SPRINGBOOT\jpa-map)
2026-09-10T10:04:54.450+09:00 DEBUG 18632 --- [jpa-map] [restartedMain] com.aloha.jpa.JpaApplication             : Running with Spring Boot v4.1.1, Spring v7.0.9
2026-09-10T10:04:54.451+09:00  INFO 18632 --- [jpa-map] [restartedMain] com.aloha.jpa.JpaApplication             : No active profile set, falling back to 1 default profile: "default"
2026-09-10T10:04:54.513+09:00  INFO 18632 --- [jpa-map] [restartedMain] .e.DevToolsPropertyDefaultsPostProcessor : Devtools property defaults active! Set 'spring.devtools.add-properties' to 'false' to disable
2026-09-10T10:04:54.513+09:00  INFO 18632 --- [jpa-map] [restartedMain] .e.DevToolsPropertyDefaultsPostProcessor : For additional web related logging consider setting the 'logging.level.web' property to 'DEBUG'
2026-09-10T10:04:55.345+09:00  INFO 18632 --- [jpa-map] [restartedMain] .s.d.r.c.RepositoryConfigurationDelegate : Bootstrapping Spring Data JPA repositories in DEFAULT mode.
2026-09-10T10:04:55.421+09:00  INFO 18632 --- [jpa-map] [restartedMain] .s.d.r.c.RepositoryConfigurationDelegate : Finished Spring Data repository scanning in 59 ms. Found 2 JPA repository interfaces.
2026-09-10T10:04:56.036+09:00  INFO 18632 --- [jpa-map] [restartedMain] o.s.boot.tomcat.TomcatWebServer          : Tomcat initialized with port 8080 (http)
2026-09-10T10:04:56.053+09:00  INFO 18632 --- [jpa-map] [restartedMain] o.apache.catalina.core.StandardService   : Starting service [Tomcat]
2026-09-10T10:04:56.054+09:00  INFO 18632 --- [jpa-map] [restartedMain] o.apache.catalina.core.StandardEngine    : Starting Servlet engine: [Apache Tomcat/11.0.24]
2026-09-10T10:04:56.111+09:00  INFO 18632 --- [jpa-map] [restartedMain] b.w.c.s.WebApplicationContextInitializer : Root WebApplicationContext: initialization completed in 1597 ms
2026-09-10T10:04:56.332+09:00  INFO 18632 --- [jpa-map] [restartedMain] org.hibernate.orm.jpa                    : HHH008540: Processing PersistenceUnitInfo [name: default]
2026-09-10T10:04:56.403+09:00  INFO 18632 --- [jpa-map] [restartedMain] org.hibernate.orm.core                   : HHH000001: Hibernate ORM core version 7.4.5.Final
2026-09-10T10:04:56.942+09:00  INFO 18632 --- [jpa-map] [restartedMain] o.s.o.j.p.SpringPersistenceUnitInfo      : No LoadTimeWeaver setup: ignoring JPA class transformer
2026-09-10T10:04:56.977+09:00  INFO 18632 --- [jpa-map] [restartedMain] com.zaxxer.hikari.HikariDataSource       : HikariPool-1 - Starting...
2026-09-10T10:04:57.144+09:00  INFO 18632 --- [jpa-map] [restartedMain] com.zaxxer.hikari.pool.HikariPool        : HikariPool-1 - Added connection com.mysql.cj.jdbc.ConnectionImpl@745d5170
2026-09-10T10:04:57.147+09:00  INFO 18632 --- [jpa-map] [restartedMain] com.zaxxer.hikari.HikariDataSource       : HikariPool-1 - Start completed.
2026-09-10T10:04:57.258+09:00  INFO 18632 --- [jpa-map] [restartedMain] org.hibernate.orm.connections.pooling    : HHH10001005: Database info:
	Database JDBC URL [jdbc:mysql://localhost:3306/aloha?serverTimezone=Asia/Seoul&allowPublicKeyRetrieval=true&useSSL=false]
	Database driver: MySQL Connector/J
	Database dialect: MySQLDialect
	Database version: 8.0.46
	Default catalog/schema: aloha/undefined
	Autocommit mode: undefined/unknown
	Isolation level: REPEATABLE_READ [default REPEATABLE_READ]
	JDBC fetch size: none
	Pool: DataSourceConnectionProvider
	Minimum pool size: undefined/unknown
	Maximum pool size: undefined/unknown
2026-09-10T10:04:58.574+09:00  INFO 18632 --- [jpa-map] [restartedMain] org.hibernate.orm.core                   : HHH000489: No JTA platform available (set 'hibernate.transaction.jta.platform' to enable JTA platform integration)
2026-09-10T10:04:58.665+09:00  INFO 18632 --- [jpa-map] [restartedMain] j.LocalContainerEntityManagerFactoryBean : Initialized JPA EntityManagerFactory for persistence unit 'default'
2026-09-10T10:04:58.773+09:00  INFO 18632 --- [jpa-map] [restartedMain] o.s.d.j.r.query.QueryEnhancerFactories   : Hibernate is in classpath; If applicable, HQL parser will be used.
2026-09-10T10:04:59.095+09:00  WARN 18632 --- [jpa-map] [restartedMain] JpaBaseConfiguration$JpaWebConfiguration : spring.jpa.open-in-view is enabled by default. Therefore, database queries may be performed during view rendering. Explicitly configure spring.jpa.open-in-view to disable this warning
2026-09-10T10:04:59.565+09:00  INFO 18632 --- [jpa-map] [restartedMain] o.s.boot.tomcat.TomcatWebServer          : Tomcat started on port 8080 (http) with context path '/'
2026-09-10T10:04:59.570+09:00  INFO 18632 --- [jpa-map] [restartedMain] com.aloha.jpa.JpaApplication             : Started JpaApplication in 5.674 seconds (process running for 6.4)
2026-09-10T10:05:11.104+09:00  INFO 18632 --- [jpa-map] [File Watcher] rtingClassPathChangeChangedEventListener : Restarting due to 1 class path change (0 additions, 0 deletions, 1 modification)
2026-09-10T10:05:11.130+09:00  INFO 18632 --- [jpa-map] [Thread-1] o.s.boot.tomcat.GracefulShutdown         : Commencing graceful shutdown. Waiting for active requests to complete
2026-09-10T10:05:11.221+09:00  INFO 18632 --- [jpa-map] [tomcat-shutdown] o.s.boot.tomcat.GracefulShutdown         : Graceful shutdown complete
2026-09-10T10:05:11.224+09:00  INFO 18632 --- [jpa-map] [Thread-1] j.LocalContainerEntityManagerFactoryBean : Closing JPA EntityManagerFactory for persistence unit 'default'
2026-09-10T10:05:11.227+09:00  INFO 18632 --- [jpa-map] [Thread-1] com.zaxxer.hikari.HikariDataSource       : HikariPool-1 - Shutdown initiated...
2026-09-10T10:05:11.236+09:00  INFO 18632 --- [jpa-map] [Thread-1] com.zaxxer.hikari.HikariDataSource       : HikariPool-1 - Shutdown completed.
2026-09-10T10:05:11.394+09:00  INFO 18632 --- [jpa-map] [restartedMain] com.aloha.jpa.JpaApplication             : Starting JpaApplication using Java 17.0.12 with PID 18632 (C:\ALOHA\GITHUB\AIOT7_SPRINGBOOT\jpa-map\bin\main started by Admin in C:\ALOHA\GITHUB\AIOT7_SPRINGBOOT\jpa-map)
2026-09-10T10:05:11.397+09:00 DEBUG 18632 --- [jpa-map] [restartedMain] com.aloha.jpa.JpaApplication             : Running with Spring Boot v4.1.1, Spring v7.0.9
2026-09-10T10:05:11.397+09:00  INFO 18632 --- [jpa-map] [restartedMain] com.aloha.jpa.JpaApplication             : No active profile set, falling back to 1 default profile: "default"
2026-09-10T10:05:11.636+09:00  INFO 18632 --- [jpa-map] [restartedMain] .s.d.r.c.RepositoryConfigurationDelegate : Bootstrapping Spring Data JPA repositories in DEFAULT mode.
2026-09-10T10:05:11.653+09:00  INFO 18632 --- [jpa-map] [restartedMain] .s.d.r.c.RepositoryConfigurationDelegate : Finished Spring Data repository scanning in 13 ms. Found 2 JPA repository interfaces.
2026-09-10T10:05:11.769+09:00  INFO 18632 --- [jpa-map] [restartedMain] o.s.boot.tomcat.TomcatWebServer          : Tomcat initialized with port 8080 (http)
2026-09-10T10:05:11.770+09:00  INFO 18632 --- [jpa-map] [restartedMain] o.apache.catalina.core.StandardService   : Starting service [Tomcat]
2026-09-10T10:05:11.772+09:00  INFO 18632 --- [jpa-map] [restartedMain] o.apache.catalina.core.StandardEngine    : Starting Servlet engine: [Apache Tomcat/11.0.24]
2026-09-10T10:05:11.801+09:00  INFO 18632 --- [jpa-map] [restartedMain] b.w.c.s.WebApplicationContextInitializer : Root WebApplicationContext: initialization completed in 399 ms
2026-09-10T10:05:11.843+09:00  INFO 18632 --- [jpa-map] [restartedMain] org.hibernate.orm.jpa                    : HHH008540: Processing PersistenceUnitInfo [name: default]
2026-09-10T10:05:11.880+09:00  INFO 18632 --- [jpa-map] [restartedMain] o.s.o.j.p.SpringPersistenceUnitInfo      : No LoadTimeWeaver setup: ignoring JPA class transformer
2026-09-10T10:05:11.881+09:00  INFO 18632 --- [jpa-map] [restartedMain] com.zaxxer.hikari.HikariDataSource       : HikariPool-2 - Starting...
2026-09-10T10:05:11.884+09:00  INFO 18632 --- [jpa-map] [restartedMain] com.zaxxer.hikari.pool.HikariPool        : HikariPool-2 - Added connection com.mysql.cj.jdbc.ConnectionImpl@375dee3b
2026-09-10T10:05:11.884+09:00  INFO 18632 --- [jpa-map] [restartedMain] com.zaxxer.hikari.HikariDataSource       : HikariPool-2 - Start completed.
2026-09-10T10:05:11.886+09:00  INFO 18632 --- [jpa-map] [restartedMain] org.hibernate.orm.connections.pooling    : HHH10001005: Database info:
	Database JDBC URL [jdbc:mysql://localhost:3306/aloha?serverTimezone=Asia/Seoul&allowPublicKeyRetrieval=true&useSSL=false]
	Database driver: MySQL Connector/J
	Database dialect: MySQLDialect
	Database version: 8.0.46
	Default catalog/schema: aloha/undefined
	Autocommit mode: undefined/unknown
	Isolation level: REPEATABLE_READ [default REPEATABLE_READ]
	JDBC fetch size: none
	Pool: DataSourceConnectionProvider
	Minimum pool size: undefined/unknown
	Maximum pool size: undefined/unknown
2026-09-10T10:05:13.952+09:00  INFO 14672 --- [jpa-map] [restartedMain] com.aloha.jpa.JpaApplication             : Starting JpaApplication using Java 17.0.12 with PID 14672 (C:\ALOHA\GITHUB\AIOT7_SPRINGBOOT\jpa-map\bin\main started by Admin in C:\ALOHA\GITHUB\AIOT7_SPRINGBOOT\jpa-map)
2026-09-10T10:05:13.959+09:00 DEBUG 14672 --- [jpa-map] [restartedMain] com.aloha.jpa.JpaApplication             : Running with Spring Boot v4.1.1, Spring v7.0.9
2026-09-10T10:05:13.960+09:00  INFO 14672 --- [jpa-map] [restartedMain] com.aloha.jpa.JpaApplication             : No active profile set, falling back to 1 default profile: "default"
2026-09-10T10:05:14.023+09:00  INFO 14672 --- [jpa-map] [restartedMain] .e.DevToolsPropertyDefaultsPostProcessor : Devtools property defaults active! Set 'spring.devtools.add-properties' to 'false' to disable
2026-09-10T10:05:14.023+09:00  INFO 14672 --- [jpa-map] [restartedMain] .e.DevToolsPropertyDefaultsPostProcessor : For additional web related logging consider setting the 'logging.level.web' property to 'DEBUG'
2026-09-10T10:05:14.811+09:00  INFO 14672 --- [jpa-map] [restartedMain] .s.d.r.c.RepositoryConfigurationDelegate : Bootstrapping Spring Data JPA repositories in DEFAULT mode.
2026-09-10T10:05:14.902+09:00  INFO 14672 --- [jpa-map] [restartedMain] .s.d.r.c.RepositoryConfigurationDelegate : Finished Spring Data repository scanning in 78 ms. Found 2 JPA repository interfaces.
2026-09-10T10:05:15.418+09:00  INFO 14672 --- [jpa-map] [restartedMain] o.s.boot.tomcat.TomcatWebServer          : Tomcat initialized with port 8080 (http)
2026-09-10T10:05:15.432+09:00  INFO 14672 --- [jpa-map] [restartedMain] o.apache.catalina.core.StandardService   : Starting service [Tomcat]
2026-09-10T10:05:15.432+09:00  INFO 14672 --- [jpa-map] [restartedMain] o.apache.catalina.core.StandardEngine    : Starting Servlet engine: [Apache Tomcat/11.0.24]
2026-09-10T10:05:15.484+09:00  INFO 14672 --- [jpa-map] [restartedMain] b.w.c.s.WebApplicationContextInitializer : Root WebApplicationContext: initialization completed in 1460 ms
2026-09-10T10:05:15.694+09:00  INFO 14672 --- [jpa-map] [restartedMain] org.hibernate.orm.jpa                    : HHH008540: Processing PersistenceUnitInfo [name: default]
2026-09-10T10:05:15.757+09:00  INFO 14672 --- [jpa-map] [restartedMain] org.hibernate.orm.core                   : HHH000001: Hibernate ORM core version 7.4.5.Final
2026-09-10T10:05:16.376+09:00  INFO 14672 --- [jpa-map] [restartedMain] o.s.o.j.p.SpringPersistenceUnitInfo      : No LoadTimeWeaver setup: ignoring JPA class transformer
2026-09-10T10:05:16.419+09:00  INFO 14672 --- [jpa-map] [restartedMain] com.zaxxer.hikari.HikariDataSource       : HikariPool-1 - Starting...
2026-09-10T10:05:16.618+09:00  INFO 14672 --- [jpa-map] [restartedMain] com.zaxxer.hikari.pool.HikariPool        : HikariPool-1 - Added connection com.mysql.cj.jdbc.ConnectionImpl@19563fb7
2026-09-10T10:05:16.622+09:00  INFO 14672 --- [jpa-map] [restartedMain] com.zaxxer.hikari.HikariDataSource       : HikariPool-1 - Start completed.
2026-09-10T10:05:16.713+09:00  INFO 14672 --- [jpa-map] [restartedMain] org.hibernate.orm.connections.pooling    : HHH10001005: Database info:
	Database JDBC URL [jdbc:mysql://localhost:3306/aloha?serverTimezone=Asia/Seoul&allowPublicKeyRetrieval=true&useSSL=false]
	Database driver: MySQL Connector/J
	Database dialect: MySQLDialect
	Database version: 8.0.46
	Default catalog/schema: aloha/undefined
	Autocommit mode: undefined/unknown
	Isolation level: REPEATABLE_READ [default REPEATABLE_READ]
	JDBC fetch size: none
	Pool: DataSourceConnectionProvider
	Minimum pool size: undefined/unknown
	Maximum pool size: undefined/unknown
2026-09-10T10:05:17.690+09:00  INFO 14672 --- [jpa-map] [restartedMain] org.hibernate.orm.core                   : HHH000489: No JTA platform available (set 'hibernate.transaction.jta.platform' to enable JTA platform integration)
2026-09-10T10:05:17.864+09:00  INFO 14672 --- [jpa-map] [restartedMain] j.LocalContainerEntityManagerFactoryBean : Initialized JPA EntityManagerFactory for persistence unit 'default'
2026-09-10T10:05:17.982+09:00  INFO 14672 --- [jpa-map] [restartedMain] o.s.d.j.r.query.QueryEnhancerFactories   : Hibernate is in classpath; If applicable, HQL parser will be used.
2026-09-10T10:05:18.289+09:00  WARN 14672 --- [jpa-map] [restartedMain] JpaBaseConfiguration$JpaWebConfiguration : spring.jpa.open-in-view is enabled by default. Therefore, database queries may be performed during view rendering. Explicitly configure spring.jpa.open-in-view to disable this warning
2026-09-10T10:05:18.684+09:00  INFO 14672 --- [jpa-map] [restartedMain] o.s.boot.tomcat.TomcatWebServer          : Tomcat started on port 8080 (http) with context path '/'
2026-09-10T10:05:18.690+09:00  INFO 14672 --- [jpa-map] [restartedMain] com.aloha.jpa.JpaApplication             : Started JpaApplication in 5.272 seconds (process running for 6.012)
2026-09-10T10:06:16.970+09:00  INFO 14672 --- [jpa-map] [File Watcher] rtingClassPathChangeChangedEventListener : Restarting due to 1 class path change (0 additions, 0 deletions, 1 modification)
2026-09-10T10:06:16.979+09:00  INFO 14672 --- [jpa-map] [Thread-1] o.s.boot.tomcat.GracefulShutdown         : Commencing graceful shutdown. Waiting for active requests to complete
2026-09-10T10:06:17.117+09:00  INFO 14672 --- [jpa-map] [tomcat-shutdown] o.s.boot.tomcat.GracefulShutdown         : Graceful shutdown complete
2026-09-10T10:06:17.125+09:00  INFO 14672 --- [jpa-map] [Thread-1] j.LocalContainerEntityManagerFactoryBean : Closing JPA EntityManagerFactory for persistence unit 'default'
2026-09-10T10:06:17.131+09:00  INFO 14672 --- [jpa-map] [Thread-1] com.zaxxer.hikari.HikariDataSource       : HikariPool-1 - Shutdown initiated...
2026-09-10T10:06:17.159+09:00  INFO 14672 --- [jpa-map] [Thread-1] com.zaxxer.hikari.HikariDataSource       : HikariPool-1 - Shutdown completed.
2026-09-10T10:06:17.424+09:00  INFO 14672 --- [jpa-map] [restartedMain] com.aloha.jpa.JpaApplication             : Starting JpaApplication using Java 17.0.12 with PID 14672 (C:\ALOHA\GITHUB\AIOT7_SPRINGBOOT\jpa-map\bin\main started by Admin in C:\ALOHA\GITHUB\AIOT7_SPRINGBOOT\jpa-map)
2026-09-10T10:06:17.425+09:00 DEBUG 14672 --- [jpa-map] [restartedMain] com.aloha.jpa.JpaApplication             : Running with Spring Boot v4.1.1, Spring v7.0.9
2026-09-10T10:06:17.426+09:00  INFO 14672 --- [jpa-map] [restartedMain] com.aloha.jpa.JpaApplication             : No active profile set, falling back to 1 default profile: "default"
2026-09-10T10:06:17.766+09:00  INFO 14672 --- [jpa-map] [restartedMain] .s.d.r.c.RepositoryConfigurationDelegate : Bootstrapping Spring Data JPA repositories in DEFAULT mode.
2026-09-10T10:06:17.781+09:00  INFO 14672 --- [jpa-map] [restartedMain] .s.d.r.c.RepositoryConfigurationDelegate : Finished Spring Data repository scanning in 12 ms. Found 2 JPA repository interfaces.
2026-09-10T10:06:17.889+09:00  INFO 14672 --- [jpa-map] [restartedMain] o.s.boot.tomcat.TomcatWebServer          : Tomcat initialized with port 8080 (http)
2026-09-10T10:06:17.894+09:00  INFO 14672 --- [jpa-map] [restartedMain] o.apache.catalina.core.StandardService   : Starting service [Tomcat]
2026-09-10T10:06:17.896+09:00  INFO 14672 --- [jpa-map] [restartedMain] o.apache.catalina.core.StandardEngine    : Starting Servlet engine: [Apache Tomcat/11.0.24]
2026-09-10T10:06:17.932+09:00  INFO 14672 --- [jpa-map] [restartedMain] b.w.c.s.WebApplicationContextInitializer : Root WebApplicationContext: initialization completed in 499 ms
2026-09-10T10:06:18.013+09:00  INFO 14672 --- [jpa-map] [restartedMain] org.hibernate.orm.jpa                    : HHH008540: Processing PersistenceUnitInfo [name: default]
2026-09-10T10:06:18.098+09:00  INFO 14672 --- [jpa-map] [restartedMain] o.s.o.j.p.SpringPersistenceUnitInfo      : No LoadTimeWeaver setup: ignoring JPA class transformer
2026-09-10T10:06:18.100+09:00  INFO 14672 --- [jpa-map] [restartedMain] com.zaxxer.hikari.HikariDataSource       : HikariPool-2 - Starting...
2026-09-10T10:06:18.119+09:00  INFO 14672 --- [jpa-map] [restartedMain] com.zaxxer.hikari.pool.HikariPool        : HikariPool-2 - Added connection com.mysql.cj.jdbc.ConnectionImpl@5d97cabf
2026-09-10T10:06:18.120+09:00  INFO 14672 --- [jpa-map] [restartedMain] com.zaxxer.hikari.HikariDataSource       : HikariPool-2 - Start completed.
2026-09-10T10:06:18.125+09:00  INFO 14672 --- [jpa-map] [restartedMain] org.hibernate.orm.connections.pooling    : HHH10001005: Database info:
	Database JDBC URL [jdbc:mysql://localhost:3306/aloha?serverTimezone=Asia/Seoul&allowPublicKeyRetrieval=true&useSSL=false]
	Database driver: MySQL Connector/J
	Database dialect: MySQLDialect
	Database version: 8.0.46
	Default catalog/schema: aloha/undefined
	Autocommit mode: undefined/unknown
	Isolation level: REPEATABLE_READ [default REPEATABLE_READ]
	JDBC fetch size: none
	Pool: DataSourceConnectionProvider
	Minimum pool size: undefined/unknown
	Maximum pool size: undefined/unknown
2026-09-10T10:06:18.216+09:00  INFO 14672 --- [jpa-map] [restartedMain] org.hibernate.orm.core                   : HHH000489: No JTA platform available (set 'hibernate.transaction.jta.platform' to enable JTA platform integration)
2026-09-10T10:06:18.446+09:00  INFO 14672 --- [jpa-map] [restartedMain] j.LocalContainerEntityManagerFactoryBean : Initialized JPA EntityManagerFactory for persistence unit 'default'
2026-09-10T10:06:18.534+09:00  WARN 14672 --- [jpa-map] [restartedMain] JpaBaseConfiguration$JpaWebConfiguration : spring.jpa.open-in-view is enabled by default. Therefore, database queries may be performed during view rendering. Explicitly configure spring.jpa.open-in-view to disable this warning
2026-09-10T10:06:18.625+09:00  INFO 14672 --- [jpa-map] [restartedMain] o.s.boot.tomcat.TomcatWebServer          : Tomcat started on port 8080 (http) with context path '/'
2026-09-10T10:06:18.627+09:00  INFO 14672 --- [jpa-map] [restartedMain] com.aloha.jpa.JpaApplication             : Started JpaApplication in 1.249 seconds (process running for 65.949)
2026-09-10T10:06:18.629+09:00  INFO 14672 --- [jpa-map] [restartedMain] .ConditionEvaluationDeltaLoggingListener : Condition evaluation unchanged
2026-09-10T10:06:37.319+09:00  INFO 14672 --- [jpa-map] [File Watcher] rtingClassPathChangeChangedEventListener : Restarting due to 1 class path change (0 additions, 0 deletions, 1 modification)
2026-09-10T10:06:37.320+09:00  INFO 14672 --- [jpa-map] [Thread-5] o.s.boot.tomcat.GracefulShutdown         : Commencing graceful shutdown. Waiting for active requests to complete
2026-09-10T10:06:37.390+09:00  INFO 14672 --- [jpa-map] [tomcat-shutdown] o.s.boot.tomcat.GracefulShutdown         : Graceful shutdown complete
2026-09-10T10:06:37.392+09:00  INFO 14672 --- [jpa-map] [Thread-5] j.LocalContainerEntityManagerFactoryBean : Closing JPA EntityManagerFactory for persistence unit 'default'
2026-09-10T10:06:37.392+09:00  INFO 14672 --- [jpa-map] [Thread-5] com.zaxxer.hikari.HikariDataSource       : HikariPool-2 - Shutdown initiated...
2026-09-10T10:06:37.394+09:00  INFO 14672 --- [jpa-map] [Thread-5] com.zaxxer.hikari.HikariDataSource       : HikariPool-2 - Shutdown completed.
2026-09-10T10:06:37.503+09:00  INFO 14672 --- [jpa-map] [restartedMain] com.aloha.jpa.JpaApplication             : Starting JpaApplication using Java 17.0.12 with PID 14672 (C:\ALOHA\GITHUB\AIOT7_SPRINGBOOT\jpa-map\bin\main started by Admin in C:\ALOHA\GITHUB\AIOT7_SPRINGBOOT\jpa-map)
2026-09-10T10:06:37.503+09:00 DEBUG 14672 --- [jpa-map] [restartedMain] com.aloha.jpa.JpaApplication             : Running with Spring Boot v4.1.1, Spring v7.0.9
2026-09-10T10:06:37.503+09:00  INFO 14672 --- [jpa-map] [restartedMain] com.aloha.jpa.JpaApplication             : No active profile set, falling back to 1 default profile: "default"
2026-09-10T10:06:37.653+09:00  INFO 14672 --- [jpa-map] [restartedMain] .s.d.r.c.RepositoryConfigurationDelegate : Bootstrapping Spring Data JPA repositories in DEFAULT mode.
2026-09-10T10:06:37.664+09:00  INFO 14672 --- [jpa-map] [restartedMain] .s.d.r.c.RepositoryConfigurationDelegate : Finished Spring Data repository scanning in 9 ms. Found 2 JPA repository interfaces.
2026-09-10T10:06:37.732+09:00  INFO 14672 --- [jpa-map] [restartedMain] o.s.boot.tomcat.TomcatWebServer          : Tomcat initialized with port 8080 (http)
2026-09-10T10:06:37.733+09:00  INFO 14672 --- [jpa-map] [restartedMain] o.apache.catalina.core.StandardService   : Starting service [Tomcat]
2026-09-10T10:06:37.733+09:00  INFO 14672 --- [jpa-map] [restartedMain] o.apache.catalina.core.StandardEngine    : Starting Servlet engine: [Apache Tomcat/11.0.24]
2026-09-10T10:06:37.753+09:00  INFO 14672 --- [jpa-map] [restartedMain] b.w.c.s.WebApplicationContextInitializer : Root WebApplicationContext: initialization completed in 248 ms
2026-09-10T10:06:37.780+09:00  INFO 14672 --- [jpa-map] [restartedMain] org.hibernate.orm.jpa                    : HHH008540: Processing PersistenceUnitInfo [name: default]
2026-09-10T10:06:37.813+09:00  INFO 14672 --- [jpa-map] [restartedMain] o.s.o.j.p.SpringPersistenceUnitInfo      : No LoadTimeWeaver setup: ignoring JPA class transformer
2026-09-10T10:06:37.814+09:00  INFO 14672 --- [jpa-map] [restartedMain] com.zaxxer.hikari.HikariDataSource       : HikariPool-3 - Starting...
2026-09-10T10:06:37.818+09:00  INFO 14672 --- [jpa-map] [restartedMain] com.zaxxer.hikari.pool.HikariPool        : HikariPool-3 - Added connection com.mysql.cj.jdbc.ConnectionImpl@12e4500f
2026-09-10T10:06:37.818+09:00  INFO 14672 --- [jpa-map] [restartedMain] com.zaxxer.hikari.HikariDataSource       : HikariPool-3 - Start completed.
2026-09-10T10:06:37.820+09:00  INFO 14672 --- [jpa-map] [restartedMain] org.hibernate.orm.connections.pooling    : HHH10001005: Database info:
	Database JDBC URL [jdbc:mysql://localhost:3306/aloha?serverTimezone=Asia/Seoul&allowPublicKeyRetrieval=true&useSSL=false]
	Database driver: MySQL Connector/J
	Database dialect: MySQLDialect
	Database version: 8.0.46
	Default catalog/schema: aloha/undefined
	Autocommit mode: undefined/unknown
	Isolation level: REPEATABLE_READ [default REPEATABLE_READ]
	JDBC fetch size: none
	Pool: DataSourceConnectionProvider
	Minimum pool size: undefined/unknown
	Maximum pool size: undefined/unknown
2026-09-10T10:06:37.889+09:00  INFO 14672 --- [jpa-map] [restartedMain] org.hibernate.orm.core                   : HHH000489: No JTA platform available (set 'hibernate.transaction.jta.platform' to enable JTA platform integration)
2026-09-10T10:06:38.031+09:00  INFO 14672 --- [jpa-map] [restartedMain] j.LocalContainerEntityManagerFactoryBean : Initialized JPA EntityManagerFactory for persistence unit 'default'
2026-09-10T10:06:38.129+09:00  WARN 14672 --- [jpa-map] [restartedMain] JpaBaseConfiguration$JpaWebConfiguration : spring.jpa.open-in-view is enabled by default. Therefore, database queries may be performed during view rendering. Explicitly configure spring.jpa.open-in-view to disable this warning
2026-09-10T10:06:38.215+09:00  INFO 14672 --- [jpa-map] [restartedMain] o.s.boot.tomcat.TomcatWebServer          : Tomcat started on port 8080 (http) with context path '/'
2026-09-10T10:06:38.217+09:00  INFO 14672 --- [jpa-map] [restartedMain] com.aloha.jpa.JpaApplication             : Started JpaApplication in 0.739 seconds (process running for 85.539)
2026-09-10T10:06:38.218+09:00  INFO 14672 --- [jpa-map] [restartedMain] .ConditionEvaluationDeltaLoggingListener : Condition evaluation unchanged
2026-09-10T10:06:46.815+09:00  INFO 14672 --- [jpa-map] [File Watcher] rtingClassPathChangeChangedEventListener : Restarting due to 1 class path change (0 additions, 0 deletions, 1 modification)
2026-09-10T10:06:46.816+09:00  INFO 14672 --- [jpa-map] [Thread-9] o.s.boot.tomcat.GracefulShutdown         : Commencing graceful shutdown. Waiting for active requests to complete
2026-09-10T10:06:46.891+09:00  INFO 14672 --- [jpa-map] [tomcat-shutdown] o.s.boot.tomcat.GracefulShutdown         : Graceful shutdown complete
2026-09-10T10:06:46.894+09:00  INFO 14672 --- [jpa-map] [Thread-9] j.LocalContainerEntityManagerFactoryBean : Closing JPA EntityManagerFactory for persistence unit 'default'
2026-09-10T10:06:46.894+09:00  INFO 14672 --- [jpa-map] [Thread-9] com.zaxxer.hikari.HikariDataSource       : HikariPool-3 - Shutdown initiated...
2026-09-10T10:06:46.896+09:00  INFO 14672 --- [jpa-map] [Thread-9] com.zaxxer.hikari.HikariDataSource       : HikariPool-3 - Shutdown completed.
2026-09-10T10:06:46.980+09:00  INFO 14672 --- [jpa-map] [restartedMain] com.aloha.jpa.JpaApplication             : Starting JpaApplication using Java 17.0.12 with PID 14672 (C:\ALOHA\GITHUB\AIOT7_SPRINGBOOT\jpa-map\bin\main started by Admin in C:\ALOHA\GITHUB\AIOT7_SPRINGBOOT\jpa-map)
2026-09-10T10:06:46.981+09:00 DEBUG 14672 --- [jpa-map] [restartedMain] com.aloha.jpa.JpaApplication             : Running with Spring Boot v4.1.1, Spring v7.0.9
2026-09-10T10:06:46.982+09:00  INFO 14672 --- [jpa-map] [restartedMain] com.aloha.jpa.JpaApplication             : No active profile set, falling back to 1 default profile: "default"
2026-09-10T10:06:47.189+09:00  INFO 14672 --- [jpa-map] [restartedMain] .s.d.r.c.RepositoryConfigurationDelegate : Bootstrapping Spring Data JPA repositories in DEFAULT mode.
2026-09-10T10:06:47.213+09:00  INFO 14672 --- [jpa-map] [restartedMain] .s.d.r.c.RepositoryConfigurationDelegate : Finished Spring Data repository scanning in 20 ms. Found 2 JPA repository interfaces.
2026-09-10T10:06:47.332+09:00  INFO 14672 --- [jpa-map] [restartedMain] o.s.boot.tomcat.TomcatWebServer          : Tomcat initialized with port 8080 (http)
2026-09-10T10:06:47.333+09:00  INFO 14672 --- [jpa-map] [restartedMain] o.apache.catalina.core.StandardService   : Starting service [Tomcat]
2026-09-10T10:06:47.333+09:00  INFO 14672 --- [jpa-map] [restartedMain] o.apache.catalina.core.StandardEngine    : Starting Servlet engine: [Apache Tomcat/11.0.24]
2026-09-10T10:06:47.355+09:00  INFO 14672 --- [jpa-map] [restartedMain] b.w.c.s.WebApplicationContextInitializer : Root WebApplicationContext: initialization completed in 371 ms
2026-09-10T10:06:47.397+09:00  INFO 14672 --- [jpa-map] [restartedMain] org.hibernate.orm.jpa                    : HHH008540: Processing PersistenceUnitInfo [name: default]
2026-09-10T10:06:47.438+09:00  INFO 14672 --- [jpa-map] [restartedMain] o.s.o.j.p.SpringPersistenceUnitInfo      : No LoadTimeWeaver setup: ignoring JPA class transformer
2026-09-10T10:06:47.440+09:00  INFO 14672 --- [jpa-map] [restartedMain] com.zaxxer.hikari.HikariDataSource       : HikariPool-4 - Starting...
2026-09-10T10:06:47.444+09:00  INFO 14672 --- [jpa-map] [restartedMain] com.zaxxer.hikari.pool.HikariPool        : HikariPool-4 - Added connection com.mysql.cj.jdbc.ConnectionImpl@21335cd9
2026-09-10T10:06:47.444+09:00  INFO 14672 --- [jpa-map] [restartedMain] com.zaxxer.hikari.HikariDataSource       : HikariPool-4 - Start completed.
2026-09-10T10:06:47.446+09:00  INFO 14672 --- [jpa-map] [restartedMain] org.hibernate.orm.connections.pooling    : HHH10001005: Database info:
	Database JDBC URL [jdbc:mysql://localhost:3306/aloha?serverTimezone=Asia/Seoul&allowPublicKeyRetrieval=true&useSSL=false]
	Database driver: MySQL Connector/J
	Database dialect: MySQLDialect
	Database version: 8.0.46
	Default catalog/schema: aloha/undefined
	Autocommit mode: undefined/unknown
	Isolation level: REPEATABLE_READ [default REPEATABLE_READ]
	JDBC fetch size: none
	Pool: DataSourceConnectionProvider
	Minimum pool size: undefined/unknown
	Maximum pool size: undefined/unknown
2026-09-10T10:06:47.529+09:00  INFO 14672 --- [jpa-map] [restartedMain] org.hibernate.orm.core                   : HHH000489: No JTA platform available (set 'hibernate.transaction.jta.platform' to enable JTA platform integration)
2026-09-10T10:06:47.667+09:00  INFO 14672 --- [jpa-map] [restartedMain] j.LocalContainerEntityManagerFactoryBean : Initialized JPA EntityManagerFactory for persistence unit 'default'
2026-09-10T10:06:47.776+09:00  WARN 14672 --- [jpa-map] [restartedMain] JpaBaseConfiguration$JpaWebConfiguration : spring.jpa.open-in-view is enabled by default. Therefore, database queries may be performed during view rendering. Explicitly configure spring.jpa.open-in-view to disable this warning
2026-09-10T10:06:47.867+09:00  INFO 14672 --- [jpa-map] [restartedMain] o.s.boot.tomcat.TomcatWebServer          : Tomcat started on port 8080 (http) with context path '/'
2026-09-10T10:06:47.869+09:00  INFO 14672 --- [jpa-map] [restartedMain] com.aloha.jpa.JpaApplication             : Started JpaApplication in 0.919 seconds (process running for 95.191)
2026-09-10T10:06:47.871+09:00  INFO 14672 --- [jpa-map] [restartedMain] .ConditionEvaluationDeltaLoggingListener : Condition evaluation unchanged
2026-09-10T10:06:53.524+09:00  INFO 17044 --- [jpa-map] [restartedMain] com.aloha.jpa.JpaApplication             : Starting JpaApplication using Java 17.0.12 with PID 17044 (C:\ALOHA\GITHUB\AIOT7_SPRINGBOOT\jpa-map\bin\main started by Admin in C:\ALOHA\GITHUB\AIOT7_SPRINGBOOT\jpa-map)
2026-09-10T10:06:53.528+09:00 DEBUG 17044 --- [jpa-map] [restartedMain] com.aloha.jpa.JpaApplication             : Running with Spring Boot v4.1.1, Spring v7.0.9
2026-09-10T10:06:53.529+09:00  INFO 17044 --- [jpa-map] [restartedMain] com.aloha.jpa.JpaApplication             : No active profile set, falling back to 1 default profile: "default"
2026-09-10T10:06:53.591+09:00  INFO 17044 --- [jpa-map] [restartedMain] .e.DevToolsPropertyDefaultsPostProcessor : Devtools property defaults active! Set 'spring.devtools.add-properties' to 'false' to disable
2026-09-10T10:06:53.592+09:00  INFO 17044 --- [jpa-map] [restartedMain] .e.DevToolsPropertyDefaultsPostProcessor : For additional web related logging consider setting the 'logging.level.web' property to 'DEBUG'
2026-09-10T10:06:54.263+09:00  INFO 17044 --- [jpa-map] [restartedMain] .s.d.r.c.RepositoryConfigurationDelegate : Bootstrapping Spring Data JPA repositories in DEFAULT mode.
2026-09-10T10:06:54.337+09:00  INFO 17044 --- [jpa-map] [restartedMain] .s.d.r.c.RepositoryConfigurationDelegate : Finished Spring Data repository scanning in 62 ms. Found 2 JPA repository interfaces.
2026-09-10T10:06:54.888+09:00  INFO 17044 --- [jpa-map] [restartedMain] o.s.boot.tomcat.TomcatWebServer          : Tomcat initialized with port 8080 (http)
2026-09-10T10:06:54.904+09:00  INFO 17044 --- [jpa-map] [restartedMain] o.apache.catalina.core.StandardService   : Starting service [Tomcat]
2026-09-10T10:06:54.904+09:00  INFO 17044 --- [jpa-map] [restartedMain] o.apache.catalina.core.StandardEngine    : Starting Servlet engine: [Apache Tomcat/11.0.24]
2026-09-10T10:06:54.966+09:00  INFO 17044 --- [jpa-map] [restartedMain] b.w.c.s.WebApplicationContextInitializer : Root WebApplicationContext: initialization completed in 1373 ms
2026-09-10T10:06:55.168+09:00  INFO 17044 --- [jpa-map] [restartedMain] org.hibernate.orm.jpa                    : HHH008540: Processing PersistenceUnitInfo [name: default]
2026-09-10T10:06:55.234+09:00  INFO 17044 --- [jpa-map] [restartedMain] org.hibernate.orm.core                   : HHH000001: Hibernate ORM core version 7.4.5.Final
2026-09-10T10:06:55.787+09:00  INFO 17044 --- [jpa-map] [restartedMain] o.s.o.j.p.SpringPersistenceUnitInfo      : No LoadTimeWeaver setup: ignoring JPA class transformer
2026-09-10T10:06:55.833+09:00  INFO 17044 --- [jpa-map] [restartedMain] com.zaxxer.hikari.HikariDataSource       : HikariPool-1 - Starting...
2026-09-10T10:06:56.014+09:00  INFO 17044 --- [jpa-map] [restartedMain] com.zaxxer.hikari.pool.HikariPool        : HikariPool-1 - Added connection com.mysql.cj.jdbc.ConnectionImpl@26ac18bc
2026-09-10T10:06:56.016+09:00  INFO 17044 --- [jpa-map] [restartedMain] com.zaxxer.hikari.HikariDataSource       : HikariPool-1 - Start completed.
2026-09-10T10:06:56.108+09:00  INFO 17044 --- [jpa-map] [restartedMain] org.hibernate.orm.connections.pooling    : HHH10001005: Database info:
	Database JDBC URL [jdbc:mysql://localhost:3306/aloha?serverTimezone=Asia/Seoul&allowPublicKeyRetrieval=true&useSSL=false]
	Database driver: MySQL Connector/J
	Database dialect: MySQLDialect
	Database version: 8.0.46
	Default catalog/schema: aloha/undefined
	Autocommit mode: undefined/unknown
	Isolation level: REPEATABLE_READ [default REPEATABLE_READ]
	JDBC fetch size: none
	Pool: DataSourceConnectionProvider
	Minimum pool size: undefined/unknown
	Maximum pool size: undefined/unknown
2026-09-10T10:06:57.155+09:00  INFO 17044 --- [jpa-map] [restartedMain] org.hibernate.orm.core                   : HHH000489: No JTA platform available (set 'hibernate.transaction.jta.platform' to enable JTA platform integration)
2026-09-10T10:06:57.365+09:00  INFO 17044 --- [jpa-map] [restartedMain] j.LocalContainerEntityManagerFactoryBean : Initialized JPA EntityManagerFactory for persistence unit 'default'
2026-09-10T10:06:57.448+09:00  INFO 17044 --- [jpa-map] [restartedMain] o.s.d.j.r.query.QueryEnhancerFactories   : Hibernate is in classpath; If applicable, HQL parser will be used.
2026-09-10T10:06:57.779+09:00  WARN 17044 --- [jpa-map] [restartedMain] JpaBaseConfiguration$JpaWebConfiguration : spring.jpa.open-in-view is enabled by default. Therefore, database queries may be performed during view rendering. Explicitly configure spring.jpa.open-in-view to disable this warning
2026-09-10T10:06:58.342+09:00  INFO 17044 --- [jpa-map] [restartedMain] o.s.boot.tomcat.TomcatWebServer          : Tomcat started on port 8080 (http) with context path '/'
2026-09-10T10:06:58.349+09:00  INFO 17044 --- [jpa-map] [restartedMain] com.aloha.jpa.JpaApplication             : Started JpaApplication in 5.354 seconds (process running for 6.062)
2026-09-10T10:07:22.742+09:00  INFO 14944 --- [jpa-map] [restartedMain] com.aloha.jpa.JpaApplication             : Starting JpaApplication using Java 17.0.12 with PID 14944 (C:\ALOHA\GITHUB\AIOT7_SPRINGBOOT\jpa-map\bin\main started by Admin in C:\ALOHA\GITHUB\AIOT7_SPRINGBOOT\jpa-map)
2026-09-10T10:07:22.747+09:00 DEBUG 14944 --- [jpa-map] [restartedMain] com.aloha.jpa.JpaApplication             : Running with Spring Boot v4.1.1, Spring v7.0.9
2026-09-10T10:07:22.748+09:00  INFO 14944 --- [jpa-map] [restartedMain] com.aloha.jpa.JpaApplication             : No active profile set, falling back to 1 default profile: "default"
2026-09-10T10:07:22.808+09:00  INFO 14944 --- [jpa-map] [restartedMain] .e.DevToolsPropertyDefaultsPostProcessor : Devtools property defaults active! Set 'spring.devtools.add-properties' to 'false' to disable
2026-09-10T10:07:22.808+09:00  INFO 14944 --- [jpa-map] [restartedMain] .e.DevToolsPropertyDefaultsPostProcessor : For additional web related logging consider setting the 'logging.level.web' property to 'DEBUG'
2026-09-10T10:07:23.584+09:00  INFO 14944 --- [jpa-map] [restartedMain] .s.d.r.c.RepositoryConfigurationDelegate : Bootstrapping Spring Data JPA repositories in DEFAULT mode.
2026-09-10T10:07:23.664+09:00  INFO 14944 --- [jpa-map] [restartedMain] .s.d.r.c.RepositoryConfigurationDelegate : Finished Spring Data repository scanning in 67 ms. Found 2 JPA repository interfaces.
2026-09-10T10:07:24.195+09:00  INFO 14944 --- [jpa-map] [restartedMain] o.s.boot.tomcat.TomcatWebServer          : Tomcat initialized with port 8080 (http)
2026-09-10T10:07:24.210+09:00  INFO 14944 --- [jpa-map] [restartedMain] o.apache.catalina.core.StandardService   : Starting service [Tomcat]
2026-09-10T10:07:24.211+09:00  INFO 14944 --- [jpa-map] [restartedMain] o.apache.catalina.core.StandardEngine    : Starting Servlet engine: [Apache Tomcat/11.0.24]
2026-09-10T10:07:24.268+09:00  INFO 14944 --- [jpa-map] [restartedMain] b.w.c.s.WebApplicationContextInitializer : Root WebApplicationContext: initialization completed in 1459 ms
2026-09-10T10:07:24.470+09:00  INFO 14944 --- [jpa-map] [restartedMain] org.hibernate.orm.jpa                    : HHH008540: Processing PersistenceUnitInfo [name: default]
2026-09-10T10:07:24.533+09:00  INFO 14944 --- [jpa-map] [restartedMain] org.hibernate.orm.core                   : HHH000001: Hibernate ORM core version 7.4.5.Final
2026-09-10T10:07:25.049+09:00  INFO 14944 --- [jpa-map] [restartedMain] o.s.o.j.p.SpringPersistenceUnitInfo      : No LoadTimeWeaver setup: ignoring JPA class transformer
2026-09-10T10:07:25.091+09:00  INFO 14944 --- [jpa-map] [restartedMain] com.zaxxer.hikari.HikariDataSource       : HikariPool-1 - Starting...
2026-09-10T10:07:25.262+09:00  INFO 14944 --- [jpa-map] [restartedMain] com.zaxxer.hikari.pool.HikariPool        : HikariPool-1 - Added connection com.mysql.cj.jdbc.ConnectionImpl@44308886
2026-09-10T10:07:25.263+09:00  INFO 14944 --- [jpa-map] [restartedMain] com.zaxxer.hikari.HikariDataSource       : HikariPool-1 - Start completed.
2026-09-10T10:07:25.349+09:00  INFO 14944 --- [jpa-map] [restartedMain] org.hibernate.orm.connections.pooling    : HHH10001005: Database info:
	Database JDBC URL [jdbc:mysql://localhost:3306/aloha?serverTimezone=Asia/Seoul&allowPublicKeyRetrieval=true&useSSL=false]
	Database driver: MySQL Connector/J
	Database dialect: MySQLDialect
	Database version: 8.0.46
	Default catalog/schema: aloha/undefined
	Autocommit mode: undefined/unknown
	Isolation level: REPEATABLE_READ [default REPEATABLE_READ]
	JDBC fetch size: none
	Pool: DataSourceConnectionProvider
	Minimum pool size: undefined/unknown
	Maximum pool size: undefined/unknown
2026-09-10T10:07:26.544+09:00  INFO 14944 --- [jpa-map] [restartedMain] org.hibernate.orm.core                   : HHH000489: No JTA platform available (set 'hibernate.transaction.jta.platform' to enable JTA platform integration)
2026-09-10T10:07:26.600+09:00  WARN 14944 --- [jpa-map] [restartedMain] o.h.t.s.i.ExceptionHandlerLoggedImpl     : GenerationTarget encountered exception accepting command : Error executing DDL "
    alter table order_item 
       drop 
       foreign key FK64yctpiamtrlkbdp6lc626cy3" via JDBC [Table 'aloha.order_item' doesn't exist]

org.hibernate.tool.schema.spi.CommandAcceptanceException: Error executing DDL "
    alter table order_item 
       drop 
       foreign key FK64yctpiamtrlkbdp6lc626cy3" via JDBC [Table 'aloha.order_item' doesn't exist]
	at org.hibernate.tool.schema.internal.exec.GenerationTargetToDatabase.accept(GenerationTargetToDatabase.java:91) ~[hibernate-core-7.4.5.Final.jar:7.4.5.Final]
	at org.hibernate.tool.schema.internal.Helper.applySqlString(Helper.java:218) ~[hibernate-core-7.4.5.Final.jar:7.4.5.Final]
	at org.hibernate.tool.schema.internal.Helper.applySqlStrings(Helper.java:204) ~[hibernate-core-7.4.5.Final.jar:7.4.5.Final]
	at org.hibernate.tool.schema.internal.SchemaDropperImpl.applyConstraintDropping(SchemaDropperImpl.java:473) ~[hibernate-core-7.4.5.Final.jar:7.4.5.Final]
	at org.hibernate.tool.schema.internal.SchemaDropperImpl.dropConstraintsTablesSequences(SchemaDropperImpl.java:237) ~[hibernate-core-7.4.5.Final.jar:7.4.5.Final]
	at org.hibernate.tool.schema.internal.SchemaDropperImpl.dropFromMetadata(SchemaDropperImpl.java:210) ~[hibernate-core-7.4.5.Final.jar:7.4.5.Final]
	at org.hibernate.tool.schema.internal.SchemaDropperImpl.performDrop(SchemaDropperImpl.java:182) ~[hibernate-core-7.4.5.Final.jar:7.4.5.Final]
	at org.hibernate.tool.schema.internal.SchemaDropperImpl.doDrop(SchemaDropperImpl.java:152) ~[hibernate-core-7.4.5.Final.jar:7.4.5.Final]
	at org.hibernate.tool.schema.internal.SchemaDropperImpl.doDrop(SchemaDropperImpl.java:112) ~[hibernate-core-7.4.5.Final.jar:7.4.5.Final]
	at org.hibernate.tool.schema.spi.SchemaManagementToolCoordinator.performDatabaseAction(SchemaManagementToolCoordinator.java:227) ~[hibernate-core-7.4.5.Final.jar:7.4.5.Final]
	at org.hibernate.tool.schema.spi.SchemaManagementToolCoordinator.lambda$process$1(SchemaManagementToolCoordinator.java:101) ~[hibernate-core-7.4.5.Final.jar:7.4.5.Final]
	at java.base/java.util.HashMap.forEach(HashMap.java:1421) ~[na:na]
	at org.hibernate.tool.schema.spi.SchemaManagementToolCoordinator.process(SchemaManagementToolCoordinator.java:100) ~[hibernate-core-7.4.5.Final.jar:7.4.5.Final]
	at org.hibernate.boot.internal.SessionFactoryObserverForSchemaExport.sessionFactoryCreated(SessionFactoryObserverForSchemaExport.java:35) ~[hibernate-core-7.4.5.Final.jar:7.4.5.Final]
	at org.hibernate.internal.SessionFactoryObserverChain.sessionFactoryCreated(SessionFactoryObserverChain.java:33) ~[hibernate-core-7.4.5.Final.jar:7.4.5.Final]
	at org.hibernate.internal.SessionFactoryImpl.<init>(SessionFactoryImpl.java:327) ~[hibernate-core-7.4.5.Final.jar:7.4.5.Final]
	at org.hibernate.internal.SessionFactoryRegistry.instantiateSessionFactory(SessionFactoryRegistry.java:64) ~[hibernate-core-7.4.5.Final.jar:7.4.5.Final]
	at org.hibernate.boot.internal.SessionFactoryBuilderImpl.build(SessionFactoryBuilderImpl.java:458) ~[hibernate-core-7.4.5.Final.jar:7.4.5.Final]
	at org.hibernate.jpa.boot.internal.EntityManagerFactoryBuilderImpl.build(EntityManagerFactoryBuilderImpl.java:1452) ~[hibernate-core-7.4.5.Final.jar:7.4.5.Final]
	at org.springframework.orm.jpa.vendor.SpringHibernateJpaPersistenceProvider.createContainerEntityManagerFactory(SpringHibernateJpaPersistenceProvider.java:93) ~[spring-orm-7.0.9.jar:7.0.9]
	at org.springframework.orm.jpa.LocalContainerEntityManagerFactoryBean.createNativeEntityManagerFactory(LocalContainerEntityManagerFactoryBean.java:443) ~[spring-orm-7.0.9.jar:7.0.9]
	at org.springframework.orm.jpa.AbstractEntityManagerFactoryBean.buildNativeEntityManagerFactory(AbstractEntityManagerFactoryBean.java:436) ~[spring-orm-7.0.9.jar:7.0.9]
	at org.springframework.orm.jpa.AbstractEntityManagerFactoryBean.afterPropertiesSet(AbstractEntityManagerFactoryBean.java:411) ~[spring-orm-7.0.9.jar:7.0.9]
	at org.springframework.orm.jpa.LocalContainerEntityManagerFactoryBean.afterPropertiesSet(LocalContainerEntityManagerFactoryBean.java:419) ~[spring-orm-7.0.9.jar:7.0.9]
	at org.springframework.beans.factory.support.AbstractAutowireCapableBeanFactory.invokeInitMethods(AbstractAutowireCapableBeanFactory.java:1862) ~[spring-beans-7.0.9.jar:7.0.9]
	at org.springframework.beans.factory.support.AbstractAutowireCapableBeanFactory.initializeBean(AbstractAutowireCapableBeanFactory.java:1811) ~[spring-beans-7.0.9.jar:7.0.9]
	at org.springframework.beans.factory.support.AbstractAutowireCapableBeanFactory.doCreateBean(AbstractAutowireCapableBeanFactory.java:603) ~[spring-beans-7.0.9.jar:7.0.9]
	at org.springframework.beans.factory.support.AbstractAutowireCapableBeanFactory.createBean(AbstractAutowireCapableBeanFactory.java:525) ~[spring-beans-7.0.9.jar:7.0.9]
	at org.springframework.beans.factory.support.AbstractBeanFactory.lambda$doGetBean$0(AbstractBeanFactory.java:333) ~[spring-beans-7.0.9.jar:7.0.9]
	at org.springframework.beans.factory.support.DefaultSingletonBeanRegistry.getSingleton(DefaultSingletonBeanRegistry.java:371) ~[spring-beans-7.0.9.jar:7.0.9]
	at org.springframework.beans.factory.support.AbstractBeanFactory.doGetBean(AbstractBeanFactory.java:331) ~[spring-beans-7.0.9.jar:7.0.9]
	at org.springframework.beans.factory.support.AbstractBeanFactory.getBean(AbstractBeanFactory.java:201) ~[spring-beans-7.0.9.jar:7.0.9]
	at org.springframework.context.support.AbstractApplicationContext.finishBeanFactoryInitialization(AbstractApplicationContext.java:977) ~[spring-context-7.0.9.jar:7.0.9]
	at org.springframework.context.support.AbstractApplicationContext.refresh(AbstractApplicationContext.java:621) ~[spring-context-7.0.9.jar:7.0.9]
	at org.springframework.boot.web.server.servlet.context.ServletWebServerApplicationContext.refresh(ServletWebServerApplicationContext.java:143) ~[spring-boot-web-server-4.1.1.jar:4.1.1]
	at org.springframework.boot.SpringApplication.refresh(SpringApplication.java:756) ~[spring-boot-4.1.1.jar:4.1.1]
	at org.springframework.boot.SpringApplication.refreshContext(SpringApplication.java:445) ~[spring-boot-4.1.1.jar:4.1.1]
	at org.springframework.boot.SpringApplication.run(SpringApplication.java:321) ~[spring-boot-4.1.1.jar:4.1.1]
	at org.springframework.boot.SpringApplication.run(SpringApplication.java:1365) ~[spring-boot-4.1.1.jar:4.1.1]
	at org.springframework.boot.SpringApplication.run(SpringApplication.java:1354) ~[spring-boot-4.1.1.jar:4.1.1]
	at com.aloha.jpa.JpaApplication.main(JpaApplication.java:10) ~[main/:na]
	at java.base/jdk.internal.reflect.NativeMethodAccessorImpl.invoke0(Native Method) ~[na:na]
	at java.base/jdk.internal.reflect.NativeMethodAccessorImpl.invoke(NativeMethodAccessorImpl.java:77) ~[na:na]
	at java.base/jdk.internal.reflect.DelegatingMethodAccessorImpl.invoke(DelegatingMethodAccessorImpl.java:43) ~[na:na]
	at java.base/java.lang.reflect.Method.invoke(Method.java:568) ~[na:na]
	at org.springframework.boot.devtools.restart.RestartLauncher.run(RestartLauncher.java:52) ~[spring-boot-devtools-4.1.1.jar:4.1.1]
Caused by: java.sql.SQLSyntaxErrorException: Table 'aloha.order_item' doesn't exist
	at com.mysql.cj.jdbc.exceptions.SQLError.createSQLException(SQLError.java:112) ~[mysql-connector-j-9.7.0.jar:9.7.0]
	at com.mysql.cj.jdbc.exceptions.SQLExceptionsMapping.translateException(SQLExceptionsMapping.java:114) ~[mysql-connector-j-9.7.0.jar:9.7.0]
	at com.mysql.cj.jdbc.StatementImpl.executeInternal(StatementImpl.java:839) ~[mysql-connector-j-9.7.0.jar:9.7.0]
	at com.mysql.cj.jdbc.StatementImpl.execute(StatementImpl.java:687) ~[mysql-connector-j-9.7.0.jar:9.7.0]
	at com.zaxxer.hikari.pool.ProxyStatement.execute(ProxyStatement.java:95) ~[HikariCP-7.0.2.jar:na]
	at com.zaxxer.hikari.pool.HikariProxyStatement.execute(HikariProxyStatement.java) ~[HikariCP-7.0.2.jar:na]
	at org.hibernate.tool.schema.internal.exec.GenerationTargetToDatabase.accept(GenerationTargetToDatabase.java:86) ~[hibernate-core-7.4.5.Final.jar:7.4.5.Final]
	... 45 common frames omitted

2026-09-10T10:07:26.734+09:00  INFO 14944 --- [jpa-map] [restartedMain] j.LocalContainerEntityManagerFactoryBean : Initialized JPA EntityManagerFactory for persistence unit 'default'
2026-09-10T10:07:26.830+09:00  INFO 14944 --- [jpa-map] [restartedMain] o.s.d.j.r.query.QueryEnhancerFactories   : Hibernate is in classpath; If applicable, HQL parser will be used.
2026-09-10T10:07:27.264+09:00  WARN 14944 --- [jpa-map] [restartedMain] JpaBaseConfiguration$JpaWebConfiguration : spring.jpa.open-in-view is enabled by default. Therefore, database queries may be performed during view rendering. Explicitly configure spring.jpa.open-in-view to disable this warning
2026-09-10T10:07:27.696+09:00  INFO 14944 --- [jpa-map] [restartedMain] o.s.boot.tomcat.TomcatWebServer          : Tomcat started on port 8080 (http) with context path '/'
2026-09-10T10:07:27.703+09:00  INFO 14944 --- [jpa-map] [restartedMain] com.aloha.jpa.JpaApplication             : Started JpaApplication in 5.482 seconds (process running for 6.305)
2026-09-10T10:07:52.540+09:00  INFO 14944 --- [jpa-map] [File Watcher] rtingClassPathChangeChangedEventListener : Restarting due to 1 class path change (0 additions, 0 deletions, 1 modification)
2026-09-10T10:07:52.545+09:00  INFO 14944 --- [jpa-map] [Thread-1] o.s.boot.tomcat.GracefulShutdown         : Commencing graceful shutdown. Waiting for active requests to complete
2026-09-10T10:07:52.640+09:00  INFO 14944 --- [jpa-map] [tomcat-shutdown] o.s.boot.tomcat.GracefulShutdown         : Graceful shutdown complete
2026-09-10T10:07:52.645+09:00  INFO 14944 --- [jpa-map] [Thread-1] j.LocalContainerEntityManagerFactoryBean : Closing JPA EntityManagerFactory for persistence unit 'default'
2026-09-10T10:07:52.650+09:00  INFO 14944 --- [jpa-map] [Thread-1] com.zaxxer.hikari.HikariDataSource       : HikariPool-1 - Shutdown initiated...
2026-09-10T10:07:52.657+09:00  INFO 14944 --- [jpa-map] [Thread-1] com.zaxxer.hikari.HikariDataSource       : HikariPool-1 - Shutdown completed.
2026-09-10T10:07:52.787+09:00  INFO 14944 --- [jpa-map] [restartedMain] com.aloha.jpa.JpaApplication             : Starting JpaApplication using Java 17.0.12 with PID 14944 (C:\ALOHA\GITHUB\AIOT7_SPRINGBOOT\jpa-map\bin\main started by Admin in C:\ALOHA\GITHUB\AIOT7_SPRINGBOOT\jpa-map)
2026-09-10T10:07:52.788+09:00 DEBUG 14944 --- [jpa-map] [restartedMain] com.aloha.jpa.JpaApplication             : Running with Spring Boot v4.1.1, Spring v7.0.9
2026-09-10T10:07:52.788+09:00  INFO 14944 --- [jpa-map] [restartedMain] com.aloha.jpa.JpaApplication             : No active profile set, falling back to 1 default profile: "default"
2026-09-10T10:07:52.991+09:00  INFO 14944 --- [jpa-map] [restartedMain] .s.d.r.c.RepositoryConfigurationDelegate : Bootstrapping Spring Data JPA repositories in DEFAULT mode.
2026-09-10T10:07:53.005+09:00  INFO 14944 --- [jpa-map] [restartedMain] .s.d.r.c.RepositoryConfigurationDelegate : Finished Spring Data repository scanning in 12 ms. Found 2 JPA repository interfaces.
2026-09-10T10:07:53.197+09:00  INFO 14944 --- [jpa-map] [restartedMain] o.s.boot.tomcat.TomcatWebServer          : Tomcat initialized with port 8080 (http)
2026-09-10T10:07:53.204+09:00  INFO 14944 --- [jpa-map] [restartedMain] o.apache.catalina.core.StandardService   : Starting service [Tomcat]
2026-09-10T10:07:53.205+09:00  INFO 14944 --- [jpa-map] [restartedMain] o.apache.catalina.core.StandardEngine    : Starting Servlet engine: [Apache Tomcat/11.0.24]
2026-09-10T10:07:53.242+09:00  INFO 14944 --- [jpa-map] [restartedMain] b.w.c.s.WebApplicationContextInitializer : Root WebApplicationContext: initialization completed in 452 ms
2026-09-10T10:07:53.331+09:00  INFO 14944 --- [jpa-map] [restartedMain] org.hibernate.orm.jpa                    : HHH008540: Processing PersistenceUnitInfo [name: default]
2026-09-10T10:07:53.370+09:00  INFO 14944 --- [jpa-map] [restartedMain] o.s.o.j.p.SpringPersistenceUnitInfo      : No LoadTimeWeaver setup: ignoring JPA class transformer
2026-09-10T10:07:53.371+09:00  INFO 14944 --- [jpa-map] [restartedMain] com.zaxxer.hikari.HikariDataSource       : HikariPool-2 - Starting...
2026-09-10T10:07:53.375+09:00  INFO 14944 --- [jpa-map] [restartedMain] com.zaxxer.hikari.pool.HikariPool        : HikariPool-2 - Added connection com.mysql.cj.jdbc.ConnectionImpl@3e0e8093
2026-09-10T10:07:53.376+09:00  INFO 14944 --- [jpa-map] [restartedMain] com.zaxxer.hikari.HikariDataSource       : HikariPool-2 - Start completed.
2026-09-10T10:07:53.378+09:00  INFO 14944 --- [jpa-map] [restartedMain] org.hibernate.orm.connections.pooling    : HHH10001005: Database info:
	Database JDBC URL [jdbc:mysql://localhost:3306/aloha?serverTimezone=Asia/Seoul&allowPublicKeyRetrieval=true&useSSL=false]
	Database driver: MySQL Connector/J
	Database dialect: MySQLDialect
	Database version: 8.0.46
	Default catalog/schema: aloha/undefined
	Autocommit mode: undefined/unknown
	Isolation level: REPEATABLE_READ [default REPEATABLE_READ]
	JDBC fetch size: none
	Pool: DataSourceConnectionProvider
	Minimum pool size: undefined/unknown
	Maximum pool size: undefined/unknown
2026-09-10T10:07:53.444+09:00  INFO 14944 --- [jpa-map] [restartedMain] org.hibernate.orm.core                   : HHH000489: No JTA platform available (set 'hibernate.transaction.jta.platform' to enable JTA platform integration)
2026-09-10T10:07:53.596+09:00  INFO 14944 --- [jpa-map] [restartedMain] j.LocalContainerEntityManagerFactoryBean : Initialized JPA EntityManagerFactory for persistence unit 'default'
2026-09-10T10:07:53.694+09:00  WARN 14944 --- [jpa-map] [restartedMain] JpaBaseConfiguration$JpaWebConfiguration : spring.jpa.open-in-view is enabled by default. Therefore, database queries may be performed during view rendering. Explicitly configure spring.jpa.open-in-view to disable this warning
2026-09-10T10:07:53.804+09:00  INFO 14944 --- [jpa-map] [restartedMain] o.s.boot.tomcat.TomcatWebServer          : Tomcat started on port 8080 (http) with context path '/'
2026-09-10T10:07:53.808+09:00  INFO 14944 --- [jpa-map] [restartedMain] com.aloha.jpa.JpaApplication             : Started JpaApplication in 1.056 seconds (process running for 32.41)
2026-09-10T10:07:53.810+09:00  INFO 14944 --- [jpa-map] [restartedMain] .ConditionEvaluationDeltaLoggingListener : Condition evaluation unchanged
2026-09-10T10:07:55.215+09:00  INFO 14944 --- [jpa-map] [File Watcher] rtingClassPathChangeChangedEventListener : Restarting due to 1 class path change (0 additions, 0 deletions, 1 modification)
2026-09-10T10:07:55.216+09:00  INFO 14944 --- [jpa-map] [Thread-5] o.s.boot.tomcat.GracefulShutdown         : Commencing graceful shutdown. Waiting for active requests to complete
2026-09-10T10:07:55.291+09:00  INFO 14944 --- [jpa-map] [tomcat-shutdown] o.s.boot.tomcat.GracefulShutdown         : Graceful shutdown complete
2026-09-10T10:07:55.293+09:00  INFO 14944 --- [jpa-map] [Thread-5] j.LocalContainerEntityManagerFactoryBean : Closing JPA EntityManagerFactory for persistence unit 'default'
2026-09-10T10:07:55.294+09:00  INFO 14944 --- [jpa-map] [Thread-5] com.zaxxer.hikari.HikariDataSource       : HikariPool-2 - Shutdown initiated...
2026-09-10T10:07:55.296+09:00  INFO 14944 --- [jpa-map] [Thread-5] com.zaxxer.hikari.HikariDataSource       : HikariPool-2 - Shutdown completed.
2026-09-10T10:07:55.444+09:00  INFO 14944 --- [jpa-map] [restartedMain] com.aloha.jpa.JpaApplication             : Starting JpaApplication using Java 17.0.12 with PID 14944 (C:\ALOHA\GITHUB\AIOT7_SPRINGBOOT\jpa-map\bin\main started by Admin in C:\ALOHA\GITHUB\AIOT7_SPRINGBOOT\jpa-map)
2026-09-10T10:07:55.445+09:00 DEBUG 14944 --- [jpa-map] [restartedMain] com.aloha.jpa.JpaApplication             : Running with Spring Boot v4.1.1, Spring v7.0.9
2026-09-10T10:07:55.445+09:00  INFO 14944 --- [jpa-map] [restartedMain] com.aloha.jpa.JpaApplication             : No active profile set, falling back to 1 default profile: "default"
2026-09-10T10:07:55.622+09:00  INFO 14944 --- [jpa-map] [restartedMain] .s.d.r.c.RepositoryConfigurationDelegate : Bootstrapping Spring Data JPA repositories in DEFAULT mode.
2026-09-10T10:07:55.639+09:00  INFO 14944 --- [jpa-map] [restartedMain] .s.d.r.c.RepositoryConfigurationDelegate : Finished Spring Data repository scanning in 14 ms. Found 2 JPA repository interfaces.
2026-09-10T10:07:55.732+09:00  INFO 14944 --- [jpa-map] [restartedMain] o.s.boot.tomcat.TomcatWebServer          : Tomcat initialized with port 8080 (http)
2026-09-10T10:07:55.733+09:00  INFO 14944 --- [jpa-map] [restartedMain] o.apache.catalina.core.StandardService   : Starting service [Tomcat]
2026-09-10T10:07:55.733+09:00  INFO 14944 --- [jpa-map] [restartedMain] o.apache.catalina.core.StandardEngine    : Starting Servlet engine: [Apache Tomcat/11.0.24]
2026-09-10T10:07:55.757+09:00  INFO 14944 --- [jpa-map] [restartedMain] b.w.c.s.WebApplicationContextInitializer : Root WebApplicationContext: initialization completed in 310 ms
2026-09-10T10:07:55.799+09:00  INFO 14944 --- [jpa-map] [restartedMain] org.hibernate.orm.jpa                    : HHH008540: Processing PersistenceUnitInfo [name: default]
2026-09-10T10:07:55.832+09:00  INFO 14944 --- [jpa-map] [restartedMain] o.s.o.j.p.SpringPersistenceUnitInfo      : No LoadTimeWeaver setup: ignoring JPA class transformer
2026-09-10T10:07:55.835+09:00  INFO 14944 --- [jpa-map] [restartedMain] com.zaxxer.hikari.HikariDataSource       : HikariPool-3 - Starting...
2026-09-10T10:07:55.841+09:00  INFO 14944 --- [jpa-map] [restartedMain] com.zaxxer.hikari.pool.HikariPool        : HikariPool-3 - Added connection com.mysql.cj.jdbc.ConnectionImpl@1129320f
2026-09-10T10:07:55.841+09:00  INFO 14944 --- [jpa-map] [restartedMain] com.zaxxer.hikari.HikariDataSource       : HikariPool-3 - Start completed.
2026-09-10T10:07:55.845+09:00  INFO 14944 --- [jpa-map] [restartedMain] org.hibernate.orm.connections.pooling    : HHH10001005: Database info:
	Database JDBC URL [jdbc:mysql://localhost:3306/aloha?serverTimezone=Asia/Seoul&allowPublicKeyRetrieval=true&useSSL=false]
	Database driver: MySQL Connector/J
	Database dialect: MySQLDialect
	Database version: 8.0.46
	Default catalog/schema: aloha/undefined
	Autocommit mode: undefined/unknown
	Isolation level: REPEATABLE_READ [default REPEATABLE_READ]
	JDBC fetch size: none
	Pool: DataSourceConnectionProvider
	Minimum pool size: undefined/unknown
	Maximum pool size: undefined/unknown
2026-09-10T10:07:55.922+09:00  INFO 14944 --- [jpa-map] [restartedMain] org.hibernate.orm.core                   : HHH000489: No JTA platform available (set 'hibernate.transaction.jta.platform' to enable JTA platform integration)
2026-09-10T10:07:56.053+09:00  INFO 14944 --- [jpa-map] [restartedMain] j.LocalContainerEntityManagerFactoryBean : Initialized JPA EntityManagerFactory for persistence unit 'default'
2026-09-10T10:07:56.173+09:00  WARN 14944 --- [jpa-map] [restartedMain] JpaBaseConfiguration$JpaWebConfiguration : spring.jpa.open-in-view is enabled by default. Therefore, database queries may be performed during view rendering. Explicitly configure spring.jpa.open-in-view to disable this warning
2026-09-10T10:07:56.283+09:00  INFO 14944 --- [jpa-map] [restartedMain] o.s.boot.tomcat.TomcatWebServer          : Tomcat started on port 8080 (http) with context path '/'
2026-09-10T10:07:56.288+09:00  INFO 14944 --- [jpa-map] [restartedMain] com.aloha.jpa.JpaApplication             : Started JpaApplication in 0.889 seconds (process running for 34.889)
2026-09-10T10:07:56.290+09:00  INFO 14944 --- [jpa-map] [restartedMain] .ConditionEvaluationDeltaLoggingListener : Condition evaluation unchanged
2026-09-10T10:09:22.893+09:00  INFO 14944 --- [jpa-map] [File Watcher] rtingClassPathChangeChangedEventListener : Restarting due to 1 class path change (0 additions, 0 deletions, 1 modification)
2026-09-10T10:09:22.895+09:00  INFO 14944 --- [jpa-map] [Thread-9] o.s.boot.tomcat.GracefulShutdown         : Commencing graceful shutdown. Waiting for active requests to complete
2026-09-10T10:09:22.975+09:00  INFO 14944 --- [jpa-map] [tomcat-shutdown] o.s.boot.tomcat.GracefulShutdown         : Graceful shutdown complete
2026-09-10T10:09:22.977+09:00  INFO 14944 --- [jpa-map] [Thread-9] j.LocalContainerEntityManagerFactoryBean : Closing JPA EntityManagerFactory for persistence unit 'default'
2026-09-10T10:09:22.978+09:00  INFO 14944 --- [jpa-map] [Thread-9] com.zaxxer.hikari.HikariDataSource       : HikariPool-3 - Shutdown initiated...
2026-09-10T10:09:22.979+09:00  INFO 14944 --- [jpa-map] [Thread-9] com.zaxxer.hikari.HikariDataSource       : HikariPool-3 - Shutdown completed.
2026-09-10T10:09:23.064+09:00  INFO 14944 --- [jpa-map] [restartedMain] com.aloha.jpa.JpaApplication             : Starting JpaApplication using Java 17.0.12 with PID 14944 (C:\ALOHA\GITHUB\AIOT7_SPRINGBOOT\jpa-map\bin\main started by Admin in C:\ALOHA\GITHUB\AIOT7_SPRINGBOOT\jpa-map)
2026-09-10T10:09:23.065+09:00 DEBUG 14944 --- [jpa-map] [restartedMain] com.aloha.jpa.JpaApplication             : Running with Spring Boot v4.1.1, Spring v7.0.9
2026-09-10T10:09:23.066+09:00  INFO 14944 --- [jpa-map] [restartedMain] com.aloha.jpa.JpaApplication             : No active profile set, falling back to 1 default profile: "default"
2026-09-10T10:09:23.305+09:00  INFO 14944 --- [jpa-map] [restartedMain] .s.d.r.c.RepositoryConfigurationDelegate : Bootstrapping Spring Data JPA repositories in DEFAULT mode.
2026-09-10T10:09:23.324+09:00  INFO 14944 --- [jpa-map] [restartedMain] .s.d.r.c.RepositoryConfigurationDelegate : Finished Spring Data repository scanning in 18 ms. Found 2 JPA repository interfaces.
2026-09-10T10:09:23.423+09:00  INFO 14944 --- [jpa-map] [restartedMain] o.s.boot.tomcat.TomcatWebServer          : Tomcat initialized with port 8080 (http)
2026-09-10T10:09:23.424+09:00  INFO 14944 --- [jpa-map] [restartedMain] o.apache.catalina.core.StandardService   : Starting service [Tomcat]
2026-09-10T10:09:23.425+09:00  INFO 14944 --- [jpa-map] [restartedMain] o.apache.catalina.core.StandardEngine    : Starting Servlet engine: [Apache Tomcat/11.0.24]
2026-09-10T10:09:23.450+09:00  INFO 14944 --- [jpa-map] [restartedMain] b.w.c.s.WebApplicationContextInitializer : Root WebApplicationContext: initialization completed in 380 ms
2026-09-10T10:09:23.489+09:00  INFO 14944 --- [jpa-map] [restartedMain] org.hibernate.orm.jpa                    : HHH008540: Processing PersistenceUnitInfo [name: default]
2026-09-10T10:09:23.538+09:00  INFO 14944 --- [jpa-map] [restartedMain] o.s.o.j.p.SpringPersistenceUnitInfo      : No LoadTimeWeaver setup: ignoring JPA class transformer
2026-09-10T10:09:23.540+09:00  INFO 14944 --- [jpa-map] [restartedMain] com.zaxxer.hikari.HikariDataSource       : HikariPool-4 - Starting...
2026-09-10T10:09:23.547+09:00  INFO 14944 --- [jpa-map] [restartedMain] com.zaxxer.hikari.pool.HikariPool        : HikariPool-4 - Added connection com.mysql.cj.jdbc.ConnectionImpl@48623365
2026-09-10T10:09:23.547+09:00  INFO 14944 --- [jpa-map] [restartedMain] com.zaxxer.hikari.HikariDataSource       : HikariPool-4 - Start completed.
2026-09-10T10:09:23.549+09:00  INFO 14944 --- [jpa-map] [restartedMain] org.hibernate.orm.connections.pooling    : HHH10001005: Database info:
	Database JDBC URL [jdbc:mysql://localhost:3306/aloha?serverTimezone=Asia/Seoul&allowPublicKeyRetrieval=true&useSSL=false]
	Database driver: MySQL Connector/J
	Database dialect: MySQLDialect
	Database version: 8.0.46
	Default catalog/schema: aloha/undefined
	Autocommit mode: undefined/unknown
	Isolation level: REPEATABLE_READ [default REPEATABLE_READ]
	JDBC fetch size: none
	Pool: DataSourceConnectionProvider
	Minimum pool size: undefined/unknown
	Maximum pool size: undefined/unknown
2026-09-10T10:09:23.628+09:00  INFO 14944 --- [jpa-map] [restartedMain] org.hibernate.orm.core                   : HHH000489: No JTA platform available (set 'hibernate.transaction.jta.platform' to enable JTA platform integration)
2026-09-10T10:09:23.778+09:00  INFO 14944 --- [jpa-map] [restartedMain] j.LocalContainerEntityManagerFactoryBean : Initialized JPA EntityManagerFactory for persistence unit 'default'
2026-09-10T10:09:23.868+09:00  WARN 14944 --- [jpa-map] [restartedMain] JpaBaseConfiguration$JpaWebConfiguration : spring.jpa.open-in-view is enabled by default. Therefore, database queries may be performed during view rendering. Explicitly configure spring.jpa.open-in-view to disable this warning
2026-09-10T10:09:23.982+09:00  INFO 14944 --- [jpa-map] [restartedMain] o.s.boot.tomcat.TomcatWebServer          : Tomcat started on port 8080 (http) with context path '/'
2026-09-10T10:09:23.985+09:00  INFO 14944 --- [jpa-map] [restartedMain] com.aloha.jpa.JpaApplication             : Started JpaApplication in 0.951 seconds (process running for 122.587)
2026-09-10T10:09:23.988+09:00  INFO 14944 --- [jpa-map] [restartedMain] .ConditionEvaluationDeltaLoggingListener : Condition evaluation unchanged
2026-09-10T10:09:40.338+09:00  INFO 19384 --- [jpa-map] [restartedMain] com.aloha.jpa.JpaApplication             : Starting JpaApplication using Java 17.0.12 with PID 19384 (C:\ALOHA\GITHUB\AIOT7_SPRINGBOOT\jpa-map\bin\main started by Admin in C:\ALOHA\GITHUB\AIOT7_SPRINGBOOT\jpa-map)
2026-09-10T10:09:40.341+09:00 DEBUG 19384 --- [jpa-map] [restartedMain] com.aloha.jpa.JpaApplication             : Running with Spring Boot v4.1.1, Spring v7.0.9
2026-09-10T10:09:40.342+09:00  INFO 19384 --- [jpa-map] [restartedMain] com.aloha.jpa.JpaApplication             : No active profile set, falling back to 1 default profile: "default"
2026-09-10T10:09:40.401+09:00  INFO 19384 --- [jpa-map] [restartedMain] .e.DevToolsPropertyDefaultsPostProcessor : Devtools property defaults active! Set 'spring.devtools.add-properties' to 'false' to disable
2026-09-10T10:09:40.402+09:00  INFO 19384 --- [jpa-map] [restartedMain] .e.DevToolsPropertyDefaultsPostProcessor : For additional web related logging consider setting the 'logging.level.web' property to 'DEBUG'
2026-09-10T10:09:41.071+09:00  INFO 19384 --- [jpa-map] [restartedMain] .s.d.r.c.RepositoryConfigurationDelegate : Bootstrapping Spring Data JPA repositories in DEFAULT mode.
2026-09-10T10:09:41.129+09:00  INFO 19384 --- [jpa-map] [restartedMain] .s.d.r.c.RepositoryConfigurationDelegate : Finished Spring Data repository scanning in 49 ms. Found 2 JPA repository interfaces.
2026-09-10T10:09:41.675+09:00  INFO 19384 --- [jpa-map] [restartedMain] o.s.boot.tomcat.TomcatWebServer          : Tomcat initialized with port 8080 (http)
2026-09-10T10:09:41.689+09:00  INFO 19384 --- [jpa-map] [restartedMain] o.apache.catalina.core.StandardService   : Starting service [Tomcat]
2026-09-10T10:09:41.689+09:00  INFO 19384 --- [jpa-map] [restartedMain] o.apache.catalina.core.StandardEngine    : Starting Servlet engine: [Apache Tomcat/11.0.24]
2026-09-10T10:09:41.743+09:00  INFO 19384 --- [jpa-map] [restartedMain] b.w.c.s.WebApplicationContextInitializer : Root WebApplicationContext: initialization completed in 1341 ms
2026-09-10T10:09:41.968+09:00  INFO 19384 --- [jpa-map] [restartedMain] org.hibernate.orm.jpa                    : HHH008540: Processing PersistenceUnitInfo [name: default]
2026-09-10T10:09:42.037+09:00  INFO 19384 --- [jpa-map] [restartedMain] org.hibernate.orm.core                   : HHH000001: Hibernate ORM core version 7.4.5.Final
2026-09-10T10:09:42.547+09:00  INFO 19384 --- [jpa-map] [restartedMain] o.s.o.j.p.SpringPersistenceUnitInfo      : No LoadTimeWeaver setup: ignoring JPA class transformer
2026-09-10T10:09:42.589+09:00  INFO 19384 --- [jpa-map] [restartedMain] com.zaxxer.hikari.HikariDataSource       : HikariPool-1 - Starting...
2026-09-10T10:09:42.774+09:00  INFO 19384 --- [jpa-map] [restartedMain] com.zaxxer.hikari.pool.HikariPool        : HikariPool-1 - Added connection com.mysql.cj.jdbc.ConnectionImpl@284b650a
2026-09-10T10:09:42.775+09:00  INFO 19384 --- [jpa-map] [restartedMain] com.zaxxer.hikari.HikariDataSource       : HikariPool-1 - Start completed.
2026-09-10T10:09:42.871+09:00  INFO 19384 --- [jpa-map] [restartedMain] org.hibernate.orm.connections.pooling    : HHH10001005: Database info:
	Database JDBC URL [jdbc:mysql://localhost:3306/aloha?serverTimezone=Asia/Seoul&allowPublicKeyRetrieval=true&useSSL=false]
	Database driver: MySQL Connector/J
	Database dialect: MySQLDialect
	Database version: 8.0.46
	Default catalog/schema: aloha/undefined
	Autocommit mode: undefined/unknown
	Isolation level: REPEATABLE_READ [default REPEATABLE_READ]
	JDBC fetch size: none
	Pool: DataSourceConnectionProvider
	Minimum pool size: undefined/unknown
	Maximum pool size: undefined/unknown
2026-09-10T10:09:43.917+09:00  INFO 19384 --- [jpa-map] [restartedMain] org.hibernate.orm.core                   : HHH000489: No JTA platform available (set 'hibernate.transaction.jta.platform' to enable JTA platform integration)
2026-09-10T10:09:44.087+09:00  INFO 19384 --- [jpa-map] [restartedMain] j.LocalContainerEntityManagerFactoryBean : Initialized JPA EntityManagerFactory for persistence unit 'default'
2026-09-10T10:09:44.172+09:00  INFO 19384 --- [jpa-map] [restartedMain] o.s.d.j.r.query.QueryEnhancerFactories   : Hibernate is in classpath; If applicable, HQL parser will be used.
2026-09-10T10:09:44.443+09:00  WARN 19384 --- [jpa-map] [restartedMain] JpaBaseConfiguration$JpaWebConfiguration : spring.jpa.open-in-view is enabled by default. Therefore, database queries may be performed during view rendering. Explicitly configure spring.jpa.open-in-view to disable this warning
2026-09-10T10:09:44.823+09:00  INFO 19384 --- [jpa-map] [restartedMain] o.s.boot.tomcat.TomcatWebServer          : Tomcat started on port 8080 (http) with context path '/'
2026-09-10T10:09:44.828+09:00  INFO 19384 --- [jpa-map] [restartedMain] com.aloha.jpa.JpaApplication             : Started JpaApplication in 4.994 seconds (process running for 5.691)
2026-09-10T10:12:42.370+09:00  INFO 19384 --- [jpa-map] [http-nio-8080-exec-1] o.a.c.c.C.[Tomcat].[localhost].[/]       : Initializing Spring DispatcherServlet 'dispatcherServlet'
2026-09-10T10:12:42.370+09:00  INFO 19384 --- [jpa-map] [http-nio-8080-exec-1] o.s.web.servlet.DispatcherServlet        : Initializing Servlet 'dispatcherServlet'
2026-09-10T10:12:42.373+09:00  INFO 19384 --- [jpa-map] [http-nio-8080-exec-1] o.s.web.servlet.DispatcherServlet        : Completed initialization in 2 ms
2026-09-10T10:31:01.668+09:00  INFO 19384 --- [jpa-map] [File Watcher] rtingClassPathChangeChangedEventListener : Restarting due to 1 class path change (0 additions, 0 deletions, 1 modification)
2026-09-10T10:31:01.678+09:00  INFO 19384 --- [jpa-map] [Thread-1] o.s.boot.tomcat.GracefulShutdown         : Commencing graceful shutdown. Waiting for active requests to complete
2026-09-10T10:31:01.774+09:00  INFO 19384 --- [jpa-map] [tomcat-shutdown] o.s.boot.tomcat.GracefulShutdown         : Graceful shutdown complete
2026-09-10T10:31:01.777+09:00  INFO 19384 --- [jpa-map] [Thread-1] j.LocalContainerEntityManagerFactoryBean : Closing JPA EntityManagerFactory for persistence unit 'default'
2026-09-10T10:31:01.780+09:00  INFO 19384 --- [jpa-map] [Thread-1] com.zaxxer.hikari.HikariDataSource       : HikariPool-1 - Shutdown initiated...
2026-09-10T10:31:01.788+09:00  INFO 19384 --- [jpa-map] [Thread-1] com.zaxxer.hikari.HikariDataSource       : HikariPool-1 - Shutdown completed.
2026-09-10T10:31:01.913+09:00  INFO 19384 --- [jpa-map] [restartedMain] com.aloha.jpa.JpaApplication             : Starting JpaApplication using Java 17.0.12 with PID 19384 (C:\ALOHA\GITHUB\AIOT7_SPRINGBOOT\jpa-map\bin\main started by Admin in C:\ALOHA\GITHUB\AIOT7_SPRINGBOOT\jpa-map)
2026-09-10T10:31:01.914+09:00 DEBUG 19384 --- [jpa-map] [restartedMain] com.aloha.jpa.JpaApplication             : Running with Spring Boot v4.1.1, Spring v7.0.9
2026-09-10T10:31:01.914+09:00  INFO 19384 --- [jpa-map] [restartedMain] com.aloha.jpa.JpaApplication             : No active profile set, falling back to 1 default profile: "default"
2026-09-10T10:31:02.130+09:00  INFO 19384 --- [jpa-map] [restartedMain] .s.d.r.c.RepositoryConfigurationDelegate : Bootstrapping Spring Data JPA repositories in DEFAULT mode.
2026-09-10T10:31:02.145+09:00  INFO 19384 --- [jpa-map] [restartedMain] .s.d.r.c.RepositoryConfigurationDelegate : Finished Spring Data repository scanning in 11 ms. Found 2 JPA repository interfaces.
2026-09-10T10:31:02.248+09:00  INFO 19384 --- [jpa-map] [restartedMain] o.s.boot.tomcat.TomcatWebServer          : Tomcat initialized with port 8080 (http)
2026-09-10T10:31:02.250+09:00  INFO 19384 --- [jpa-map] [restartedMain] o.apache.catalina.core.StandardService   : Starting service [Tomcat]
2026-09-10T10:31:02.250+09:00  INFO 19384 --- [jpa-map] [restartedMain] o.apache.catalina.core.StandardEngine    : Starting Servlet engine: [Apache Tomcat/11.0.24]
2026-09-10T10:31:02.273+09:00  INFO 19384 --- [jpa-map] [restartedMain] b.w.c.s.WebApplicationContextInitializer : Root WebApplicationContext: initialization completed in 355 ms
2026-09-10T10:31:02.316+09:00  INFO 19384 --- [jpa-map] [restartedMain] org.hibernate.orm.jpa                    : HHH008540: Processing PersistenceUnitInfo [name: default]
2026-09-10T10:31:02.362+09:00  INFO 19384 --- [jpa-map] [restartedMain] o.s.o.j.p.SpringPersistenceUnitInfo      : No LoadTimeWeaver setup: ignoring JPA class transformer
2026-09-10T10:31:02.364+09:00  INFO 19384 --- [jpa-map] [restartedMain] com.zaxxer.hikari.HikariDataSource       : HikariPool-2 - Starting...
2026-09-10T10:31:02.369+09:00  INFO 19384 --- [jpa-map] [restartedMain] com.zaxxer.hikari.pool.HikariPool        : HikariPool-2 - Added connection com.mysql.cj.jdbc.ConnectionImpl@4b995961
2026-09-10T10:31:02.369+09:00  INFO 19384 --- [jpa-map] [restartedMain] com.zaxxer.hikari.HikariDataSource       : HikariPool-2 - Start completed.
2026-09-10T10:31:02.373+09:00  INFO 19384 --- [jpa-map] [restartedMain] org.hibernate.orm.connections.pooling    : HHH10001005: Database info:
	Database JDBC URL [jdbc:mysql://localhost:3306/aloha?serverTimezone=Asia/Seoul&allowPublicKeyRetrieval=true&useSSL=false]
	Database driver: MySQL Connector/J
	Database dialect: MySQLDialect
	Database version: 8.0.46
	Default catalog/schema: aloha/undefined
	Autocommit mode: undefined/unknown
	Isolation level: REPEATABLE_READ [default REPEATABLE_READ]
	JDBC fetch size: none
	Pool: DataSourceConnectionProvider
	Minimum pool size: undefined/unknown
	Maximum pool size: undefined/unknown
2026-09-10T10:31:02.451+09:00  INFO 19384 --- [jpa-map] [restartedMain] org.hibernate.orm.core                   : HHH000489: No JTA platform available (set 'hibernate.transaction.jta.platform' to enable JTA platform integration)
2026-09-10T10:31:02.604+09:00  INFO 19384 --- [jpa-map] [restartedMain] j.LocalContainerEntityManagerFactoryBean : Initialized JPA EntityManagerFactory for persistence unit 'default'
2026-09-10T10:31:02.713+09:00  WARN 19384 --- [jpa-map] [restartedMain] JpaBaseConfiguration$JpaWebConfiguration : spring.jpa.open-in-view is enabled by default. Therefore, database queries may be performed during view rendering. Explicitly configure spring.jpa.open-in-view to disable this warning
2026-09-10T10:31:02.818+09:00  INFO 19384 --- [jpa-map] [restartedMain] o.s.boot.tomcat.TomcatWebServer          : Tomcat started on port 8080 (http) with context path '/'
2026-09-10T10:31:02.821+09:00  INFO 19384 --- [jpa-map] [restartedMain] com.aloha.jpa.JpaApplication             : Started JpaApplication in 0.935 seconds (process running for 1283.682)
2026-09-10T10:31:02.822+09:00  INFO 19384 --- [jpa-map] [restartedMain] .ConditionEvaluationDeltaLoggingListener : Condition evaluation unchanged
2026-09-10T10:31:51.095+09:00  INFO 19384 --- [jpa-map] [File Watcher] rtingClassPathChangeChangedEventListener : Restarting due to 1 class path change (0 additions, 0 deletions, 1 modification)
2026-09-10T10:31:51.097+09:00  INFO 19384 --- [jpa-map] [Thread-5] o.s.boot.tomcat.GracefulShutdown         : Commencing graceful shutdown. Waiting for active requests to complete
2026-09-10T10:31:51.202+09:00  INFO 19384 --- [jpa-map] [tomcat-shutdown] o.s.boot.tomcat.GracefulShutdown         : Graceful shutdown complete
2026-09-10T10:31:51.203+09:00  INFO 19384 --- [jpa-map] [Thread-5] j.LocalContainerEntityManagerFactoryBean : Closing JPA EntityManagerFactory for persistence unit 'default'
2026-09-10T10:31:51.204+09:00  INFO 19384 --- [jpa-map] [Thread-5] com.zaxxer.hikari.HikariDataSource       : HikariPool-2 - Shutdown initiated...
2026-09-10T10:31:51.205+09:00  INFO 19384 --- [jpa-map] [Thread-5] com.zaxxer.hikari.HikariDataSource       : HikariPool-2 - Shutdown completed.
2026-09-10T10:31:51.327+09:00  INFO 19384 --- [jpa-map] [restartedMain] com.aloha.jpa.JpaApplication             : Starting JpaApplication using Java 17.0.12 with PID 19384 (C:\ALOHA\GITHUB\AIOT7_SPRINGBOOT\jpa-map\bin\main started by Admin in C:\ALOHA\GITHUB\AIOT7_SPRINGBOOT\jpa-map)
2026-09-10T10:31:51.327+09:00 DEBUG 19384 --- [jpa-map] [restartedMain] com.aloha.jpa.JpaApplication             : Running with Spring Boot v4.1.1, Spring v7.0.9
2026-09-10T10:31:51.328+09:00  INFO 19384 --- [jpa-map] [restartedMain] com.aloha.jpa.JpaApplication             : No active profile set, falling back to 1 default profile: "default"
2026-09-10T10:31:51.538+09:00  INFO 19384 --- [jpa-map] [restartedMain] .s.d.r.c.RepositoryConfigurationDelegate : Bootstrapping Spring Data JPA repositories in DEFAULT mode.
2026-09-10T10:31:51.551+09:00  INFO 19384 --- [jpa-map] [restartedMain] .s.d.r.c.RepositoryConfigurationDelegate : Finished Spring Data repository scanning in 11 ms. Found 2 JPA repository interfaces.
2026-09-10T10:31:51.626+09:00  INFO 19384 --- [jpa-map] [restartedMain] o.s.boot.tomcat.TomcatWebServer          : Tomcat initialized with port 8080 (http)
2026-09-10T10:31:51.627+09:00  INFO 19384 --- [jpa-map] [restartedMain] o.apache.catalina.core.StandardService   : Starting service [Tomcat]
2026-09-10T10:31:51.627+09:00  INFO 19384 --- [jpa-map] [restartedMain] o.apache.catalina.core.StandardEngine    : Starting Servlet engine: [Apache Tomcat/11.0.24]
2026-09-10T10:31:51.647+09:00  INFO 19384 --- [jpa-map] [restartedMain] b.w.c.s.WebApplicationContextInitializer : Root WebApplicationContext: initialization completed in 316 ms
2026-09-10T10:31:51.679+09:00  INFO 19384 --- [jpa-map] [restartedMain] org.hibernate.orm.jpa                    : HHH008540: Processing PersistenceUnitInfo [name: default]
2026-09-10T10:31:51.711+09:00  INFO 19384 --- [jpa-map] [restartedMain] o.s.o.j.p.SpringPersistenceUnitInfo      : No LoadTimeWeaver setup: ignoring JPA class transformer
2026-09-10T10:31:51.711+09:00  INFO 19384 --- [jpa-map] [restartedMain] com.zaxxer.hikari.HikariDataSource       : HikariPool-3 - Starting...
2026-09-10T10:31:51.717+09:00  INFO 19384 --- [jpa-map] [restartedMain] com.zaxxer.hikari.pool.HikariPool        : HikariPool-3 - Added connection com.mysql.cj.jdbc.ConnectionImpl@3a4b8e33
2026-09-10T10:31:51.718+09:00  INFO 19384 --- [jpa-map] [restartedMain] com.zaxxer.hikari.HikariDataSource       : HikariPool-3 - Start completed.
2026-09-10T10:31:51.719+09:00  INFO 19384 --- [jpa-map] [restartedMain] org.hibernate.orm.connections.pooling    : HHH10001005: Database info:
	Database JDBC URL [jdbc:mysql://localhost:3306/aloha?serverTimezone=Asia/Seoul&allowPublicKeyRetrieval=true&useSSL=false]
	Database driver: MySQL Connector/J
	Database dialect: MySQLDialect
	Database version: 8.0.46
	Default catalog/schema: aloha/undefined
	Autocommit mode: undefined/unknown
	Isolation level: REPEATABLE_READ [default REPEATABLE_READ]
	JDBC fetch size: none
	Pool: DataSourceConnectionProvider
	Minimum pool size: undefined/unknown
	Maximum pool size: undefined/unknown
2026-09-10T10:31:51.786+09:00  INFO 19384 --- [jpa-map] [restartedMain] org.hibernate.orm.core                   : HHH000489: No JTA platform available (set 'hibernate.transaction.jta.platform' to enable JTA platform integration)
2026-09-10T10:31:51.955+09:00  INFO 19384 --- [jpa-map] [restartedMain] j.LocalContainerEntityManagerFactoryBean : Initialized JPA EntityManagerFactory for persistence unit 'default'
2026-09-10T10:31:52.021+09:00  WARN 19384 --- [jpa-map] [restartedMain] JpaBaseConfiguration$JpaWebConfiguration : spring.jpa.open-in-view is enabled by default. Therefore, database queries may be performed during view rendering. Explicitly configure spring.jpa.open-in-view to disable this warning
2026-09-10T10:31:52.100+09:00  INFO 19384 --- [jpa-map] [restartedMain] o.s.boot.tomcat.TomcatWebServer          : Tomcat started on port 8080 (http) with context path '/'
2026-09-10T10:31:52.103+09:00  INFO 19384 --- [jpa-map] [restartedMain] com.aloha.jpa.JpaApplication             : Started JpaApplication in 0.802 seconds (process running for 1332.965)
2026-09-10T10:31:52.105+09:00  INFO 19384 --- [jpa-map] [restartedMain] .ConditionEvaluationDeltaLoggingListener : Condition evaluation unchanged
2026-09-10T10:32:02.038+09:00  INFO 19384 --- [jpa-map] [http-nio-8080-exec-5] o.a.c.c.C.[Tomcat].[localhost].[/]       : Initializing Spring DispatcherServlet 'dispatcherServlet'
2026-09-10T10:32:02.039+09:00  INFO 19384 --- [jpa-map] [http-nio-8080-exec-5] o.s.web.servlet.DispatcherServlet        : Initializing Servlet 'dispatcherServlet'
2026-09-10T10:32:02.040+09:00  INFO 19384 --- [jpa-map] [http-nio-8080-exec-5] o.s.web.servlet.DispatcherServlet        : Completed initialization in 1 ms
2026-09-10T10:32:21.994+09:00  INFO 19384 --- [jpa-map] [File Watcher] rtingClassPathChangeChangedEventListener : Restarting due to 1 class path change (0 additions, 0 deletions, 1 modification)
2026-09-10T10:32:21.996+09:00  INFO 19384 --- [jpa-map] [Thread-9] o.s.boot.tomcat.GracefulShutdown         : Commencing graceful shutdown. Waiting for active requests to complete
2026-09-10T10:32:22.078+09:00  INFO 19384 --- [jpa-map] [tomcat-shutdown] o.s.boot.tomcat.GracefulShutdown         : Graceful shutdown complete
2026-09-10T10:32:22.083+09:00  INFO 19384 --- [jpa-map] [Thread-9] j.LocalContainerEntityManagerFactoryBean : Closing JPA EntityManagerFactory for persistence unit 'default'
2026-09-10T10:32:22.084+09:00  INFO 19384 --- [jpa-map] [Thread-9] com.zaxxer.hikari.HikariDataSource       : HikariPool-3 - Shutdown initiated...
2026-09-10T10:32:22.086+09:00  INFO 19384 --- [jpa-map] [Thread-9] com.zaxxer.hikari.HikariDataSource       : HikariPool-3 - Shutdown completed.
2026-09-10T10:32:22.192+09:00  INFO 19384 --- [jpa-map] [restartedMain] com.aloha.jpa.JpaApplication             : Starting JpaApplication using Java 17.0.12 with PID 19384 (C:\ALOHA\GITHUB\AIOT7_SPRINGBOOT\jpa-map\bin\main started by Admin in C:\ALOHA\GITHUB\AIOT7_SPRINGBOOT\jpa-map)
2026-09-10T10:32:22.193+09:00 DEBUG 19384 --- [jpa-map] [restartedMain] com.aloha.jpa.JpaApplication             : Running with Spring Boot v4.1.1, Spring v7.0.9
2026-09-10T10:32:22.193+09:00  INFO 19384 --- [jpa-map] [restartedMain] com.aloha.jpa.JpaApplication             : No active profile set, falling back to 1 default profile: "default"
2026-09-10T10:32:22.335+09:00  INFO 19384 --- [jpa-map] [restartedMain] .s.d.r.c.RepositoryConfigurationDelegate : Bootstrapping Spring Data JPA repositories in DEFAULT mode.
2026-09-10T10:32:22.346+09:00  INFO 19384 --- [jpa-map] [restartedMain] .s.d.r.c.RepositoryConfigurationDelegate : Finished Spring Data repository scanning in 9 ms. Found 2 JPA repository interfaces.
2026-09-10T10:32:22.434+09:00  INFO 19384 --- [jpa-map] [restartedMain] o.s.boot.tomcat.TomcatWebServer          : Tomcat initialized with port 8080 (http)
2026-09-10T10:32:22.435+09:00  INFO 19384 --- [jpa-map] [restartedMain] o.apache.catalina.core.StandardService   : Starting service [Tomcat]
2026-09-10T10:32:22.436+09:00  INFO 19384 --- [jpa-map] [restartedMain] o.apache.catalina.core.StandardEngine    : Starting Servlet engine: [Apache Tomcat/11.0.24]
2026-09-10T10:32:22.461+09:00  INFO 19384 --- [jpa-map] [restartedMain] b.w.c.s.WebApplicationContextInitializer : Root WebApplicationContext: initialization completed in 266 ms
2026-09-10T10:32:22.500+09:00  INFO 19384 --- [jpa-map] [restartedMain] org.hibernate.orm.jpa                    : HHH008540: Processing PersistenceUnitInfo [name: default]
2026-09-10T10:32:22.535+09:00  INFO 19384 --- [jpa-map] [restartedMain] o.s.o.j.p.SpringPersistenceUnitInfo      : No LoadTimeWeaver setup: ignoring JPA class transformer
2026-09-10T10:32:22.536+09:00  INFO 19384 --- [jpa-map] [restartedMain] com.zaxxer.hikari.HikariDataSource       : HikariPool-4 - Starting...
2026-09-10T10:32:22.541+09:00  INFO 19384 --- [jpa-map] [restartedMain] com.zaxxer.hikari.pool.HikariPool        : HikariPool-4 - Added connection com.mysql.cj.jdbc.ConnectionImpl@6e878063
2026-09-10T10:32:22.541+09:00  INFO 19384 --- [jpa-map] [restartedMain] com.zaxxer.hikari.HikariDataSource       : HikariPool-4 - Start completed.
2026-09-10T10:32:22.543+09:00  INFO 19384 --- [jpa-map] [restartedMain] org.hibernate.orm.connections.pooling    : HHH10001005: Database info:
	Database JDBC URL [jdbc:mysql://localhost:3306/aloha?serverTimezone=Asia/Seoul&allowPublicKeyRetrieval=true&useSSL=false]
	Database driver: MySQL Connector/J
	Database dialect: MySQLDialect
	Database version: 8.0.46
	Default catalog/schema: aloha/undefined
	Autocommit mode: undefined/unknown
	Isolation level: REPEATABLE_READ [default REPEATABLE_READ]
	JDBC fetch size: none
	Pool: DataSourceConnectionProvider
	Minimum pool size: undefined/unknown
	Maximum pool size: undefined/unknown
2026-09-10T10:32:22.615+09:00  INFO 19384 --- [jpa-map] [restartedMain] org.hibernate.orm.core                   : HHH000489: No JTA platform available (set 'hibernate.transaction.jta.platform' to enable JTA platform integration)
2026-09-10T10:32:22.692+09:00  INFO 19384 --- [jpa-map] [restartedMain] j.LocalContainerEntityManagerFactoryBean : Initialized JPA EntityManagerFactory for persistence unit 'default'
2026-09-10T10:32:22.769+09:00  WARN 19384 --- [jpa-map] [restartedMain] JpaBaseConfiguration$JpaWebConfiguration : spring.jpa.open-in-view is enabled by default. Therefore, database queries may be performed during view rendering. Explicitly configure spring.jpa.open-in-view to disable this warning
2026-09-10T10:32:22.850+09:00  INFO 19384 --- [jpa-map] [restartedMain] o.s.boot.tomcat.TomcatWebServer          : Tomcat started on port 8080 (http) with context path '/'
2026-09-10T10:32:22.852+09:00  INFO 19384 --- [jpa-map] [restartedMain] com.aloha.jpa.JpaApplication             : Started JpaApplication in 0.685 seconds (process running for 1363.714)
2026-09-10T10:32:22.853+09:00  INFO 19384 --- [jpa-map] [restartedMain] .ConditionEvaluationDeltaLoggingListener : Condition evaluation unchanged
2026-09-10T10:33:55.680+09:00  INFO 19384 --- [jpa-map] [File Watcher] rtingClassPathChangeChangedEventListener : Restarting due to 1 class path change (0 additions, 0 deletions, 1 modification)
2026-09-10T10:33:55.681+09:00  INFO 19384 --- [jpa-map] [Thread-13] o.s.boot.tomcat.GracefulShutdown         : Commencing graceful shutdown. Waiting for active requests to complete
2026-09-10T10:33:55.805+09:00  INFO 19384 --- [jpa-map] [tomcat-shutdown] o.s.boot.tomcat.GracefulShutdown         : Graceful shutdown complete
2026-09-10T10:33:55.807+09:00  INFO 19384 --- [jpa-map] [Thread-13] j.LocalContainerEntityManagerFactoryBean : Closing JPA EntityManagerFactory for persistence unit 'default'
2026-09-10T10:33:55.807+09:00  INFO 19384 --- [jpa-map] [Thread-13] com.zaxxer.hikari.HikariDataSource       : HikariPool-4 - Shutdown initiated...
2026-09-10T10:33:55.809+09:00  INFO 19384 --- [jpa-map] [Thread-13] com.zaxxer.hikari.HikariDataSource       : HikariPool-4 - Shutdown completed.
2026-09-10T10:33:55.877+09:00  INFO 19384 --- [jpa-map] [restartedMain] com.aloha.jpa.JpaApplication             : Starting JpaApplication using Java 17.0.12 with PID 19384 (C:\ALOHA\GITHUB\AIOT7_SPRINGBOOT\jpa-map\bin\main started by Admin in C:\ALOHA\GITHUB\AIOT7_SPRINGBOOT\jpa-map)
2026-09-10T10:33:55.877+09:00 DEBUG 19384 --- [jpa-map] [restartedMain] com.aloha.jpa.JpaApplication             : Running with Spring Boot v4.1.1, Spring v7.0.9
2026-09-10T10:33:55.878+09:00  INFO 19384 --- [jpa-map] [restartedMain] com.aloha.jpa.JpaApplication             : No active profile set, falling back to 1 default profile: "default"
2026-09-10T10:33:56.049+09:00  INFO 19384 --- [jpa-map] [restartedMain] .s.d.r.c.RepositoryConfigurationDelegate : Bootstrapping Spring Data JPA repositories in DEFAULT mode.
2026-09-10T10:33:56.064+09:00  INFO 19384 --- [jpa-map] [restartedMain] .s.d.r.c.RepositoryConfigurationDelegate : Finished Spring Data repository scanning in 10 ms. Found 2 JPA repository interfaces.
2026-09-10T10:33:56.138+09:00  INFO 19384 --- [jpa-map] [restartedMain] o.s.boot.tomcat.TomcatWebServer          : Tomcat initialized with port 8080 (http)
2026-09-10T10:33:56.139+09:00  INFO 19384 --- [jpa-map] [restartedMain] o.apache.catalina.core.StandardService   : Starting service [Tomcat]
2026-09-10T10:33:56.139+09:00  INFO 19384 --- [jpa-map] [restartedMain] o.apache.catalina.core.StandardEngine    : Starting Servlet engine: [Apache Tomcat/11.0.24]
2026-09-10T10:33:56.162+09:00  INFO 19384 --- [jpa-map] [restartedMain] b.w.c.s.WebApplicationContextInitializer : Root WebApplicationContext: initialization completed in 282 ms
2026-09-10T10:33:56.189+09:00  INFO 19384 --- [jpa-map] [restartedMain] org.hibernate.orm.jpa                    : HHH008540: Processing PersistenceUnitInfo [name: default]
2026-09-10T10:33:56.219+09:00  INFO 19384 --- [jpa-map] [restartedMain] o.s.o.j.p.SpringPersistenceUnitInfo      : No LoadTimeWeaver setup: ignoring JPA class transformer
2026-09-10T10:33:56.220+09:00  INFO 19384 --- [jpa-map] [restartedMain] com.zaxxer.hikari.HikariDataSource       : HikariPool-5 - Starting...
2026-09-10T10:33:56.223+09:00  INFO 19384 --- [jpa-map] [restartedMain] com.zaxxer.hikari.pool.HikariPool        : HikariPool-5 - Added connection com.mysql.cj.jdbc.ConnectionImpl@17970703
2026-09-10T10:33:56.224+09:00  INFO 19384 --- [jpa-map] [restartedMain] com.zaxxer.hikari.HikariDataSource       : HikariPool-5 - Start completed.
2026-09-10T10:33:56.225+09:00  INFO 19384 --- [jpa-map] [restartedMain] org.hibernate.orm.connections.pooling    : HHH10001005: Database info:
	Database JDBC URL [jdbc:mysql://localhost:3306/aloha?serverTimezone=Asia/Seoul&allowPublicKeyRetrieval=true&useSSL=false]
	Database driver: MySQL Connector/J
	Database dialect: MySQLDialect
	Database version: 8.0.46
	Default catalog/schema: aloha/undefined
	Autocommit mode: undefined/unknown
	Isolation level: REPEATABLE_READ [default REPEATABLE_READ]
	JDBC fetch size: none
	Pool: DataSourceConnectionProvider
	Minimum pool size: undefined/unknown
	Maximum pool size: undefined/unknown
2026-09-10T10:33:56.285+09:00  INFO 19384 --- [jpa-map] [restartedMain] org.hibernate.orm.core                   : HHH000489: No JTA platform available (set 'hibernate.transaction.jta.platform' to enable JTA platform integration)
2026-09-10T10:33:56.306+09:00  INFO 19384 --- [jpa-map] [restartedMain] j.LocalContainerEntityManagerFactoryBean : Initialized JPA EntityManagerFactory for persistence unit 'default'
2026-09-10T10:33:56.399+09:00  WARN 19384 --- [jpa-map] [restartedMain] JpaBaseConfiguration$JpaWebConfiguration : spring.jpa.open-in-view is enabled by default. Therefore, database queries may be performed during view rendering. Explicitly configure spring.jpa.open-in-view to disable this warning
2026-09-10T10:33:56.503+09:00  INFO 19384 --- [jpa-map] [restartedMain] o.s.boot.tomcat.TomcatWebServer          : Tomcat started on port 8080 (http) with context path '/'
2026-09-10T10:33:56.505+09:00  INFO 19384 --- [jpa-map] [restartedMain] com.aloha.jpa.JpaApplication             : Started JpaApplication in 0.653 seconds (process running for 1457.367)
2026-09-10T10:33:56.507+09:00  INFO 19384 --- [jpa-map] [restartedMain] .ConditionEvaluationDeltaLoggingListener : Condition evaluation unchanged
2026-09-10T10:34:05.043+09:00  INFO 19384 --- [jpa-map] [File Watcher] rtingClassPathChangeChangedEventListener : Restarting due to 1 class path change (0 additions, 0 deletions, 1 modification)
2026-09-10T10:34:05.044+09:00  INFO 19384 --- [jpa-map] [Thread-17] o.s.boot.tomcat.GracefulShutdown         : Commencing graceful shutdown. Waiting for active requests to complete
2026-09-10T10:34:05.124+09:00  INFO 19384 --- [jpa-map] [tomcat-shutdown] o.s.boot.tomcat.GracefulShutdown         : Graceful shutdown complete
2026-09-10T10:34:05.126+09:00  INFO 19384 --- [jpa-map] [Thread-17] j.LocalContainerEntityManagerFactoryBean : Closing JPA EntityManagerFactory for persistence unit 'default'
2026-09-10T10:34:05.126+09:00  INFO 19384 --- [jpa-map] [Thread-17] com.zaxxer.hikari.HikariDataSource       : HikariPool-5 - Shutdown initiated...
2026-09-10T10:34:05.128+09:00  INFO 19384 --- [jpa-map] [Thread-17] com.zaxxer.hikari.HikariDataSource       : HikariPool-5 - Shutdown completed.
2026-09-10T10:34:05.207+09:00  INFO 19384 --- [jpa-map] [restartedMain] com.aloha.jpa.JpaApplication             : Starting JpaApplication using Java 17.0.12 with PID 19384 (C:\ALOHA\GITHUB\AIOT7_SPRINGBOOT\jpa-map\bin\main started by Admin in C:\ALOHA\GITHUB\AIOT7_SPRINGBOOT\jpa-map)
2026-09-10T10:34:05.207+09:00 DEBUG 19384 --- [jpa-map] [restartedMain] com.aloha.jpa.JpaApplication             : Running with Spring Boot v4.1.1, Spring v7.0.9
2026-09-10T10:34:05.207+09:00  INFO 19384 --- [jpa-map] [restartedMain] com.aloha.jpa.JpaApplication             : No active profile set, falling back to 1 default profile: "default"
2026-09-10T10:34:05.367+09:00  INFO 19384 --- [jpa-map] [restartedMain] .s.d.r.c.RepositoryConfigurationDelegate : Bootstrapping Spring Data JPA repositories in DEFAULT mode.
2026-09-10T10:34:05.378+09:00  INFO 19384 --- [jpa-map] [restartedMain] .s.d.r.c.RepositoryConfigurationDelegate : Finished Spring Data repository scanning in 10 ms. Found 2 JPA repository interfaces.
2026-09-10T10:34:05.486+09:00  INFO 19384 --- [jpa-map] [restartedMain] o.s.boot.tomcat.TomcatWebServer          : Tomcat initialized with port 8080 (http)
2026-09-10T10:34:05.487+09:00  INFO 19384 --- [jpa-map] [restartedMain] o.apache.catalina.core.StandardService   : Starting service [Tomcat]
2026-09-10T10:34:05.487+09:00  INFO 19384 --- [jpa-map] [restartedMain] o.apache.catalina.core.StandardEngine    : Starting Servlet engine: [Apache Tomcat/11.0.24]
2026-09-10T10:34:05.515+09:00  INFO 19384 --- [jpa-map] [restartedMain] b.w.c.s.WebApplicationContextInitializer : Root WebApplicationContext: initialization completed in 306 ms
2026-09-10T10:34:05.588+09:00  INFO 19384 --- [jpa-map] [restartedMain] org.hibernate.orm.jpa                    : HHH008540: Processing PersistenceUnitInfo [name: default]
2026-09-10T10:34:05.626+09:00  INFO 19384 --- [jpa-map] [restartedMain] o.s.o.j.p.SpringPersistenceUnitInfo      : No LoadTimeWeaver setup: ignoring JPA class transformer
2026-09-10T10:34:05.627+09:00  INFO 19384 --- [jpa-map] [restartedMain] com.zaxxer.hikari.HikariDataSource       : HikariPool-6 - Starting...
2026-09-10T10:34:05.634+09:00  INFO 19384 --- [jpa-map] [restartedMain] com.zaxxer.hikari.pool.HikariPool        : HikariPool-6 - Added connection com.mysql.cj.jdbc.ConnectionImpl@d02c188
2026-09-10T10:34:05.635+09:00  INFO 19384 --- [jpa-map] [restartedMain] com.zaxxer.hikari.HikariDataSource       : HikariPool-6 - Start completed.
2026-09-10T10:34:05.639+09:00  INFO 19384 --- [jpa-map] [restartedMain] org.hibernate.orm.connections.pooling    : HHH10001005: Database info:
	Database JDBC URL [jdbc:mysql://localhost:3306/aloha?serverTimezone=Asia/Seoul&allowPublicKeyRetrieval=true&useSSL=false]
	Database driver: MySQL Connector/J
	Database dialect: MySQLDialect
	Database version: 8.0.46
	Default catalog/schema: aloha/undefined
	Autocommit mode: undefined/unknown
	Isolation level: REPEATABLE_READ [default REPEATABLE_READ]
	JDBC fetch size: none
	Pool: DataSourceConnectionProvider
	Minimum pool size: undefined/unknown
	Maximum pool size: undefined/unknown
2026-09-10T10:34:05.777+09:00  INFO 19384 --- [jpa-map] [restartedMain] org.hibernate.orm.core                   : HHH000489: No JTA platform available (set 'hibernate.transaction.jta.platform' to enable JTA platform integration)
2026-09-10T10:34:05.793+09:00  INFO 19384 --- [jpa-map] [restartedMain] j.LocalContainerEntityManagerFactoryBean : Initialized JPA EntityManagerFactory for persistence unit 'default'
2026-09-10T10:34:05.862+09:00  WARN 19384 --- [jpa-map] [restartedMain] JpaBaseConfiguration$JpaWebConfiguration : spring.jpa.open-in-view is enabled by default. Therefore, database queries may be performed during view rendering. Explicitly configure spring.jpa.open-in-view to disable this warning
2026-09-10T10:34:05.957+09:00  INFO 19384 --- [jpa-map] [restartedMain] o.s.boot.tomcat.TomcatWebServer          : Tomcat started on port 8080 (http) with context path '/'
2026-09-10T10:34:05.959+09:00  INFO 19384 --- [jpa-map] [restartedMain] com.aloha.jpa.JpaApplication             : Started JpaApplication in 0.786 seconds (process running for 1466.821)
2026-09-10T10:34:05.960+09:00  INFO 19384 --- [jpa-map] [restartedMain] .ConditionEvaluationDeltaLoggingListener : Condition evaluation unchanged
2026-09-10T10:34:11.571+09:00  INFO 19384 --- [jpa-map] [http-nio-8080-exec-1] o.a.c.c.C.[Tomcat].[localhost].[/]       : Initializing Spring DispatcherServlet 'dispatcherServlet'
2026-09-10T10:34:11.571+09:00  INFO 19384 --- [jpa-map] [http-nio-8080-exec-1] o.s.web.servlet.DispatcherServlet        : Initializing Servlet 'dispatcherServlet'
2026-09-10T10:34:11.572+09:00  INFO 19384 --- [jpa-map] [http-nio-8080-exec-1] o.s.web.servlet.DispatcherServlet        : Completed initialization in 1 ms
2026-09-10T14:41:54.935+09:00  INFO 10052 --- [jpa-map] [restartedMain] com.aloha.jpa.JpaApplication             : Starting JpaApplication using Java 17.0.12 with PID 10052 (C:\ALOHA\GITHUB\AIOT7_SPRINGBOOT\jpa-map\bin\main started by Admin in C:\ALOHA\GITHUB\AIOT7_SPRINGBOOT\jpa-map)
2026-09-10T14:41:54.945+09:00 DEBUG 10052 --- [jpa-map] [restartedMain] com.aloha.jpa.JpaApplication             : Running with Spring Boot v4.1.1, Spring v7.0.9
2026-09-10T14:41:54.950+09:00  INFO 10052 --- [jpa-map] [restartedMain] com.aloha.jpa.JpaApplication             : No active profile set, falling back to 1 default profile: "default"
2026-09-10T14:41:55.105+09:00  INFO 10052 --- [jpa-map] [restartedMain] .e.DevToolsPropertyDefaultsPostProcessor : Devtools property defaults active! Set 'spring.devtools.add-properties' to 'false' to disable
2026-09-10T14:41:55.110+09:00  INFO 10052 --- [jpa-map] [restartedMain] .e.DevToolsPropertyDefaultsPostProcessor : For additional web related logging consider setting the 'logging.level.web' property to 'DEBUG'
2026-09-10T14:41:56.150+09:00  INFO 10052 --- [jpa-map] [restartedMain] .s.d.r.c.RepositoryConfigurationDelegate : Bootstrapping Spring Data JPA repositories in DEFAULT mode.
2026-09-10T14:41:56.259+09:00  INFO 10052 --- [jpa-map] [restartedMain] .s.d.r.c.RepositoryConfigurationDelegate : Finished Spring Data repository scanning in 93 ms. Found 3 JPA repository interfaces.
2026-09-10T14:41:57.447+09:00  INFO 10052 --- [jpa-map] [restartedMain] o.s.boot.tomcat.TomcatWebServer          : Tomcat initialized with port 8080 (http)
2026-09-10T14:41:57.547+09:00  INFO 10052 --- [jpa-map] [restartedMain] o.apache.catalina.core.StandardService   : Starting service [Tomcat]
2026-09-10T14:41:57.596+09:00  INFO 10052 --- [jpa-map] [restartedMain] o.apache.catalina.core.StandardEngine    : Starting Servlet engine: [Apache Tomcat/11.0.24]
2026-09-10T14:41:57.807+09:00  INFO 10052 --- [jpa-map] [restartedMain] b.w.c.s.WebApplicationContextInitializer : Root WebApplicationContext: initialization completed in 2696 ms
2026-09-10T14:41:58.598+09:00  INFO 10052 --- [jpa-map] [restartedMain] org.hibernate.orm.jpa                    : HHH008540: Processing PersistenceUnitInfo [name: default]
2026-09-10T14:41:58.744+09:00  INFO 10052 --- [jpa-map] [restartedMain] org.hibernate.orm.core                   : HHH000001: Hibernate ORM core version 7.4.5.Final
2026-09-10T14:42:00.461+09:00  INFO 10052 --- [jpa-map] [restartedMain] o.s.o.j.p.SpringPersistenceUnitInfo      : No LoadTimeWeaver setup: ignoring JPA class transformer
2026-09-10T14:42:00.555+09:00  INFO 10052 --- [jpa-map] [restartedMain] com.zaxxer.hikari.HikariDataSource       : HikariPool-1 - Starting...
2026-09-10T14:42:00.777+09:00  INFO 10052 --- [jpa-map] [restartedMain] com.zaxxer.hikari.pool.HikariPool        : HikariPool-1 - Added connection com.mysql.cj.jdbc.ConnectionImpl@10ce1f6b
2026-09-10T14:42:00.779+09:00  INFO 10052 --- [jpa-map] [restartedMain] com.zaxxer.hikari.HikariDataSource       : HikariPool-1 - Start completed.
2026-09-10T14:42:00.893+09:00  INFO 10052 --- [jpa-map] [restartedMain] org.hibernate.orm.connections.pooling    : HHH10001005: Database info:
	Database JDBC URL [jdbc:mysql://localhost:3306/aloha?serverTimezone=Asia/Seoul&allowPublicKeyRetrieval=true&useSSL=false]
	Database driver: MySQL Connector/J
	Database dialect: MySQLDialect
	Database version: 8.0.46
	Default catalog/schema: aloha/undefined
	Autocommit mode: undefined/unknown
	Isolation level: REPEATABLE_READ [default REPEATABLE_READ]
	JDBC fetch size: none
	Pool: DataSourceConnectionProvider
	Minimum pool size: undefined/unknown
	Maximum pool size: undefined/unknown
2026-09-10T14:42:02.496+09:00  INFO 10052 --- [jpa-map] [restartedMain] org.hibernate.orm.core                   : HHH000489: No JTA platform available (set 'hibernate.transaction.jta.platform' to enable JTA platform integration)
2026-09-10T14:42:02.574+09:00  WARN 10052 --- [jpa-map] [restartedMain] o.h.t.s.i.ExceptionHandlerLoggedImpl     : GenerationTarget encountered exception accepting command : Error executing DDL "
    alter table order_item 
       drop 
       foreign key FKikhr28ut8p8qq3f33lhi643fu" via JDBC [Can't DROP 'FKikhr28ut8p8qq3f33lhi643fu'; check that column/key exists]

org.hibernate.tool.schema.spi.CommandAcceptanceException: Error executing DDL "
    alter table order_item 
       drop 
       foreign key FKikhr28ut8p8qq3f33lhi643fu" via JDBC [Can't DROP 'FKikhr28ut8p8qq3f33lhi643fu'; check that column/key exists]
	at org.hibernate.tool.schema.internal.exec.GenerationTargetToDatabase.accept(GenerationTargetToDatabase.java:91) ~[hibernate-core-7.4.5.Final.jar:7.4.5.Final]
	at org.hibernate.tool.schema.internal.Helper.applySqlString(Helper.java:218) ~[hibernate-core-7.4.5.Final.jar:7.4.5.Final]
	at org.hibernate.tool.schema.internal.Helper.applySqlStrings(Helper.java:204) ~[hibernate-core-7.4.5.Final.jar:7.4.5.Final]
	at org.hibernate.tool.schema.internal.SchemaDropperImpl.applyConstraintDropping(SchemaDropperImpl.java:473) ~[hibernate-core-7.4.5.Final.jar:7.4.5.Final]
	at org.hibernate.tool.schema.internal.SchemaDropperImpl.dropConstraintsTablesSequences(SchemaDropperImpl.java:237) ~[hibernate-core-7.4.5.Final.jar:7.4.5.Final]
	at org.hibernate.tool.schema.internal.SchemaDropperImpl.dropFromMetadata(SchemaDropperImpl.java:210) ~[hibernate-core-7.4.5.Final.jar:7.4.5.Final]
	at org.hibernate.tool.schema.internal.SchemaDropperImpl.performDrop(SchemaDropperImpl.java:182) ~[hibernate-core-7.4.5.Final.jar:7.4.5.Final]
	at org.hibernate.tool.schema.internal.SchemaDropperImpl.doDrop(SchemaDropperImpl.java:152) ~[hibernate-core-7.4.5.Final.jar:7.4.5.Final]
	at org.hibernate.tool.schema.internal.SchemaDropperImpl.doDrop(SchemaDropperImpl.java:112) ~[hibernate-core-7.4.5.Final.jar:7.4.5.Final]
	at org.hibernate.tool.schema.spi.SchemaManagementToolCoordinator.performDatabaseAction(SchemaManagementToolCoordinator.java:227) ~[hibernate-core-7.4.5.Final.jar:7.4.5.Final]
	at org.hibernate.tool.schema.spi.SchemaManagementToolCoordinator.lambda$process$1(SchemaManagementToolCoordinator.java:101) ~[hibernate-core-7.4.5.Final.jar:7.4.5.Final]
	at java.base/java.util.HashMap.forEach(HashMap.java:1421) ~[na:na]
	at org.hibernate.tool.schema.spi.SchemaManagementToolCoordinator.process(SchemaManagementToolCoordinator.java:100) ~[hibernate-core-7.4.5.Final.jar:7.4.5.Final]
	at org.hibernate.boot.internal.SessionFactoryObserverForSchemaExport.sessionFactoryCreated(SessionFactoryObserverForSchemaExport.java:35) ~[hibernate-core-7.4.5.Final.jar:7.4.5.Final]
	at org.hibernate.internal.SessionFactoryObserverChain.sessionFactoryCreated(SessionFactoryObserverChain.java:33) ~[hibernate-core-7.4.5.Final.jar:7.4.5.Final]
	at org.hibernate.internal.SessionFactoryImpl.<init>(SessionFactoryImpl.java:327) ~[hibernate-core-7.4.5.Final.jar:7.4.5.Final]
	at org.hibernate.internal.SessionFactoryRegistry.instantiateSessionFactory(SessionFactoryRegistry.java:64) ~[hibernate-core-7.4.5.Final.jar:7.4.5.Final]
	at org.hibernate.boot.internal.SessionFactoryBuilderImpl.build(SessionFactoryBuilderImpl.java:458) ~[hibernate-core-7.4.5.Final.jar:7.4.5.Final]
	at org.hibernate.jpa.boot.internal.EntityManagerFactoryBuilderImpl.build(EntityManagerFactoryBuilderImpl.java:1452) ~[hibernate-core-7.4.5.Final.jar:7.4.5.Final]
	at org.springframework.orm.jpa.vendor.SpringHibernateJpaPersistenceProvider.createContainerEntityManagerFactory(SpringHibernateJpaPersistenceProvider.java:93) ~[spring-orm-7.0.9.jar:7.0.9]
	at org.springframework.orm.jpa.LocalContainerEntityManagerFactoryBean.createNativeEntityManagerFactory(LocalContainerEntityManagerFactoryBean.java:443) ~[spring-orm-7.0.9.jar:7.0.9]
	at org.springframework.orm.jpa.AbstractEntityManagerFactoryBean.buildNativeEntityManagerFactory(AbstractEntityManagerFactoryBean.java:436) ~[spring-orm-7.0.9.jar:7.0.9]
	at org.springframework.orm.jpa.AbstractEntityManagerFactoryBean.afterPropertiesSet(AbstractEntityManagerFactoryBean.java:411) ~[spring-orm-7.0.9.jar:7.0.9]
	at org.springframework.orm.jpa.LocalContainerEntityManagerFactoryBean.afterPropertiesSet(LocalContainerEntityManagerFactoryBean.java:419) ~[spring-orm-7.0.9.jar:7.0.9]
	at org.springframework.beans.factory.support.AbstractAutowireCapableBeanFactory.invokeInitMethods(AbstractAutowireCapableBeanFactory.java:1862) ~[spring-beans-7.0.9.jar:7.0.9]
	at org.springframework.beans.factory.support.AbstractAutowireCapableBeanFactory.initializeBean(AbstractAutowireCapableBeanFactory.java:1811) ~[spring-beans-7.0.9.jar:7.0.9]
	at org.springframework.beans.factory.support.AbstractAutowireCapableBeanFactory.doCreateBean(AbstractAutowireCapableBeanFactory.java:603) ~[spring-beans-7.0.9.jar:7.0.9]
	at org.springframework.beans.factory.support.AbstractAutowireCapableBeanFactory.createBean(AbstractAutowireCapableBeanFactory.java:525) ~[spring-beans-7.0.9.jar:7.0.9]
	at org.springframework.beans.factory.support.AbstractBeanFactory.lambda$doGetBean$0(AbstractBeanFactory.java:333) ~[spring-beans-7.0.9.jar:7.0.9]
	at org.springframework.beans.factory.support.DefaultSingletonBeanRegistry.getSingleton(DefaultSingletonBeanRegistry.java:371) ~[spring-beans-7.0.9.jar:7.0.9]
	at org.springframework.beans.factory.support.AbstractBeanFactory.doGetBean(AbstractBeanFactory.java:331) ~[spring-beans-7.0.9.jar:7.0.9]
	at org.springframework.beans.factory.support.AbstractBeanFactory.getBean(AbstractBeanFactory.java:201) ~[spring-beans-7.0.9.jar:7.0.9]
	at org.springframework.context.support.AbstractApplicationContext.finishBeanFactoryInitialization(AbstractApplicationContext.java:977) ~[spring-context-7.0.9.jar:7.0.9]
	at org.springframework.context.support.AbstractApplicationContext.refresh(AbstractApplicationContext.java:621) ~[spring-context-7.0.9.jar:7.0.9]
	at org.springframework.boot.web.server.servlet.context.ServletWebServerApplicationContext.refresh(ServletWebServerApplicationContext.java:143) ~[spring-boot-web-server-4.1.1.jar:4.1.1]
	at org.springframework.boot.SpringApplication.refresh(SpringApplication.java:756) ~[spring-boot-4.1.1.jar:4.1.1]
	at org.springframework.boot.SpringApplication.refreshContext(SpringApplication.java:445) ~[spring-boot-4.1.1.jar:4.1.1]
	at org.springframework.boot.SpringApplication.run(SpringApplication.java:321) ~[spring-boot-4.1.1.jar:4.1.1]
	at org.springframework.boot.SpringApplication.run(SpringApplication.java:1365) ~[spring-boot-4.1.1.jar:4.1.1]
	at org.springframework.boot.SpringApplication.run(SpringApplication.java:1354) ~[spring-boot-4.1.1.jar:4.1.1]
	at com.aloha.jpa.JpaApplication.main(JpaApplication.java:10) ~[main/:na]
	at java.base/jdk.internal.reflect.NativeMethodAccessorImpl.invoke0(Native Method) ~[na:na]
	at java.base/jdk.internal.reflect.NativeMethodAccessorImpl.invoke(NativeMethodAccessorImpl.java:77) ~[na:na]
	at java.base/jdk.internal.reflect.DelegatingMethodAccessorImpl.invoke(DelegatingMethodAccessorImpl.java:43) ~[na:na]
	at java.base/java.lang.reflect.Method.invoke(Method.java:568) ~[na:na]
	at org.springframework.boot.devtools.restart.RestartLauncher.run(RestartLauncher.java:52) ~[spring-boot-devtools-4.1.1.jar:4.1.1]
Caused by: java.sql.SQLSyntaxErrorException: Can't DROP 'FKikhr28ut8p8qq3f33lhi643fu'; check that column/key exists
	at com.mysql.cj.jdbc.exceptions.SQLError.createSQLException(SQLError.java:112) ~[mysql-connector-j-9.7.0.jar:9.7.0]
	at com.mysql.cj.jdbc.exceptions.SQLExceptionsMapping.translateException(SQLExceptionsMapping.java:114) ~[mysql-connector-j-9.7.0.jar:9.7.0]
	at com.mysql.cj.jdbc.StatementImpl.executeInternal(StatementImpl.java:839) ~[mysql-connector-j-9.7.0.jar:9.7.0]
	at com.mysql.cj.jdbc.StatementImpl.execute(StatementImpl.java:687) ~[mysql-connector-j-9.7.0.jar:9.7.0]
	at com.zaxxer.hikari.pool.ProxyStatement.execute(ProxyStatement.java:95) ~[HikariCP-7.0.2.jar:na]
	at com.zaxxer.hikari.pool.HikariProxyStatement.execute(HikariProxyStatement.java) ~[HikariCP-7.0.2.jar:na]
	at org.hibernate.tool.schema.internal.exec.GenerationTargetToDatabase.accept(GenerationTargetToDatabase.java:86) ~[hibernate-core-7.4.5.Final.jar:7.4.5.Final]
	... 45 common frames omitted

2026-09-10T14:42:02.904+09:00  INFO 10052 --- [jpa-map] [restartedMain] j.LocalContainerEntityManagerFactoryBean : Initialized JPA EntityManagerFactory for persistence unit 'default'
2026-09-10T14:42:03.034+09:00  INFO 10052 --- [jpa-map] [restartedMain] o.s.d.j.r.query.QueryEnhancerFactories   : Hibernate is in classpath; If applicable, HQL parser will be used.
2026-09-10T14:42:03.498+09:00  WARN 10052 --- [jpa-map] [restartedMain] JpaBaseConfiguration$JpaWebConfiguration : spring.jpa.open-in-view is enabled by default. Therefore, database queries may be performed during view rendering. Explicitly configure spring.jpa.open-in-view to disable this warning
2026-09-10T14:42:04.129+09:00  INFO 10052 --- [jpa-map] [restartedMain] o.s.boot.tomcat.TomcatWebServer          : Tomcat started on port 8080 (http) with context path '/'
2026-09-10T14:42:04.146+09:00  INFO 10052 --- [jpa-map] [restartedMain] com.aloha.jpa.JpaApplication             : Started JpaApplication in 10.379 seconds (process running for 11.36)
2026-09-10T14:42:41.321+09:00  INFO 10052 --- [jpa-map] [File Watcher] rtingClassPathChangeChangedEventListener : Restarting due to 1 class path change (0 additions, 0 deletions, 1 modification)
2026-09-10T14:42:41.333+09:00  INFO 10052 --- [jpa-map] [Thread-1] o.s.boot.tomcat.GracefulShutdown         : Commencing graceful shutdown. Waiting for active requests to complete
2026-09-10T14:42:41.461+09:00  INFO 10052 --- [jpa-map] [tomcat-shutdown] o.s.boot.tomcat.GracefulShutdown         : Graceful shutdown complete
2026-09-10T14:42:41.465+09:00  INFO 10052 --- [jpa-map] [Thread-1] j.LocalContainerEntityManagerFactoryBean : Closing JPA EntityManagerFactory for persistence unit 'default'
2026-09-10T14:42:41.468+09:00  INFO 10052 --- [jpa-map] [Thread-1] com.zaxxer.hikari.HikariDataSource       : HikariPool-1 - Shutdown initiated...
2026-09-10T14:42:41.478+09:00  INFO 10052 --- [jpa-map] [Thread-1] com.zaxxer.hikari.HikariDataSource       : HikariPool-1 - Shutdown completed.
2026-09-10T14:42:41.617+09:00  INFO 10052 --- [jpa-map] [restartedMain] com.aloha.jpa.JpaApplication             : Starting JpaApplication using Java 17.0.12 with PID 10052 (C:\ALOHA\GITHUB\AIOT7_SPRINGBOOT\jpa-map\bin\main started by Admin in C:\ALOHA\GITHUB\AIOT7_SPRINGBOOT\jpa-map)
2026-09-10T14:42:41.619+09:00 DEBUG 10052 --- [jpa-map] [restartedMain] com.aloha.jpa.JpaApplication             : Running with Spring Boot v4.1.1, Spring v7.0.9
2026-09-10T14:42:41.619+09:00  INFO 10052 --- [jpa-map] [restartedMain] com.aloha.jpa.JpaApplication             : No active profile set, falling back to 1 default profile: "default"
2026-09-10T14:42:41.979+09:00  INFO 10052 --- [jpa-map] [restartedMain] .s.d.r.c.RepositoryConfigurationDelegate : Bootstrapping Spring Data JPA repositories in DEFAULT mode.
2026-09-10T14:42:42.018+09:00  INFO 10052 --- [jpa-map] [restartedMain] .s.d.r.c.RepositoryConfigurationDelegate : Finished Spring Data repository scanning in 34 ms. Found 3 JPA repository interfaces.
2026-09-10T14:42:42.294+09:00  INFO 10052 --- [jpa-map] [restartedMain] o.s.boot.tomcat.TomcatWebServer          : Tomcat initialized with port 8080 (http)
2026-09-10T14:42:42.299+09:00  INFO 10052 --- [jpa-map] [restartedMain] o.apache.catalina.core.StandardService   : Starting service [Tomcat]
2026-09-10T14:42:42.300+09:00  INFO 10052 --- [jpa-map] [restartedMain] o.apache.catalina.core.StandardEngine    : Starting Servlet engine: [Apache Tomcat/11.0.24]
2026-09-10T14:42:42.418+09:00  INFO 10052 --- [jpa-map] [restartedMain] b.w.c.s.WebApplicationContextInitializer : Root WebApplicationContext: initialization completed in 783 ms
2026-09-10T14:42:42.606+09:00  INFO 10052 --- [jpa-map] [restartedMain] org.hibernate.orm.jpa                    : HHH008540: Processing PersistenceUnitInfo [name: default]
2026-09-10T14:42:42.688+09:00  INFO 10052 --- [jpa-map] [restartedMain] o.s.o.j.p.SpringPersistenceUnitInfo      : No LoadTimeWeaver setup: ignoring JPA class transformer
2026-09-10T14:42:42.697+09:00  INFO 10052 --- [jpa-map] [restartedMain] com.zaxxer.hikari.HikariDataSource       : HikariPool-2 - Starting...
2026-09-10T14:42:42.705+09:00  INFO 10052 --- [jpa-map] [restartedMain] com.zaxxer.hikari.pool.HikariPool        : HikariPool-2 - Added connection com.mysql.cj.jdbc.ConnectionImpl@155d3b1a
2026-09-10T14:42:42.707+09:00  INFO 10052 --- [jpa-map] [restartedMain] com.zaxxer.hikari.HikariDataSource       : HikariPool-2 - Start completed.
2026-09-10T14:42:42.709+09:00  INFO 10052 --- [jpa-map] [restartedMain] org.hibernate.orm.connections.pooling    : HHH10001005: Database info:
	Database JDBC URL [jdbc:mysql://localhost:3306/aloha?serverTimezone=Asia/Seoul&allowPublicKeyRetrieval=true&useSSL=false]
	Database driver: MySQL Connector/J
	Database dialect: MySQLDialect
	Database version: 8.0.46
	Default catalog/schema: aloha/undefined
	Autocommit mode: undefined/unknown
	Isolation level: REPEATABLE_READ [default REPEATABLE_READ]
	JDBC fetch size: none
	Pool: DataSourceConnectionProvider
	Minimum pool size: undefined/unknown
	Maximum pool size: undefined/unknown
2026-09-10T14:42:42.918+09:00  INFO 10052 --- [jpa-map] [restartedMain] org.hibernate.orm.core                   : HHH000489: No JTA platform available (set 'hibernate.transaction.jta.platform' to enable JTA platform integration)
2026-09-10T14:42:43.057+09:00  INFO 10052 --- [jpa-map] [restartedMain] j.LocalContainerEntityManagerFactoryBean : Initialized JPA EntityManagerFactory for persistence unit 'default'
2026-09-10T14:42:43.231+09:00  WARN 10052 --- [jpa-map] [restartedMain] JpaBaseConfiguration$JpaWebConfiguration : spring.jpa.open-in-view is enabled by default. Therefore, database queries may be performed during view rendering. Explicitly configure spring.jpa.open-in-view to disable this warning
2026-09-10T14:42:43.499+09:00  INFO 10052 --- [jpa-map] [restartedMain] o.s.boot.tomcat.TomcatWebServer          : Tomcat started on port 8080 (http) with context path '/'
2026-09-10T14:42:43.503+09:00  INFO 10052 --- [jpa-map] [restartedMain] com.aloha.jpa.JpaApplication             : Started JpaApplication in 1.929 seconds (process running for 50.716)
2026-09-10T14:42:43.506+09:00  INFO 10052 --- [jpa-map] [restartedMain] .ConditionEvaluationDeltaLoggingListener : Condition evaluation unchanged
2026-09-10T14:42:50.108+09:00  INFO 10052 --- [jpa-map] [File Watcher] rtingClassPathChangeChangedEventListener : Restarting due to 1 class path change (0 additions, 0 deletions, 1 modification)
2026-09-10T14:42:50.110+09:00  INFO 10052 --- [jpa-map] [Thread-5] o.s.boot.tomcat.GracefulShutdown         : Commencing graceful shutdown. Waiting for active requests to complete
2026-09-10T14:42:50.234+09:00  INFO 10052 --- [jpa-map] [tomcat-shutdown] o.s.boot.tomcat.GracefulShutdown         : Graceful shutdown complete
2026-09-10T14:42:50.236+09:00  INFO 10052 --- [jpa-map] [Thread-5] j.LocalContainerEntityManagerFactoryBean : Closing JPA EntityManagerFactory for persistence unit 'default'
2026-09-10T14:42:50.236+09:00  INFO 10052 --- [jpa-map] [Thread-5] com.zaxxer.hikari.HikariDataSource       : HikariPool-2 - Shutdown initiated...
2026-09-10T14:42:50.241+09:00  INFO 10052 --- [jpa-map] [Thread-5] com.zaxxer.hikari.HikariDataSource       : HikariPool-2 - Shutdown completed.
2026-09-10T14:42:50.406+09:00  INFO 10052 --- [jpa-map] [restartedMain] com.aloha.jpa.JpaApplication             : Starting JpaApplication using Java 17.0.12 with PID 10052 (C:\ALOHA\GITHUB\AIOT7_SPRINGBOOT\jpa-map\bin\main started by Admin in C:\ALOHA\GITHUB\AIOT7_SPRINGBOOT\jpa-map)
2026-09-10T14:42:50.407+09:00 DEBUG 10052 --- [jpa-map] [restartedMain] com.aloha.jpa.JpaApplication             : Running with Spring Boot v4.1.1, Spring v7.0.9
2026-09-10T14:42:50.407+09:00  INFO 10052 --- [jpa-map] [restartedMain] com.aloha.jpa.JpaApplication             : No active profile set, falling back to 1 default profile: "default"
2026-09-10T14:42:50.812+09:00  INFO 10052 --- [jpa-map] [restartedMain] .s.d.r.c.RepositoryConfigurationDelegate : Bootstrapping Spring Data JPA repositories in DEFAULT mode.
2026-09-10T14:42:50.843+09:00  INFO 10052 --- [jpa-map] [restartedMain] .s.d.r.c.RepositoryConfigurationDelegate : Finished Spring Data repository scanning in 29 ms. Found 3 JPA repository interfaces.
2026-09-10T14:42:50.984+09:00  INFO 10052 --- [jpa-map] [restartedMain] o.s.boot.tomcat.TomcatWebServer          : Tomcat initialized with port 8080 (http)
2026-09-10T14:42:50.985+09:00  INFO 10052 --- [jpa-map] [restartedMain] o.apache.catalina.core.StandardService   : Starting service [Tomcat]
2026-09-10T14:42:50.985+09:00  INFO 10052 --- [jpa-map] [restartedMain] o.apache.catalina.core.StandardEngine    : Starting Servlet engine: [Apache Tomcat/11.0.24]
2026-09-10T14:42:51.007+09:00  INFO 10052 --- [jpa-map] [restartedMain] b.w.c.s.WebApplicationContextInitializer : Root WebApplicationContext: initialization completed in 592 ms
2026-09-10T14:42:51.100+09:00  INFO 10052 --- [jpa-map] [restartedMain] org.hibernate.orm.jpa                    : HHH008540: Processing PersistenceUnitInfo [name: default]
2026-09-10T14:42:51.159+09:00  INFO 10052 --- [jpa-map] [restartedMain] o.s.o.j.p.SpringPersistenceUnitInfo      : No LoadTimeWeaver setup: ignoring JPA class transformer
2026-09-10T14:42:51.182+09:00  INFO 10052 --- [jpa-map] [restartedMain] com.zaxxer.hikari.HikariDataSource       : HikariPool-3 - Starting...
2026-09-10T14:42:51.191+09:00  INFO 10052 --- [jpa-map] [restartedMain] com.zaxxer.hikari.pool.HikariPool        : HikariPool-3 - Added connection com.mysql.cj.jdbc.ConnectionImpl@6395887a
2026-09-10T14:42:51.193+09:00  INFO 10052 --- [jpa-map] [restartedMain] com.zaxxer.hikari.HikariDataSource       : HikariPool-3 - Start completed.
2026-09-10T14:42:51.197+09:00  INFO 10052 --- [jpa-map] [restartedMain] org.hibernate.orm.connections.pooling    : HHH10001005: Database info:
	Database JDBC URL [jdbc:mysql://localhost:3306/aloha?serverTimezone=Asia/Seoul&allowPublicKeyRetrieval=true&useSSL=false]
	Database driver: MySQL Connector/J
	Database dialect: MySQLDialect
	Database version: 8.0.46
	Default catalog/schema: aloha/undefined
	Autocommit mode: undefined/unknown
	Isolation level: REPEATABLE_READ [default REPEATABLE_READ]
	JDBC fetch size: none
	Pool: DataSourceConnectionProvider
	Minimum pool size: undefined/unknown
	Maximum pool size: undefined/unknown
2026-09-10T14:42:51.353+09:00  INFO 10052 --- [jpa-map] [restartedMain] org.hibernate.orm.core                   : HHH000489: No JTA platform available (set 'hibernate.transaction.jta.platform' to enable JTA platform integration)
2026-09-10T14:42:51.372+09:00  INFO 10052 --- [jpa-map] [restartedMain] j.LocalContainerEntityManagerFactoryBean : Initialized JPA EntityManagerFactory for persistence unit 'default'
2026-09-10T14:42:51.550+09:00  WARN 10052 --- [jpa-map] [restartedMain] JpaBaseConfiguration$JpaWebConfiguration : spring.jpa.open-in-view is enabled by default. Therefore, database queries may be performed during view rendering. Explicitly configure spring.jpa.open-in-view to disable this warning
2026-09-10T14:42:51.727+09:00  INFO 10052 --- [jpa-map] [restartedMain] o.s.boot.tomcat.TomcatWebServer          : Tomcat started on port 8080 (http) with context path '/'
2026-09-10T14:42:51.729+09:00  INFO 10052 --- [jpa-map] [restartedMain] com.aloha.jpa.JpaApplication             : Started JpaApplication in 1.364 seconds (process running for 58.943)
2026-09-10T14:42:51.730+09:00  INFO 10052 --- [jpa-map] [restartedMain] .ConditionEvaluationDeltaLoggingListener : Condition evaluation unchanged
2026-09-10T14:46:08.443+09:00  INFO 10052 --- [jpa-map] [http-nio-8080-exec-3] o.a.c.c.C.[Tomcat].[localhost].[/]       : Initializing Spring DispatcherServlet 'dispatcherServlet'
2026-09-10T14:46:08.444+09:00  INFO 10052 --- [jpa-map] [http-nio-8080-exec-3] o.s.web.servlet.DispatcherServlet        : Initializing Servlet 'dispatcherServlet'
2026-09-10T14:46:08.445+09:00  INFO 10052 --- [jpa-map] [http-nio-8080-exec-3] o.s.web.servlet.DispatcherServlet        : Completed initialization in 1 ms
2026-09-10T14:54:12.462+09:00  INFO 10052 --- [jpa-map] [File Watcher] rtingClassPathChangeChangedEventListener : Restarting due to 1 class path change (0 additions, 0 deletions, 1 modification)
2026-09-10T14:54:12.467+09:00  INFO 10052 --- [jpa-map] [Thread-9] o.s.boot.tomcat.GracefulShutdown         : Commencing graceful shutdown. Waiting for active requests to complete
2026-09-10T14:54:12.567+09:00  INFO 10052 --- [jpa-map] [tomcat-shutdown] o.s.boot.tomcat.GracefulShutdown         : Graceful shutdown complete
2026-09-10T14:54:12.568+09:00  INFO 10052 --- [jpa-map] [Thread-9] j.LocalContainerEntityManagerFactoryBean : Closing JPA EntityManagerFactory for persistence unit 'default'
2026-09-10T14:54:12.569+09:00  INFO 10052 --- [jpa-map] [Thread-9] com.zaxxer.hikari.HikariDataSource       : HikariPool-3 - Shutdown initiated...
2026-09-10T14:54:12.570+09:00  INFO 10052 --- [jpa-map] [Thread-9] com.zaxxer.hikari.HikariDataSource       : HikariPool-3 - Shutdown completed.
2026-09-10T14:54:12.717+09:00  INFO 10052 --- [jpa-map] [restartedMain] com.aloha.jpa.JpaApplication             : Starting JpaApplication using Java 17.0.12 with PID 10052 (C:\ALOHA\GITHUB\AIOT7_SPRINGBOOT\jpa-map\bin\main started by Admin in C:\ALOHA\GITHUB\AIOT7_SPRINGBOOT\jpa-map)
2026-09-10T14:54:12.717+09:00 DEBUG 10052 --- [jpa-map] [restartedMain] com.aloha.jpa.JpaApplication             : Running with Spring Boot v4.1.1, Spring v7.0.9
2026-09-10T14:54:12.718+09:00  INFO 10052 --- [jpa-map] [restartedMain] com.aloha.jpa.JpaApplication             : No active profile set, falling back to 1 default profile: "default"
2026-09-10T14:54:13.029+09:00  INFO 10052 --- [jpa-map] [restartedMain] .s.d.r.c.RepositoryConfigurationDelegate : Bootstrapping Spring Data JPA repositories in DEFAULT mode.
2026-09-10T14:54:13.061+09:00  INFO 10052 --- [jpa-map] [restartedMain] .s.d.r.c.RepositoryConfigurationDelegate : Finished Spring Data repository scanning in 28 ms. Found 3 JPA repository interfaces.
2026-09-10T14:54:13.202+09:00  INFO 10052 --- [jpa-map] [restartedMain] o.s.boot.tomcat.TomcatWebServer          : Tomcat initialized with port 8080 (http)
2026-09-10T14:54:13.207+09:00  INFO 10052 --- [jpa-map] [restartedMain] o.apache.catalina.core.StandardService   : Starting service [Tomcat]
2026-09-10T14:54:13.216+09:00  INFO 10052 --- [jpa-map] [restartedMain] o.apache.catalina.core.StandardEngine    : Starting Servlet engine: [Apache Tomcat/11.0.24]
2026-09-10T14:54:13.256+09:00  INFO 10052 --- [jpa-map] [restartedMain] b.w.c.s.WebApplicationContextInitializer : Root WebApplicationContext: initialization completed in 535 ms
2026-09-10T14:54:13.329+09:00  INFO 10052 --- [jpa-map] [restartedMain] org.hibernate.orm.jpa                    : HHH008540: Processing PersistenceUnitInfo [name: default]
2026-09-10T14:54:13.378+09:00  INFO 10052 --- [jpa-map] [restartedMain] o.s.o.j.p.SpringPersistenceUnitInfo      : No LoadTimeWeaver setup: ignoring JPA class transformer
2026-09-10T14:54:13.380+09:00  INFO 10052 --- [jpa-map] [restartedMain] com.zaxxer.hikari.HikariDataSource       : HikariPool-4 - Starting...
2026-09-10T14:54:13.388+09:00  INFO 10052 --- [jpa-map] [restartedMain] com.zaxxer.hikari.pool.HikariPool        : HikariPool-4 - Added connection com.mysql.cj.jdbc.ConnectionImpl@1b19e7a9
2026-09-10T14:54:13.388+09:00  INFO 10052 --- [jpa-map] [restartedMain] com.zaxxer.hikari.HikariDataSource       : HikariPool-4 - Start completed.
2026-09-10T14:54:13.390+09:00  INFO 10052 --- [jpa-map] [restartedMain] org.hibernate.orm.connections.pooling    : HHH10001005: Database info:
	Database JDBC URL [jdbc:mysql://localhost:3306/aloha?serverTimezone=Asia/Seoul&allowPublicKeyRetrieval=true&useSSL=false]
	Database driver: MySQL Connector/J
	Database dialect: MySQLDialect
	Database version: 8.0.46
	Default catalog/schema: aloha/undefined
	Autocommit mode: undefined/unknown
	Isolation level: REPEATABLE_READ [default REPEATABLE_READ]
	JDBC fetch size: none
	Pool: DataSourceConnectionProvider
	Minimum pool size: undefined/unknown
	Maximum pool size: undefined/unknown
2026-09-10T14:54:13.513+09:00  INFO 10052 --- [jpa-map] [restartedMain] org.hibernate.orm.core                   : HHH000489: No JTA platform available (set 'hibernate.transaction.jta.platform' to enable JTA platform integration)
2026-09-10T14:54:13.530+09:00  INFO 10052 --- [jpa-map] [restartedMain] j.LocalContainerEntityManagerFactoryBean : Initialized JPA EntityManagerFactory for persistence unit 'default'
2026-09-10T14:54:13.641+09:00  WARN 10052 --- [jpa-map] [restartedMain] JpaBaseConfiguration$JpaWebConfiguration : spring.jpa.open-in-view is enabled by default. Therefore, database queries may be performed during view rendering. Explicitly configure spring.jpa.open-in-view to disable this warning
2026-09-10T14:54:13.772+09:00  INFO 10052 --- [jpa-map] [restartedMain] o.s.boot.tomcat.TomcatWebServer          : Tomcat started on port 8080 (http) with context path '/'
2026-09-10T14:54:13.774+09:00  INFO 10052 --- [jpa-map] [restartedMain] com.aloha.jpa.JpaApplication             : Started JpaApplication in 1.091 seconds (process running for 740.988)
2026-09-10T14:54:13.777+09:00  INFO 10052 --- [jpa-map] [restartedMain] .ConditionEvaluationDeltaLoggingListener : Condition evaluation unchanged
2026-09-10T14:55:07.443+09:00  INFO 10052 --- [jpa-map] [File Watcher] rtingClassPathChangeChangedEventListener : Restarting due to 1 class path change (0 additions, 0 deletions, 1 modification)
2026-09-10T14:55:07.445+09:00  INFO 10052 --- [jpa-map] [Thread-13] o.s.boot.tomcat.GracefulShutdown         : Commencing graceful shutdown. Waiting for active requests to complete
2026-09-10T14:55:07.537+09:00  INFO 10052 --- [jpa-map] [tomcat-shutdown] o.s.boot.tomcat.GracefulShutdown         : Graceful shutdown complete
2026-09-10T14:55:07.540+09:00  INFO 10052 --- [jpa-map] [Thread-13] j.LocalContainerEntityManagerFactoryBean : Closing JPA EntityManagerFactory for persistence unit 'default'
2026-09-10T14:55:07.541+09:00  INFO 10052 --- [jpa-map] [Thread-13] com.zaxxer.hikari.HikariDataSource       : HikariPool-4 - Shutdown initiated...
2026-09-10T14:55:07.544+09:00  INFO 10052 --- [jpa-map] [Thread-13] com.zaxxer.hikari.HikariDataSource       : HikariPool-4 - Shutdown completed.
2026-09-10T14:55:07.663+09:00  INFO 10052 --- [jpa-map] [restartedMain] com.aloha.jpa.JpaApplication             : Starting JpaApplication using Java 17.0.12 with PID 10052 (C:\ALOHA\GITHUB\AIOT7_SPRINGBOOT\jpa-map\bin\main started by Admin in C:\ALOHA\GITHUB\AIOT7_SPRINGBOOT\jpa-map)
2026-09-10T14:55:07.664+09:00 DEBUG 10052 --- [jpa-map] [restartedMain] com.aloha.jpa.JpaApplication             : Running with Spring Boot v4.1.1, Spring v7.0.9
2026-09-10T14:55:07.664+09:00  INFO 10052 --- [jpa-map] [restartedMain] com.aloha.jpa.JpaApplication             : No active profile set, falling back to 1 default profile: "default"
2026-09-10T14:55:07.835+09:00  INFO 10052 --- [jpa-map] [restartedMain] .s.d.r.c.RepositoryConfigurationDelegate : Bootstrapping Spring Data JPA repositories in DEFAULT mode.
2026-09-10T14:55:07.862+09:00  INFO 10052 --- [jpa-map] [restartedMain] .s.d.r.c.RepositoryConfigurationDelegate : Finished Spring Data repository scanning in 23 ms. Found 3 JPA repository interfaces.
2026-09-10T14:55:07.939+09:00  INFO 10052 --- [jpa-map] [restartedMain] o.s.boot.tomcat.TomcatWebServer          : Tomcat initialized with port 8080 (http)
2026-09-10T14:55:07.941+09:00  INFO 10052 --- [jpa-map] [restartedMain] o.apache.catalina.core.StandardService   : Starting service [Tomcat]
2026-09-10T14:55:07.942+09:00  INFO 10052 --- [jpa-map] [restartedMain] o.apache.catalina.core.StandardEngine    : Starting Servlet engine: [Apache Tomcat/11.0.24]
2026-09-10T14:55:07.968+09:00  INFO 10052 --- [jpa-map] [restartedMain] b.w.c.s.WebApplicationContextInitializer : Root WebApplicationContext: initialization completed in 302 ms
2026-09-10T14:55:08.019+09:00  INFO 10052 --- [jpa-map] [restartedMain] org.hibernate.orm.jpa                    : HHH008540: Processing PersistenceUnitInfo [name: default]
2026-09-10T14:55:08.112+09:00  INFO 10052 --- [jpa-map] [restartedMain] o.s.o.j.p.SpringPersistenceUnitInfo      : No LoadTimeWeaver setup: ignoring JPA class transformer
2026-09-10T14:55:08.114+09:00  INFO 10052 --- [jpa-map] [restartedMain] com.zaxxer.hikari.HikariDataSource       : HikariPool-5 - Starting...
2026-09-10T14:55:08.120+09:00  INFO 10052 --- [jpa-map] [restartedMain] com.zaxxer.hikari.pool.HikariPool        : HikariPool-5 - Added connection com.mysql.cj.jdbc.ConnectionImpl@2b5d240e
2026-09-10T14:55:08.122+09:00  INFO 10052 --- [jpa-map] [restartedMain] com.zaxxer.hikari.HikariDataSource       : HikariPool-5 - Start completed.
2026-09-10T14:55:08.125+09:00  INFO 10052 --- [jpa-map] [restartedMain] org.hibernate.orm.connections.pooling    : HHH10001005: Database info:
	Database JDBC URL [jdbc:mysql://localhost:3306/aloha?serverTimezone=Asia/Seoul&allowPublicKeyRetrieval=true&useSSL=false]
	Database driver: MySQL Connector/J
	Database dialect: MySQLDialect
	Database version: 8.0.46
	Default catalog/schema: aloha/undefined
	Autocommit mode: undefined/unknown
	Isolation level: REPEATABLE_READ [default REPEATABLE_READ]
	JDBC fetch size: none
	Pool: DataSourceConnectionProvider
	Minimum pool size: undefined/unknown
	Maximum pool size: undefined/unknown
2026-09-10T14:55:08.221+09:00  INFO 10052 --- [jpa-map] [restartedMain] org.hibernate.orm.core                   : HHH000489: No JTA platform available (set 'hibernate.transaction.jta.platform' to enable JTA platform integration)
2026-09-10T14:55:08.245+09:00  INFO 10052 --- [jpa-map] [restartedMain] j.LocalContainerEntityManagerFactoryBean : Initialized JPA EntityManagerFactory for persistence unit 'default'
2026-09-10T14:55:08.340+09:00  WARN 10052 --- [jpa-map] [restartedMain] JpaBaseConfiguration$JpaWebConfiguration : spring.jpa.open-in-view is enabled by default. Therefore, database queries may be performed during view rendering. Explicitly configure spring.jpa.open-in-view to disable this warning
2026-09-10T14:55:08.451+09:00  INFO 10052 --- [jpa-map] [restartedMain] o.s.boot.tomcat.TomcatWebServer          : Tomcat started on port 8080 (http) with context path '/'
2026-09-10T14:55:08.453+09:00  INFO 10052 --- [jpa-map] [restartedMain] com.aloha.jpa.JpaApplication             : Started JpaApplication in 0.811 seconds (process running for 795.666)
2026-09-10T14:55:08.453+09:00  INFO 10052 --- [jpa-map] [restartedMain] .ConditionEvaluationDeltaLoggingListener : Condition evaluation unchanged
2026-09-10T14:55:40.871+09:00  INFO 10052 --- [jpa-map] [File Watcher] rtingClassPathChangeChangedEventListener : Restarting due to 1 class path change (0 additions, 0 deletions, 1 modification)
2026-09-10T14:55:40.872+09:00  INFO 10052 --- [jpa-map] [Thread-17] o.s.boot.tomcat.GracefulShutdown         : Commencing graceful shutdown. Waiting for active requests to complete
2026-09-10T14:55:40.954+09:00  INFO 10052 --- [jpa-map] [tomcat-shutdown] o.s.boot.tomcat.GracefulShutdown         : Graceful shutdown complete
2026-09-10T14:55:40.956+09:00  INFO 10052 --- [jpa-map] [Thread-17] j.LocalContainerEntityManagerFactoryBean : Closing JPA EntityManagerFactory for persistence unit 'default'
2026-09-10T14:55:40.957+09:00  INFO 10052 --- [jpa-map] [Thread-17] com.zaxxer.hikari.HikariDataSource       : HikariPool-5 - Shutdown initiated...
2026-09-10T14:55:40.960+09:00  INFO 10052 --- [jpa-map] [Thread-17] com.zaxxer.hikari.HikariDataSource       : HikariPool-5 - Shutdown completed.
2026-09-10T14:55:41.071+09:00  INFO 10052 --- [jpa-map] [restartedMain] com.aloha.jpa.JpaApplication             : Starting JpaApplication using Java 17.0.12 with PID 10052 (C:\ALOHA\GITHUB\AIOT7_SPRINGBOOT\jpa-map\bin\main started by Admin in C:\ALOHA\GITHUB\AIOT7_SPRINGBOOT\jpa-map)
2026-09-10T14:55:41.071+09:00 DEBUG 10052 --- [jpa-map] [restartedMain] com.aloha.jpa.JpaApplication             : Running with Spring Boot v4.1.1, Spring v7.0.9
2026-09-10T14:55:41.071+09:00  INFO 10052 --- [jpa-map] [restartedMain] com.aloha.jpa.JpaApplication             : No active profile set, falling back to 1 default profile: "default"
2026-09-10T14:55:41.370+09:00  INFO 10052 --- [jpa-map] [restartedMain] .s.d.r.c.RepositoryConfigurationDelegate : Bootstrapping Spring Data JPA repositories in DEFAULT mode.
2026-09-10T14:55:41.385+09:00  INFO 10052 --- [jpa-map] [restartedMain] .s.d.r.c.RepositoryConfigurationDelegate : Finished Spring Data repository scanning in 14 ms. Found 3 JPA repository interfaces.
2026-09-10T14:55:41.529+09:00  INFO 10052 --- [jpa-map] [restartedMain] o.s.boot.tomcat.TomcatWebServer          : Tomcat initialized with port 8080 (http)
2026-09-10T14:55:41.530+09:00  INFO 10052 --- [jpa-map] [restartedMain] o.apache.catalina.core.StandardService   : Starting service [Tomcat]
2026-09-10T14:55:41.551+09:00  INFO 10052 --- [jpa-map] [restartedMain] o.apache.catalina.core.StandardEngine    : Starting Servlet engine: [Apache Tomcat/11.0.24]
2026-09-10T14:55:41.579+09:00  INFO 10052 --- [jpa-map] [restartedMain] b.w.c.s.WebApplicationContextInitializer : Root WebApplicationContext: initialization completed in 504 ms
2026-09-10T14:55:41.647+09:00  INFO 10052 --- [jpa-map] [restartedMain] org.hibernate.orm.jpa                    : HHH008540: Processing PersistenceUnitInfo [name: default]
2026-09-10T14:55:41.720+09:00  INFO 10052 --- [jpa-map] [restartedMain] o.s.o.j.p.SpringPersistenceUnitInfo      : No LoadTimeWeaver setup: ignoring JPA class transformer
2026-09-10T14:55:41.722+09:00  INFO 10052 --- [jpa-map] [restartedMain] com.zaxxer.hikari.HikariDataSource       : HikariPool-6 - Starting...
2026-09-10T14:55:41.732+09:00  INFO 10052 --- [jpa-map] [restartedMain] com.zaxxer.hikari.pool.HikariPool        : HikariPool-6 - Added connection com.mysql.cj.jdbc.ConnectionImpl@320f8b34
2026-09-10T14:55:41.733+09:00  INFO 10052 --- [jpa-map] [restartedMain] com.zaxxer.hikari.HikariDataSource       : HikariPool-6 - Start completed.
2026-09-10T14:55:41.752+09:00  INFO 10052 --- [jpa-map] [restartedMain] org.hibernate.orm.connections.pooling    : HHH10001005: Database info:
	Database JDBC URL [jdbc:mysql://localhost:3306/aloha?serverTimezone=Asia/Seoul&allowPublicKeyRetrieval=true&useSSL=false]
	Database driver: MySQL Connector/J
	Database dialect: MySQLDialect
	Database version: 8.0.46
	Default catalog/schema: aloha/undefined
	Autocommit mode: undefined/unknown
	Isolation level: REPEATABLE_READ [default REPEATABLE_READ]
	JDBC fetch size: none
	Pool: DataSourceConnectionProvider
	Minimum pool size: undefined/unknown
	Maximum pool size: undefined/unknown
2026-09-10T14:55:41.866+09:00  INFO 10052 --- [jpa-map] [restartedMain] org.hibernate.orm.core                   : HHH000489: No JTA platform available (set 'hibernate.transaction.jta.platform' to enable JTA platform integration)
2026-09-10T14:55:41.885+09:00  INFO 10052 --- [jpa-map] [restartedMain] j.LocalContainerEntityManagerFactoryBean : Initialized JPA EntityManagerFactory for persistence unit 'default'
2026-09-10T14:55:42.006+09:00  WARN 10052 --- [jpa-map] [restartedMain] JpaBaseConfiguration$JpaWebConfiguration : spring.jpa.open-in-view is enabled by default. Therefore, database queries may be performed during view rendering. Explicitly configure spring.jpa.open-in-view to disable this warning
2026-09-10T14:55:42.165+09:00  INFO 10052 --- [jpa-map] [restartedMain] o.s.boot.tomcat.TomcatWebServer          : Tomcat started on port 8080 (http) with context path '/'
2026-09-10T14:55:42.171+09:00  INFO 10052 --- [jpa-map] [restartedMain] com.aloha.jpa.JpaApplication             : Started JpaApplication in 1.124 seconds (process running for 829.385)
2026-09-10T14:55:42.183+09:00  INFO 10052 --- [jpa-map] [restartedMain] .ConditionEvaluationDeltaLoggingListener : Condition evaluation unchanged
2026-09-10T14:55:51.917+09:00  INFO 10052 --- [jpa-map] [File Watcher] rtingClassPathChangeChangedEventListener : Restarting due to 1 class path change (0 additions, 0 deletions, 1 modification)
2026-09-10T14:55:51.919+09:00  INFO 10052 --- [jpa-map] [Thread-21] o.s.boot.tomcat.GracefulShutdown         : Commencing graceful shutdown. Waiting for active requests to complete
2026-09-10T14:55:52.001+09:00  INFO 10052 --- [jpa-map] [tomcat-shutdown] o.s.boot.tomcat.GracefulShutdown         : Graceful shutdown complete
2026-09-10T14:55:52.002+09:00  INFO 10052 --- [jpa-map] [Thread-21] j.LocalContainerEntityManagerFactoryBean : Closing JPA EntityManagerFactory for persistence unit 'default'
2026-09-10T14:55:52.003+09:00  INFO 10052 --- [jpa-map] [Thread-21] com.zaxxer.hikari.HikariDataSource       : HikariPool-6 - Shutdown initiated...
2026-09-10T14:55:52.005+09:00  INFO 10052 --- [jpa-map] [Thread-21] com.zaxxer.hikari.HikariDataSource       : HikariPool-6 - Shutdown completed.
2026-09-10T14:55:52.133+09:00  INFO 10052 --- [jpa-map] [restartedMain] com.aloha.jpa.JpaApplication             : Starting JpaApplication using Java 17.0.12 with PID 10052 (C:\ALOHA\GITHUB\AIOT7_SPRINGBOOT\jpa-map\bin\main started by Admin in C:\ALOHA\GITHUB\AIOT7_SPRINGBOOT\jpa-map)
2026-09-10T14:55:52.133+09:00 DEBUG 10052 --- [jpa-map] [restartedMain] com.aloha.jpa.JpaApplication             : Running with Spring Boot v4.1.1, Spring v7.0.9
2026-09-10T14:55:52.133+09:00  INFO 10052 --- [jpa-map] [restartedMain] com.aloha.jpa.JpaApplication             : No active profile set, falling back to 1 default profile: "default"
2026-09-10T14:55:52.350+09:00  INFO 10052 --- [jpa-map] [restartedMain] .s.d.r.c.RepositoryConfigurationDelegate : Bootstrapping Spring Data JPA repositories in DEFAULT mode.
2026-09-10T14:55:52.370+09:00  INFO 10052 --- [jpa-map] [restartedMain] .s.d.r.c.RepositoryConfigurationDelegate : Finished Spring Data repository scanning in 19 ms. Found 3 JPA repository interfaces.
2026-09-10T14:55:52.461+09:00  INFO 10052 --- [jpa-map] [restartedMain] o.s.boot.tomcat.TomcatWebServer          : Tomcat initialized with port 8080 (http)
2026-09-10T14:55:52.469+09:00  INFO 10052 --- [jpa-map] [restartedMain] o.apache.catalina.core.StandardService   : Starting service [Tomcat]
2026-09-10T14:55:52.470+09:00  INFO 10052 --- [jpa-map] [restartedMain] o.apache.catalina.core.StandardEngine    : Starting Servlet engine: [Apache Tomcat/11.0.24]
2026-09-10T14:55:52.508+09:00  INFO 10052 --- [jpa-map] [restartedMain] b.w.c.s.WebApplicationContextInitializer : Root WebApplicationContext: initialization completed in 374 ms
2026-09-10T14:55:52.592+09:00  INFO 10052 --- [jpa-map] [restartedMain] org.hibernate.orm.jpa                    : HHH008540: Processing PersistenceUnitInfo [name: default]
2026-09-10T14:55:52.667+09:00  INFO 10052 --- [jpa-map] [restartedMain] o.s.o.j.p.SpringPersistenceUnitInfo      : No LoadTimeWeaver setup: ignoring JPA class transformer
2026-09-10T14:55:52.669+09:00  INFO 10052 --- [jpa-map] [restartedMain] com.zaxxer.hikari.HikariDataSource       : HikariPool-7 - Starting...
2026-09-10T14:55:52.672+09:00  INFO 10052 --- [jpa-map] [restartedMain] com.zaxxer.hikari.pool.HikariPool        : HikariPool-7 - Added connection com.mysql.cj.jdbc.ConnectionImpl@2b4ee696
2026-09-10T14:55:52.674+09:00  INFO 10052 --- [jpa-map] [restartedMain] com.zaxxer.hikari.HikariDataSource       : HikariPool-7 - Start completed.
2026-09-10T14:55:52.686+09:00  INFO 10052 --- [jpa-map] [restartedMain] org.hibernate.orm.connections.pooling    : HHH10001005: Database info:
	Database JDBC URL [jdbc:mysql://localhost:3306/aloha?serverTimezone=Asia/Seoul&allowPublicKeyRetrieval=true&useSSL=false]
	Database driver: MySQL Connector/J
	Database dialect: MySQLDialect
	Database version: 8.0.46
	Default catalog/schema: aloha/undefined
	Autocommit mode: undefined/unknown
	Isolation level: REPEATABLE_READ [default REPEATABLE_READ]
	JDBC fetch size: none
	Pool: DataSourceConnectionProvider
	Minimum pool size: undefined/unknown
	Maximum pool size: undefined/unknown
2026-09-10T14:55:52.786+09:00  INFO 10052 --- [jpa-map] [restartedMain] org.hibernate.orm.core                   : HHH000489: No JTA platform available (set 'hibernate.transaction.jta.platform' to enable JTA platform integration)
2026-09-10T14:55:52.806+09:00  INFO 10052 --- [jpa-map] [restartedMain] j.LocalContainerEntityManagerFactoryBean : Initialized JPA EntityManagerFactory for persistence unit 'default'
2026-09-10T14:55:52.885+09:00  WARN 10052 --- [jpa-map] [restartedMain] JpaBaseConfiguration$JpaWebConfiguration : spring.jpa.open-in-view is enabled by default. Therefore, database queries may be performed during view rendering. Explicitly configure spring.jpa.open-in-view to disable this warning
2026-09-10T14:55:52.998+09:00  INFO 10052 --- [jpa-map] [restartedMain] o.s.boot.tomcat.TomcatWebServer          : Tomcat started on port 8080 (http) with context path '/'
2026-09-10T14:55:53.000+09:00  INFO 10052 --- [jpa-map] [restartedMain] com.aloha.jpa.JpaApplication             : Started JpaApplication in 0.896 seconds (process running for 840.214)
2026-09-10T14:55:53.001+09:00  INFO 10052 --- [jpa-map] [restartedMain] .ConditionEvaluationDeltaLoggingListener : Condition evaluation unchanged
2026-09-10T14:59:12.470+09:00  INFO 10052 --- [jpa-map] [http-nio-8080-exec-3] o.a.c.c.C.[Tomcat].[localhost].[/]       : Initializing Spring DispatcherServlet 'dispatcherServlet'
2026-09-10T14:59:12.470+09:00  INFO 10052 --- [jpa-map] [http-nio-8080-exec-3] o.s.web.servlet.DispatcherServlet        : Initializing Servlet 'dispatcherServlet'
2026-09-10T14:59:12.473+09:00  INFO 10052 --- [jpa-map] [http-nio-8080-exec-3] o.s.web.servlet.DispatcherServlet        : Completed initialization in 3 ms
