2026-09-14T11:09:38.046+09:00  INFO 20024 --- [rest] [restartedMain] com.aloha.rest.RestApplication           : Starting RestApplication using Java 17.0.12 with PID 20024 (C:\ALOHA\GITHUB\AIOT7_SPRINGBOOT\rest\bin\main started by Admin in C:\ALOHA\GITHUB\AIOT7_SPRINGBOOT)
2026-09-14T11:09:38.073+09:00  INFO 20024 --- [rest] [restartedMain] com.aloha.rest.RestApplication           : No active profile set, falling back to 1 default profile: "default"
2026-09-14T11:09:38.263+09:00  INFO 20024 --- [rest] [restartedMain] .e.DevToolsPropertyDefaultsPostProcessor : Devtools property defaults active! Set 'spring.devtools.add-properties' to 'false' to disable
2026-09-14T11:09:38.266+09:00  INFO 20024 --- [rest] [restartedMain] .e.DevToolsPropertyDefaultsPostProcessor : For additional web related logging consider setting the 'logging.level.web' property to 'DEBUG'
2026-09-14T11:09:40.048+09:00  INFO 20024 --- [rest] [restartedMain] .s.d.r.c.RepositoryConfigurationDelegate : Bootstrapping Spring Data JPA repositories in DEFAULT mode.
2026-09-14T11:09:40.183+09:00  INFO 20024 --- [rest] [restartedMain] .s.d.r.c.RepositoryConfigurationDelegate : Finished Spring Data repository scanning in 114 ms. Found 1 JPA repository interface.
2026-09-14T11:09:41.793+09:00  INFO 20024 --- [rest] [restartedMain] o.s.boot.tomcat.TomcatWebServer          : Tomcat initialized with port 8080 (http)
2026-09-14T11:09:41.818+09:00  INFO 20024 --- [rest] [restartedMain] o.apache.catalina.core.StandardService   : Starting service [Tomcat]
2026-09-14T11:09:41.820+09:00  INFO 20024 --- [rest] [restartedMain] o.apache.catalina.core.StandardEngine    : Starting Servlet engine: [Apache Tomcat/11.0.24]
2026-09-14T11:09:41.919+09:00  INFO 20024 --- [rest] [restartedMain] b.w.c.s.WebApplicationContextInitializer : Root WebApplicationContext: initialization completed in 3647 ms
2026-09-14T11:09:42.517+09:00  INFO 20024 --- [rest] [restartedMain] org.hibernate.orm.jpa                    : HHH008540: Processing PersistenceUnitInfo [name: default]
2026-09-14T11:09:42.755+09:00  INFO 20024 --- [rest] [restartedMain] org.hibernate.orm.core                   : HHH000001: Hibernate ORM core version 7.4.5.Final
2026-09-14T11:09:43.977+09:00  INFO 20024 --- [rest] [restartedMain] o.s.o.j.p.SpringPersistenceUnitInfo      : No LoadTimeWeaver setup: ignoring JPA class transformer
2026-09-14T11:09:44.087+09:00  INFO 20024 --- [rest] [restartedMain] com.zaxxer.hikari.HikariDataSource       : HikariPool-1 - Starting...
2026-09-14T11:09:44.442+09:00  INFO 20024 --- [rest] [restartedMain] com.zaxxer.hikari.pool.HikariPool        : HikariPool-1 - Added connection com.mysql.cj.jdbc.ConnectionImpl@45dc6af1
2026-09-14T11:09:44.446+09:00  INFO 20024 --- [rest] [restartedMain] com.zaxxer.hikari.HikariDataSource       : HikariPool-1 - Start completed.
2026-09-14T11:09:44.639+09:00  INFO 20024 --- [rest] [restartedMain] org.hibernate.orm.connections.pooling    : HHH10001005: Database info:
	Database JDBC URL [jdbc:mysql://localhost:3306/aloha?serverTimezone=Asia/Seoul&allowPublicKeyRetrieval=true&useSSL=false]
	Database driver: MySQL Connector/J
	Database dialect: MySQLDialect
	Database version: 8.0.46
	Default catalog/schema: aloha/undefined
	Autocommit mode: undefined/unknown
	Isolation level: REPEATABLE_READ [default REPEATABLE_READ]
	JDBC fetch size: none
	Pool: DataSourceConnectionProvider
	Minimum pool size: undefined/unknown
	Maximum pool size: undefined/unknown
2026-09-14T11:09:46.346+09:00  INFO 20024 --- [rest] [restartedMain] org.hibernate.orm.core                   : HHH000489: No JTA platform available (set 'hibernate.transaction.jta.platform' to enable JTA platform integration)
2026-09-14T11:09:46.460+09:00  INFO 20024 --- [rest] [restartedMain] j.LocalContainerEntityManagerFactoryBean : Initialized JPA EntityManagerFactory for persistence unit 'default'
2026-09-14T11:09:46.707+09:00  INFO 20024 --- [rest] [restartedMain] o.s.d.j.r.query.QueryEnhancerFactories   : Hibernate is in classpath; If applicable, HQL parser will be used.
2026-09-14T11:09:47.010+09:00  WARN 20024 --- [rest] [restartedMain] JpaBaseConfiguration$JpaWebConfiguration : spring.jpa.open-in-view is enabled by default. Therefore, database queries may be performed during view rendering. Explicitly configure spring.jpa.open-in-view to disable this warning
2026-09-14T11:09:47.809+09:00  INFO 20024 --- [rest] [restartedMain] o.s.boot.tomcat.TomcatWebServer          : Tomcat started on port 8080 (http) with context path '/'
2026-09-14T11:09:47.825+09:00  INFO 20024 --- [rest] [restartedMain] com.aloha.rest.RestApplication           : Started RestApplication in 10.788 seconds (process running for 11.772)
2026-09-14T11:10:37.005+09:00  INFO 3024 --- [rest] [restartedMain] com.aloha.rest.RestApplication           : Starting RestApplication using Java 17.0.12 with PID 3024 (C:\ALOHA\GITHUB\AIOT7_SPRINGBOOT\rest\bin\main started by Admin in C:\ALOHA\GITHUB\AIOT7_SPRINGBOOT)
2026-09-14T11:10:37.015+09:00  INFO 3024 --- [rest] [restartedMain] com.aloha.rest.RestApplication           : No active profile set, falling back to 1 default profile: "default"
2026-09-14T11:10:37.195+09:00  INFO 3024 --- [rest] [restartedMain] .e.DevToolsPropertyDefaultsPostProcessor : Devtools property defaults active! Set 'spring.devtools.add-properties' to 'false' to disable
2026-09-14T11:10:37.207+09:00  INFO 3024 --- [rest] [restartedMain] .e.DevToolsPropertyDefaultsPostProcessor : For additional web related logging consider setting the 'logging.level.web' property to 'DEBUG'
2026-09-14T11:10:38.532+09:00  INFO 3024 --- [rest] [restartedMain] .s.d.r.c.RepositoryConfigurationDelegate : Bootstrapping Spring Data JPA repositories in DEFAULT mode.
2026-09-14T11:10:38.751+09:00  INFO 3024 --- [rest] [restartedMain] .s.d.r.c.RepositoryConfigurationDelegate : Finished Spring Data repository scanning in 153 ms. Found 1 JPA repository interface.
2026-09-14T11:10:41.477+09:00  INFO 3024 --- [rest] [restartedMain] o.s.boot.tomcat.TomcatWebServer          : Tomcat initialized with port 8080 (http)
2026-09-14T11:10:41.507+09:00  INFO 3024 --- [rest] [restartedMain] o.apache.catalina.core.StandardService   : Starting service [Tomcat]
2026-09-14T11:10:41.515+09:00  INFO 3024 --- [rest] [restartedMain] o.apache.catalina.core.StandardEngine    : Starting Servlet engine: [Apache Tomcat/11.0.24]
2026-09-14T11:10:41.633+09:00  INFO 3024 --- [rest] [restartedMain] b.w.c.s.WebApplicationContextInitializer : Root WebApplicationContext: initialization completed in 4407 ms
2026-09-14T11:10:42.451+09:00  INFO 3024 --- [rest] [restartedMain] org.hibernate.orm.jpa                    : HHH008540: Processing PersistenceUnitInfo [name: default]
2026-09-14T11:10:42.649+09:00  INFO 3024 --- [rest] [restartedMain] org.hibernate.orm.core                   : HHH000001: Hibernate ORM core version 7.4.5.Final
2026-09-14T11:10:44.017+09:00  INFO 3024 --- [rest] [restartedMain] o.s.o.j.p.SpringPersistenceUnitInfo      : No LoadTimeWeaver setup: ignoring JPA class transformer
2026-09-14T11:10:44.099+09:00  INFO 3024 --- [rest] [restartedMain] com.zaxxer.hikari.HikariDataSource       : HikariPool-1 - Starting...
2026-09-14T11:10:44.450+09:00  INFO 3024 --- [rest] [restartedMain] com.zaxxer.hikari.pool.HikariPool        : HikariPool-1 - Added connection com.mysql.cj.jdbc.ConnectionImpl@796759fd
2026-09-14T11:10:44.487+09:00  INFO 3024 --- [rest] [restartedMain] com.zaxxer.hikari.HikariDataSource       : HikariPool-1 - Start completed.
2026-09-14T11:10:44.677+09:00  INFO 3024 --- [rest] [restartedMain] org.hibernate.orm.connections.pooling    : HHH10001005: Database info:
	Database JDBC URL [jdbc:mysql://localhost:3306/aloha?serverTimezone=Asia/Seoul&allowPublicKeyRetrieval=true&useSSL=false]
	Database driver: MySQL Connector/J
	Database dialect: MySQLDialect
	Database version: 8.0.46
	Default catalog/schema: aloha/undefined
	Autocommit mode: undefined/unknown
	Isolation level: REPEATABLE_READ [default REPEATABLE_READ]
	JDBC fetch size: none
	Pool: DataSourceConnectionProvider
	Minimum pool size: undefined/unknown
	Maximum pool size: undefined/unknown
2026-09-14T11:10:47.098+09:00  INFO 3024 --- [rest] [restartedMain] org.hibernate.orm.core                   : HHH000489: No JTA platform available (set 'hibernate.transaction.jta.platform' to enable JTA platform integration)
2026-09-14T11:10:47.194+09:00  INFO 3024 --- [rest] [restartedMain] j.LocalContainerEntityManagerFactoryBean : Initialized JPA EntityManagerFactory for persistence unit 'default'
2026-09-14T11:10:47.422+09:00  INFO 3024 --- [rest] [restartedMain] o.s.d.j.r.query.QueryEnhancerFactories   : Hibernate is in classpath; If applicable, HQL parser will be used.
2026-09-14T11:10:47.732+09:00  WARN 3024 --- [rest] [restartedMain] JpaBaseConfiguration$JpaWebConfiguration : spring.jpa.open-in-view is enabled by default. Therefore, database queries may be performed during view rendering. Explicitly configure spring.jpa.open-in-view to disable this warning
2026-09-14T11:10:48.537+09:00  INFO 3024 --- [rest] [restartedMain] o.s.boot.tomcat.TomcatWebServer          : Tomcat started on port 8080 (http) with context path '/'
2026-09-14T11:10:48.550+09:00  INFO 3024 --- [rest] [restartedMain] com.aloha.rest.RestApplication           : Started RestApplication in 12.76 seconds (process running for 14.172)
2026-09-14T11:11:07.243+09:00  INFO 3024 --- [rest] [File Watcher] rtingClassPathChangeChangedEventListener : Restarting due to 1 class path change (0 additions, 0 deletions, 1 modification)
2026-09-14T11:11:07.249+09:00  INFO 3024 --- [rest] [Thread-1] o.s.boot.tomcat.GracefulShutdown         : Commencing graceful shutdown. Waiting for active requests to complete
2026-09-14T11:11:07.383+09:00  INFO 3024 --- [rest] [tomcat-shutdown] o.s.boot.tomcat.GracefulShutdown         : Graceful shutdown complete
2026-09-14T11:11:07.388+09:00  INFO 3024 --- [rest] [Thread-1] j.LocalContainerEntityManagerFactoryBean : Closing JPA EntityManagerFactory for persistence unit 'default'
2026-09-14T11:11:07.393+09:00  INFO 3024 --- [rest] [Thread-1] com.zaxxer.hikari.HikariDataSource       : HikariPool-1 - Shutdown initiated...
2026-09-14T11:11:07.421+09:00  INFO 3024 --- [rest] [Thread-1] com.zaxxer.hikari.HikariDataSource       : HikariPool-1 - Shutdown completed.
2026-09-14T11:11:07.683+09:00  INFO 3024 --- [rest] [restartedMain] com.aloha.rest.RestApplication           : Starting RestApplication using Java 17.0.12 with PID 3024 (C:\ALOHA\GITHUB\AIOT7_SPRINGBOOT\rest\bin\main started by Admin in C:\ALOHA\GITHUB\AIOT7_SPRINGBOOT)
2026-09-14T11:11:07.704+09:00  INFO 3024 --- [rest] [restartedMain] com.aloha.rest.RestApplication           : No active profile set, falling back to 1 default profile: "default"
2026-09-14T11:11:08.509+09:00  INFO 3024 --- [rest] [restartedMain] .s.d.r.c.RepositoryConfigurationDelegate : Bootstrapping Spring Data JPA repositories in DEFAULT mode.
2026-09-14T11:11:08.526+09:00  INFO 3024 --- [rest] [restartedMain] .s.d.r.c.RepositoryConfigurationDelegate : Finished Spring Data repository scanning in 11 ms. Found 1 JPA repository interface.
2026-09-14T11:11:08.945+09:00  INFO 3024 --- [rest] [restartedMain] o.s.boot.tomcat.TomcatWebServer          : Tomcat initialized with port 8080 (http)
2026-09-14T11:11:08.949+09:00  INFO 3024 --- [rest] [restartedMain] o.apache.catalina.core.StandardService   : Starting service [Tomcat]
2026-09-14T11:11:08.950+09:00  INFO 3024 --- [rest] [restartedMain] o.apache.catalina.core.StandardEngine    : Starting Servlet engine: [Apache Tomcat/11.0.24]
2026-09-14T11:11:09.025+09:00  INFO 3024 --- [rest] [restartedMain] b.w.c.s.WebApplicationContextInitializer : Root WebApplicationContext: initialization completed in 1290 ms
2026-09-14T11:11:09.094+09:00  INFO 3024 --- [rest] [restartedMain] org.hibernate.orm.jpa                    : HHH008540: Processing PersistenceUnitInfo [name: default]
2026-09-14T11:11:09.197+09:00  INFO 3024 --- [rest] [restartedMain] o.s.o.j.p.SpringPersistenceUnitInfo      : No LoadTimeWeaver setup: ignoring JPA class transformer
2026-09-14T11:11:09.216+09:00  INFO 3024 --- [rest] [restartedMain] com.zaxxer.hikari.HikariDataSource       : HikariPool-2 - Starting...
2026-09-14T11:11:09.345+09:00  INFO 3024 --- [rest] [restartedMain] com.zaxxer.hikari.pool.HikariPool        : HikariPool-2 - Added connection com.mysql.cj.jdbc.ConnectionImpl@369a960c
2026-09-14T11:11:09.346+09:00  INFO 3024 --- [rest] [restartedMain] com.zaxxer.hikari.HikariDataSource       : HikariPool-2 - Start completed.
2026-09-14T11:11:09.350+09:00  INFO 3024 --- [rest] [restartedMain] org.hibernate.orm.connections.pooling    : HHH10001005: Database info:
	Database JDBC URL [jdbc:mysql://localhost:3306/aloha?serverTimezone=Asia/Seoul&allowPublicKeyRetrieval=true&useSSL=false]
	Database driver: MySQL Connector/J
	Database dialect: MySQLDialect
	Database version: 8.0.46
	Default catalog/schema: aloha/undefined
	Autocommit mode: undefined/unknown
	Isolation level: REPEATABLE_READ [default REPEATABLE_READ]
	JDBC fetch size: none
	Pool: DataSourceConnectionProvider
	Minimum pool size: undefined/unknown
	Maximum pool size: undefined/unknown
2026-09-14T11:11:09.423+09:00  INFO 3024 --- [rest] [restartedMain] org.hibernate.orm.core                   : HHH000489: No JTA platform available (set 'hibernate.transaction.jta.platform' to enable JTA platform integration)
2026-09-14T11:11:09.542+09:00  INFO 3024 --- [rest] [restartedMain] j.LocalContainerEntityManagerFactoryBean : Initialized JPA EntityManagerFactory for persistence unit 'default'
2026-09-14T11:11:10.040+09:00  WARN 3024 --- [rest] [restartedMain] JpaBaseConfiguration$JpaWebConfiguration : spring.jpa.open-in-view is enabled by default. Therefore, database queries may be performed during view rendering. Explicitly configure spring.jpa.open-in-view to disable this warning
2026-09-14T11:11:10.227+09:00  INFO 3024 --- [rest] [restartedMain] o.s.boot.tomcat.TomcatWebServer          : Tomcat started on port 8080 (http) with context path '/'
2026-09-14T11:11:10.253+09:00  INFO 3024 --- [rest] [restartedMain] com.aloha.rest.RestApplication           : Started RestApplication in 2.72 seconds (process running for 35.877)
2026-09-14T11:11:10.267+09:00  INFO 3024 --- [rest] [restartedMain] .ConditionEvaluationDeltaLoggingListener : Condition evaluation unchanged
2026-09-14T15:54:01.230+09:00  INFO 3480 --- [mvc] [restartedMain] com.aloha.mvc.MvcApplication             : Starting MvcApplication using Java 17.0.12 with PID 3480 (C:\ALOHA\GITHUB\AIOT7_SPRINGBOOT\mvc\bin\main started by Admin in C:\ALOHA\GITHUB\AIOT7_SPRINGBOOT)
2026-09-14T15:54:01.247+09:00  INFO 3480 --- [mvc] [restartedMain] com.aloha.mvc.MvcApplication             : No active profile set, falling back to 1 default profile: "default"
2026-09-14T15:54:01.490+09:00  INFO 3480 --- [mvc] [restartedMain] .e.DevToolsPropertyDefaultsPostProcessor : Devtools property defaults active! Set 'spring.devtools.add-properties' to 'false' to disable
2026-09-14T15:54:01.490+09:00  INFO 3480 --- [mvc] [restartedMain] .e.DevToolsPropertyDefaultsPostProcessor : For additional web related logging consider setting the 'logging.level.web' property to 'DEBUG'
2026-09-14T15:54:02.989+09:00  INFO 3480 --- [mvc] [restartedMain] .s.d.r.c.RepositoryConfigurationDelegate : Bootstrapping Spring Data JPA repositories in DEFAULT mode.
2026-09-14T15:54:03.117+09:00  INFO 3480 --- [mvc] [restartedMain] .s.d.r.c.RepositoryConfigurationDelegate : Finished Spring Data repository scanning in 93 ms. Found 1 JPA repository interface.
2026-09-14T15:54:04.348+09:00  INFO 3480 --- [mvc] [restartedMain] o.s.boot.tomcat.TomcatWebServer          : Tomcat initialized with port 8080 (http)
2026-09-14T15:54:04.380+09:00  INFO 3480 --- [mvc] [restartedMain] o.apache.catalina.core.StandardService   : Starting service [Tomcat]
2026-09-14T15:54:04.381+09:00  INFO 3480 --- [mvc] [restartedMain] o.apache.catalina.core.StandardEngine    : Starting Servlet engine: [Apache Tomcat/11.0.24]
2026-09-14T15:54:04.619+09:00  INFO 3480 --- [mvc] [restartedMain] b.w.c.s.WebApplicationContextInitializer : Root WebApplicationContext: initialization completed in 3128 ms
2026-09-14T15:54:05.235+09:00  INFO 3480 --- [mvc] [restartedMain] org.hibernate.orm.jpa                    : HHH008540: Processing PersistenceUnitInfo [name: default]
2026-09-14T15:54:05.347+09:00  INFO 3480 --- [mvc] [restartedMain] org.hibernate.orm.core                   : HHH000001: Hibernate ORM core version 7.4.5.Final
2026-09-14T15:54:06.281+09:00  INFO 3480 --- [mvc] [restartedMain] o.s.o.j.p.SpringPersistenceUnitInfo      : No LoadTimeWeaver setup: ignoring JPA class transformer
2026-09-14T15:54:06.390+09:00  INFO 3480 --- [mvc] [restartedMain] com.zaxxer.hikari.HikariDataSource       : HikariPool-1 - Starting...
2026-09-14T15:54:06.639+09:00  INFO 3480 --- [mvc] [restartedMain] com.zaxxer.hikari.pool.HikariPool        : HikariPool-1 - Added connection com.mysql.cj.jdbc.ConnectionImpl@66f17c9b
2026-09-14T15:54:06.644+09:00  INFO 3480 --- [mvc] [restartedMain] com.zaxxer.hikari.HikariDataSource       : HikariPool-1 - Start completed.
2026-09-14T15:54:06.765+09:00  INFO 3480 --- [mvc] [restartedMain] org.hibernate.orm.connections.pooling    : HHH10001005: Database info:
	Database JDBC URL [jdbc:mysql://localhost:3306/aloha?serverTimezone=Asia/Seoul&allowPublicKeyRetrieval=true&useSSL=false]
	Database driver: MySQL Connector/J
	Database dialect: MySQLDialect
	Database version: 8.0.46
	Default catalog/schema: aloha/undefined
	Autocommit mode: undefined/unknown
	Isolation level: REPEATABLE_READ [default REPEATABLE_READ]
	JDBC fetch size: none
	Pool: DataSourceConnectionProvider
	Minimum pool size: undefined/unknown
	Maximum pool size: undefined/unknown
2026-09-14T15:54:08.360+09:00  INFO 3480 --- [mvc] [restartedMain] org.hibernate.orm.core                   : HHH000489: No JTA platform available (set 'hibernate.transaction.jta.platform' to enable JTA platform integration)
2026-09-14T15:54:08.456+09:00  INFO 3480 --- [mvc] [restartedMain] j.LocalContainerEntityManagerFactoryBean : Initialized JPA EntityManagerFactory for persistence unit 'default'
2026-09-14T15:54:08.968+09:00  INFO 3480 --- [mvc] [restartedMain] o.s.d.j.r.query.QueryEnhancerFactories   : Hibernate is in classpath; If applicable, HQL parser will be used.
2026-09-14T15:54:09.349+09:00  WARN 3480 --- [mvc] [restartedMain] JpaBaseConfiguration$JpaWebConfiguration : spring.jpa.open-in-view is enabled by default. Therefore, database queries may be performed during view rendering. Explicitly configure spring.jpa.open-in-view to disable this warning
2026-09-14T15:54:09.410+09:00  INFO 3480 --- [mvc] [restartedMain] o.s.b.w.a.WelcomePageHandlerMapping      : Adding welcome page template: index
2026-09-14T15:54:10.191+09:00  WARN 3480 --- [mvc] [restartedMain] .s.a.UserDetailsServiceAutoConfiguration : 

Using generated security password: 01ce09cc-f7b9-4559-a9df-dddcc4bd3fb1

This generated password is for development use only. Your security configuration must be updated before running your application in production.

2026-09-14T15:54:10.299+09:00  INFO 3480 --- [mvc] [restartedMain] r$InitializeUserDetailsManagerConfigurer : Global AuthenticationManager configured with UserDetailsService bean with name inMemoryUserDetailsManager
2026-09-14T15:54:10.798+09:00  INFO 3480 --- [mvc] [restartedMain] o.s.boot.tomcat.TomcatWebServer          : Tomcat started on port 8080 (http) with context path '/'
2026-09-14T15:54:10.814+09:00  INFO 3480 --- [mvc] [restartedMain] com.aloha.mvc.MvcApplication             : Started MvcApplication in 10.956 seconds (process running for 12.096)
2026-09-14T15:54:11.331+09:00  INFO 3480 --- [mvc] [http-nio-8080-exec-3] o.a.c.c.C.[Tomcat].[localhost].[/]       : Initializing Spring DispatcherServlet 'dispatcherServlet'
2026-09-14T15:54:11.361+09:00  INFO 3480 --- [mvc] [http-nio-8080-exec-3] o.s.web.servlet.DispatcherServlet        : Initializing Servlet 'dispatcherServlet'
2026-09-14T15:54:11.428+09:00  INFO 3480 --- [mvc] [http-nio-8080-exec-3] o.s.web.servlet.DispatcherServlet        : Completed initialization in 39 ms
2026-09-14T15:54:11.759+09:00  WARN 3480 --- [mvc] [http-nio-8080-exec-3] o.a.c.util.SessionIdGeneratorBase        : Creation of SecureRandom instance for session ID generation using [SHA1PRNG] took [177] milliseconds.
2026-09-14T15:54:26.085+09:00  WARN 3480 --- [mvc] [http-nio-8080-exec-10] o.s.s.c.bcrypt.BCryptPasswordEncoder     : Encoded password does not look like BCrypt
2026-09-14T15:55:01.847+09:00  INFO 3480 --- [mvc] [File Watcher] rtingClassPathChangeChangedEventListener : Restarting due to 1 class path change (0 additions, 0 deletions, 1 modification)
2026-09-14T15:55:01.862+09:00  INFO 3480 --- [mvc] [Thread-1] o.s.boot.tomcat.GracefulShutdown         : Commencing graceful shutdown. Waiting for active requests to complete
2026-09-14T15:55:02.033+09:00  INFO 3480 --- [mvc] [tomcat-shutdown] o.s.boot.tomcat.GracefulShutdown         : Graceful shutdown complete
2026-09-14T15:55:02.056+09:00  INFO 3480 --- [mvc] [Thread-1] j.LocalContainerEntityManagerFactoryBean : Closing JPA EntityManagerFactory for persistence unit 'default'
2026-09-14T15:55:02.071+09:00  INFO 3480 --- [mvc] [Thread-1] com.zaxxer.hikari.HikariDataSource       : HikariPool-1 - Shutdown initiated...
2026-09-14T15:55:02.100+09:00  INFO 3480 --- [mvc] [Thread-1] com.zaxxer.hikari.HikariDataSource       : HikariPool-1 - Shutdown completed.
2026-09-14T15:55:02.439+09:00  INFO 3480 --- [mvc] [restartedMain] com.aloha.mvc.MvcApplication             : Starting MvcApplication using Java 17.0.12 with PID 3480 (C:\ALOHA\GITHUB\AIOT7_SPRINGBOOT\mvc\bin\main started by Admin in C:\ALOHA\GITHUB\AIOT7_SPRINGBOOT)
2026-09-14T15:55:02.439+09:00  INFO 3480 --- [mvc] [restartedMain] com.aloha.mvc.MvcApplication             : No active profile set, falling back to 1 default profile: "default"
2026-09-14T15:55:03.297+09:00  INFO 3480 --- [mvc] [restartedMain] .s.d.r.c.RepositoryConfigurationDelegate : Bootstrapping Spring Data JPA repositories in DEFAULT mode.
2026-09-14T15:55:03.317+09:00  INFO 3480 --- [mvc] [restartedMain] .s.d.r.c.RepositoryConfigurationDelegate : Finished Spring Data repository scanning in 17 ms. Found 1 JPA repository interface.
2026-09-14T15:55:03.630+09:00  INFO 3480 --- [mvc] [restartedMain] o.s.boot.tomcat.TomcatWebServer          : Tomcat initialized with port 8080 (http)
2026-09-14T15:55:03.631+09:00  INFO 3480 --- [mvc] [restartedMain] o.apache.catalina.core.StandardService   : Starting service [Tomcat]
2026-09-14T15:55:03.632+09:00  INFO 3480 --- [mvc] [restartedMain] o.apache.catalina.core.StandardEngine    : Starting Servlet engine: [Apache Tomcat/11.0.24]
2026-09-14T15:55:03.684+09:00  INFO 3480 --- [mvc] [restartedMain] b.w.c.s.WebApplicationContextInitializer : Root WebApplicationContext: initialization completed in 1238 ms
2026-09-14T15:55:03.873+09:00  INFO 3480 --- [mvc] [restartedMain] org.hibernate.orm.jpa                    : HHH008540: Processing PersistenceUnitInfo [name: default]
2026-09-14T15:55:04.054+09:00  INFO 3480 --- [mvc] [restartedMain] o.s.o.j.p.SpringPersistenceUnitInfo      : No LoadTimeWeaver setup: ignoring JPA class transformer
2026-09-14T15:55:04.056+09:00  INFO 3480 --- [mvc] [restartedMain] com.zaxxer.hikari.HikariDataSource       : HikariPool-2 - Starting...
2026-09-14T15:55:04.067+09:00  INFO 3480 --- [mvc] [restartedMain] com.zaxxer.hikari.pool.HikariPool        : HikariPool-2 - Added connection com.mysql.cj.jdbc.ConnectionImpl@637bad6
2026-09-14T15:55:04.068+09:00  INFO 3480 --- [mvc] [restartedMain] com.zaxxer.hikari.HikariDataSource       : HikariPool-2 - Start completed.
2026-09-14T15:55:04.072+09:00  INFO 3480 --- [mvc] [restartedMain] org.hibernate.orm.connections.pooling    : HHH10001005: Database info:
	Database JDBC URL [jdbc:mysql://localhost:3306/aloha?serverTimezone=Asia/Seoul&allowPublicKeyRetrieval=true&useSSL=false]
	Database driver: MySQL Connector/J
	Database dialect: MySQLDialect
	Database version: 8.0.46
	Default catalog/schema: aloha/undefined
	Autocommit mode: undefined/unknown
	Isolation level: REPEATABLE_READ [default REPEATABLE_READ]
	JDBC fetch size: none
	Pool: DataSourceConnectionProvider
	Minimum pool size: undefined/unknown
	Maximum pool size: undefined/unknown
2026-09-14T15:55:04.215+09:00  INFO 3480 --- [mvc] [restartedMain] org.hibernate.orm.core                   : HHH000489: No JTA platform available (set 'hibernate.transaction.jta.platform' to enable JTA platform integration)
2026-09-14T15:55:04.232+09:00  INFO 3480 --- [mvc] [restartedMain] j.LocalContainerEntityManagerFactoryBean : Initialized JPA EntityManagerFactory for persistence unit 'default'
2026-09-14T15:55:04.312+09:00  WARN 3480 --- [mvc] [restartedMain] JpaBaseConfiguration$JpaWebConfiguration : spring.jpa.open-in-view is enabled by default. Therefore, database queries may be performed during view rendering. Explicitly configure spring.jpa.open-in-view to disable this warning
2026-09-14T15:55:04.318+09:00  INFO 3480 --- [mvc] [restartedMain] o.s.b.w.a.WelcomePageHandlerMapping      : Adding welcome page template: index
2026-09-14T15:55:04.531+09:00  WARN 3480 --- [mvc] [restartedMain] .s.a.UserDetailsServiceAutoConfiguration : 

Using generated security password: 1e1d6222-cb4d-461d-8b3b-338c17f1258e

This generated password is for development use only. Your security configuration must be updated before running your application in production.

2026-09-14T15:55:04.568+09:00  INFO 3480 --- [mvc] [restartedMain] r$InitializeUserDetailsManagerConfigurer : Global AuthenticationManager configured with UserDetailsService bean with name inMemoryUserDetailsManager
2026-09-14T15:55:04.842+09:00  INFO 3480 --- [mvc] [restartedMain] o.s.boot.tomcat.TomcatWebServer          : Tomcat started on port 8080 (http) with context path '/'
2026-09-14T15:55:04.845+09:00  INFO 3480 --- [mvc] [restartedMain] com.aloha.mvc.MvcApplication             : Started MvcApplication in 2.568 seconds (process running for 66.127)
2026-09-14T15:55:04.848+09:00  INFO 3480 --- [mvc] [restartedMain] .ConditionEvaluationDeltaLoggingListener : Condition evaluation unchanged
2026-09-14T15:55:22.896+09:00  INFO 3480 --- [mvc] [File Watcher] rtingClassPathChangeChangedEventListener : Restarting due to 1 class path change (0 additions, 0 deletions, 1 modification)
2026-09-14T15:55:22.961+09:00  INFO 3480 --- [mvc] [Thread-5] o.s.boot.tomcat.GracefulShutdown         : Commencing graceful shutdown. Waiting for active requests to complete
2026-09-14T15:55:23.866+09:00  INFO 3480 --- [mvc] [tomcat-shutdown] o.s.boot.tomcat.GracefulShutdown         : Graceful shutdown complete
2026-09-14T15:55:23.868+09:00  INFO 3480 --- [mvc] [Thread-5] j.LocalContainerEntityManagerFactoryBean : Closing JPA EntityManagerFactory for persistence unit 'default'
2026-09-14T15:55:23.871+09:00  INFO 3480 --- [mvc] [Thread-5] com.zaxxer.hikari.HikariDataSource       : HikariPool-2 - Shutdown initiated...
2026-09-14T15:55:23.881+09:00  INFO 3480 --- [mvc] [Thread-5] com.zaxxer.hikari.HikariDataSource       : HikariPool-2 - Shutdown completed.
2026-09-14T15:55:24.139+09:00  INFO 3480 --- [mvc] [restartedMain] com.aloha.mvc.MvcApplication             : Starting MvcApplication using Java 17.0.12 with PID 3480 (C:\ALOHA\GITHUB\AIOT7_SPRINGBOOT\mvc\bin\main started by Admin in C:\ALOHA\GITHUB\AIOT7_SPRINGBOOT)
2026-09-14T15:55:24.145+09:00  INFO 3480 --- [mvc] [restartedMain] com.aloha.mvc.MvcApplication             : No active profile set, falling back to 1 default profile: "default"
2026-09-14T15:55:25.056+09:00  WARN 3480 --- [mvc] [restartedMain] ConfigServletWebServerApplicationContext : Exception encountered during context initialization - cancelling refresh attempt: java.lang.IllegalStateException: Error processing condition on org.springframework.boot.autoconfigure.context.PropertyPlaceholderAutoConfiguration.propertySourcesPlaceholderConfigurer
2026-09-14T15:55:25.060+09:00  INFO 3480 --- [mvc] [restartedMain] .s.b.a.l.ConditionEvaluationReportLogger : 

Error starting ApplicationContext. To display the condition evaluation report re-run your application with 'debug' enabled.
2026-09-14T15:55:25.148+09:00 ERROR 3480 --- [mvc] [restartedMain] o.s.boot.SpringApplication               : Application run failed

java.lang.IllegalStateException: Error processing condition on org.springframework.boot.autoconfigure.context.PropertyPlaceholderAutoConfiguration.propertySourcesPlaceholderConfigurer
	at org.springframework.boot.autoconfigure.condition.SpringBootCondition.matches(SpringBootCondition.java:60) ~[spring-boot-autoconfigure-4.1.1.jar:4.1.1]
	at org.springframework.context.annotation.ConditionEvaluator.shouldSkip(ConditionEvaluator.java:100) ~[spring-context-7.0.9.jar:7.0.9]
	at org.springframework.context.annotation.ConfigurationClassBeanDefinitionReader.loadBeanDefinitionsForBeanMethod(ConfigurationClassBeanDefinitionReader.java:196) ~[spring-context-7.0.9.jar:7.0.9]
	at org.springframework.context.annotation.ConfigurationClassBeanDefinitionReader.loadBeanDefinitionsForConfigurationClass(ConfigurationClassBeanDefinitionReader.java:148) ~[spring-context-7.0.9.jar:7.0.9]
	at org.springframework.context.annotation.ConfigurationClassBeanDefinitionReader.loadBeanDefinitions(ConfigurationClassBeanDefinitionReader.java:124) ~[spring-context-7.0.9.jar:7.0.9]
	at org.springframework.context.annotation.ConfigurationClassPostProcessor.processConfigBeanDefinitions(ConfigurationClassPostProcessor.java:464) ~[spring-context-7.0.9.jar:7.0.9]
	at org.springframework.context.annotation.ConfigurationClassPostProcessor.postProcessBeanDefinitionRegistry(ConfigurationClassPostProcessor.java:316) ~[spring-context-7.0.9.jar:7.0.9]
	at org.springframework.context.support.PostProcessorRegistrationDelegate.invokeBeanDefinitionRegistryPostProcessors(PostProcessorRegistrationDelegate.java:349) ~[spring-context-7.0.9.jar:7.0.9]
	at org.springframework.context.support.PostProcessorRegistrationDelegate.invokeBeanFactoryPostProcessors(PostProcessorRegistrationDelegate.java:118) ~[spring-context-7.0.9.jar:7.0.9]
	at org.springframework.context.support.AbstractApplicationContext.invokeBeanFactoryPostProcessors(AbstractApplicationContext.java:795) ~[spring-context-7.0.9.jar:7.0.9]
	at org.springframework.context.support.AbstractApplicationContext.refresh(AbstractApplicationContext.java:603) ~[spring-context-7.0.9.jar:7.0.9]
	at org.springframework.boot.web.server.servlet.context.ServletWebServerApplicationContext.refresh(ServletWebServerApplicationContext.java:143) ~[spring-boot-web-server-4.1.1.jar:4.1.1]
	at org.springframework.boot.SpringApplication.refresh(SpringApplication.java:756) ~[spring-boot-4.1.1.jar:4.1.1]
	at org.springframework.boot.SpringApplication.refreshContext(SpringApplication.java:445) ~[spring-boot-4.1.1.jar:4.1.1]
	at org.springframework.boot.SpringApplication.run(SpringApplication.java:321) ~[spring-boot-4.1.1.jar:4.1.1]
	at org.springframework.boot.SpringApplication.run(SpringApplication.java:1365) ~[spring-boot-4.1.1.jar:4.1.1]
	at org.springframework.boot.SpringApplication.run(SpringApplication.java:1354) ~[spring-boot-4.1.1.jar:4.1.1]
	at com.aloha.mvc.MvcApplication.main(MvcApplication.java:10) ~[main/:na]
	at java.base/jdk.internal.reflect.NativeMethodAccessorImpl.invoke0(Native Method) ~[na:na]
	at java.base/jdk.internal.reflect.NativeMethodAccessorImpl.invoke(NativeMethodAccessorImpl.java:77) ~[na:na]
	at java.base/jdk.internal.reflect.DelegatingMethodAccessorImpl.invoke(DelegatingMethodAccessorImpl.java:43) ~[na:na]
	at java.base/java.lang.reflect.Method.invoke(Method.java:568) ~[na:na]
	at org.springframework.boot.devtools.restart.RestartLauncher.run(RestartLauncher.java:52) ~[spring-boot-devtools-4.1.1.jar:4.1.1]
Caused by: java.lang.IllegalStateException: Failed to introspect Class [com.aloha.mvc.config.SecurityConfig] from ClassLoader [org.springframework.boot.devtools.restart.classloader.RestartClassLoader@403ae4a8]
	at org.springframework.util.ReflectionUtils.getDeclaredMethods(ReflectionUtils.java:483) ~[spring-core-7.0.9.jar:7.0.9]
	at org.springframework.util.ReflectionUtils.doWithMethods(ReflectionUtils.java:360) ~[spring-core-7.0.9.jar:7.0.9]
	at org.springframework.util.ReflectionUtils.getUniqueDeclaredMethods(ReflectionUtils.java:417) ~[spring-core-7.0.9.jar:7.0.9]
	at org.springframework.beans.factory.support.AbstractAutowireCapableBeanFactory.lambda$getTypeForFactoryMethod$0(AbstractAutowireCapableBeanFactory.java:748) ~[spring-beans-7.0.9.jar:7.0.9]
	at java.base/java.util.concurrent.ConcurrentHashMap.computeIfAbsent(ConcurrentHashMap.java:1708) ~[na:na]
	at org.springframework.beans.factory.support.AbstractAutowireCapableBeanFactory.getTypeForFactoryMethod(AbstractAutowireCapableBeanFactory.java:747) ~[spring-beans-7.0.9.jar:7.0.9]
	at org.springframework.beans.factory.support.AbstractAutowireCapableBeanFactory.determineTargetType(AbstractAutowireCapableBeanFactory.java:681) ~[spring-beans-7.0.9.jar:7.0.9]
	at org.springframework.beans.factory.support.AbstractAutowireCapableBeanFactory.predictBeanType(AbstractAutowireCapableBeanFactory.java:653) ~[spring-beans-7.0.9.jar:7.0.9]
	at org.springframework.beans.factory.support.AbstractBeanFactory.isFactoryBean(AbstractBeanFactory.java:1699) ~[spring-beans-7.0.9.jar:7.0.9]
	at org.springframework.beans.factory.support.DefaultListableBeanFactory.doGetBeanNamesForType(DefaultListableBeanFactory.java:632) ~[spring-beans-7.0.9.jar:7.0.9]
	at org.springframework.beans.factory.support.DefaultListableBeanFactory.getBeanNamesForType(DefaultListableBeanFactory.java:604) ~[spring-beans-7.0.9.jar:7.0.9]
	at org.springframework.beans.factory.support.DefaultListableBeanFactory.getBeanNamesForType(DefaultListableBeanFactory.java:589) ~[spring-beans-7.0.9.jar:7.0.9]
	at org.springframework.boot.autoconfigure.condition.OnBeanCondition.collectBeanDefinitionsForType(OnBeanCondition.java:334) ~[spring-boot-autoconfigure-4.1.1.jar:4.1.1]
	at org.springframework.boot.autoconfigure.condition.OnBeanCondition.getBeanDefinitionsForType(OnBeanCondition.java:323) ~[spring-boot-autoconfigure-4.1.1.jar:4.1.1]
	at org.springframework.boot.autoconfigure.condition.OnBeanCondition.getMatchingBeans(OnBeanCondition.java:221) ~[spring-boot-autoconfigure-4.1.1.jar:4.1.1]
	at org.springframework.boot.autoconfigure.condition.OnBeanCondition.evaluateConditionalOnMissingBean(OnBeanCondition.java:204) ~[spring-boot-autoconfigure-4.1.1.jar:4.1.1]
	at org.springframework.boot.autoconfigure.condition.OnBeanCondition.getMatchOutcome(OnBeanCondition.java:149) ~[spring-boot-autoconfigure-4.1.1.jar:4.1.1]
	at org.springframework.boot.autoconfigure.condition.SpringBootCondition.matches(SpringBootCondition.java:47) ~[spring-boot-autoconfigure-4.1.1.jar:4.1.1]
	... 22 common frames omitted
Caused by: java.lang.NoClassDefFoundError: HttpSecurity
	at java.base/java.lang.Class.getDeclaredMethods0(Native Method) ~[na:na]
	at java.base/java.lang.Class.privateGetDeclaredMethods(Class.java:3402) ~[na:na]
	at java.base/java.lang.Class.getDeclaredMethods(Class.java:2504) ~[na:na]
	at org.springframework.util.ReflectionUtils.getDeclaredMethods(ReflectionUtils.java:465) ~[spring-core-7.0.9.jar:7.0.9]
	... 39 common frames omitted
Caused by: java.lang.ClassNotFoundException: HttpSecurity
	at java.base/jdk.internal.loader.BuiltinClassLoader.loadClass(BuiltinClassLoader.java:641) ~[na:na]
	at java.base/jdk.internal.loader.ClassLoaders$AppClassLoader.loadClass(ClassLoaders.java:188) ~[na:na]
	at java.base/java.lang.ClassLoader.loadClass(ClassLoader.java:525) ~[na:na]
	at java.base/java.lang.Class.forName0(Native Method) ~[na:na]
	at java.base/java.lang.Class.forName(Class.java:467) ~[na:na]
	at org.springframework.boot.devtools.restart.classloader.RestartClassLoader.loadClass(RestartClassLoader.java:123) ~[spring-boot-devtools-4.1.1.jar:4.1.1]
	at java.base/java.lang.ClassLoader.loadClass(ClassLoader.java:525) ~[na:na]
	... 43 common frames omitted

2026-09-14T15:55:26.692+09:00  INFO 3480 --- [mvc] [restartedMain] com.aloha.mvc.MvcApplication             : Starting MvcApplication using Java 17.0.12 with PID 3480 (C:\ALOHA\GITHUB\AIOT7_SPRINGBOOT\mvc\bin\main started by Admin in C:\ALOHA\GITHUB\AIOT7_SPRINGBOOT)
2026-09-14T15:55:26.693+09:00  INFO 3480 --- [mvc] [restartedMain] com.aloha.mvc.MvcApplication             : No active profile set, falling back to 1 default profile: "default"
2026-09-14T15:55:27.515+09:00  WARN 3480 --- [mvc] [restartedMain] ConfigServletWebServerApplicationContext : Exception encountered during context initialization - cancelling refresh attempt: java.lang.IllegalStateException: Error processing condition on org.springframework.boot.autoconfigure.context.PropertyPlaceholderAutoConfiguration.propertySourcesPlaceholderConfigurer
2026-09-14T15:55:27.520+09:00  INFO 3480 --- [mvc] [restartedMain] .s.b.a.l.ConditionEvaluationReportLogger : 

Error starting ApplicationContext. To display the condition evaluation report re-run your application with 'debug' enabled.
2026-09-14T15:55:27.551+09:00 ERROR 3480 --- [mvc] [restartedMain] o.s.boot.SpringApplication               : Application run failed

java.lang.IllegalStateException: Error processing condition on org.springframework.boot.autoconfigure.context.PropertyPlaceholderAutoConfiguration.propertySourcesPlaceholderConfigurer
	at org.springframework.boot.autoconfigure.condition.SpringBootCondition.matches(SpringBootCondition.java:60) ~[spring-boot-autoconfigure-4.1.1.jar:4.1.1]
	at org.springframework.context.annotation.ConditionEvaluator.shouldSkip(ConditionEvaluator.java:100) ~[spring-context-7.0.9.jar:7.0.9]
	at org.springframework.context.annotation.ConfigurationClassBeanDefinitionReader.loadBeanDefinitionsForBeanMethod(ConfigurationClassBeanDefinitionReader.java:196) ~[spring-context-7.0.9.jar:7.0.9]
	at org.springframework.context.annotation.ConfigurationClassBeanDefinitionReader.loadBeanDefinitionsForConfigurationClass(ConfigurationClassBeanDefinitionReader.java:148) ~[spring-context-7.0.9.jar:7.0.9]
	at org.springframework.context.annotation.ConfigurationClassBeanDefinitionReader.loadBeanDefinitions(ConfigurationClassBeanDefinitionReader.java:124) ~[spring-context-7.0.9.jar:7.0.9]
	at org.springframework.context.annotation.ConfigurationClassPostProcessor.processConfigBeanDefinitions(ConfigurationClassPostProcessor.java:464) ~[spring-context-7.0.9.jar:7.0.9]
	at org.springframework.context.annotation.ConfigurationClassPostProcessor.postProcessBeanDefinitionRegistry(ConfigurationClassPostProcessor.java:316) ~[spring-context-7.0.9.jar:7.0.9]
	at org.springframework.context.support.PostProcessorRegistrationDelegate.invokeBeanDefinitionRegistryPostProcessors(PostProcessorRegistrationDelegate.java:349) ~[spring-context-7.0.9.jar:7.0.9]
	at org.springframework.context.support.PostProcessorRegistrationDelegate.invokeBeanFactoryPostProcessors(PostProcessorRegistrationDelegate.java:118) ~[spring-context-7.0.9.jar:7.0.9]
	at org.springframework.context.support.AbstractApplicationContext.invokeBeanFactoryPostProcessors(AbstractApplicationContext.java:795) ~[spring-context-7.0.9.jar:7.0.9]
	at org.springframework.context.support.AbstractApplicationContext.refresh(AbstractApplicationContext.java:603) ~[spring-context-7.0.9.jar:7.0.9]
	at org.springframework.boot.web.server.servlet.context.ServletWebServerApplicationContext.refresh(ServletWebServerApplicationContext.java:143) ~[spring-boot-web-server-4.1.1.jar:4.1.1]
	at org.springframework.boot.SpringApplication.refresh(SpringApplication.java:756) ~[spring-boot-4.1.1.jar:4.1.1]
	at org.springframework.boot.SpringApplication.refreshContext(SpringApplication.java:445) ~[spring-boot-4.1.1.jar:4.1.1]
	at org.springframework.boot.SpringApplication.run(SpringApplication.java:321) ~[spring-boot-4.1.1.jar:4.1.1]
	at org.springframework.boot.SpringApplication.run(SpringApplication.java:1365) ~[spring-boot-4.1.1.jar:4.1.1]
	at org.springframework.boot.SpringApplication.run(SpringApplication.java:1354) ~[spring-boot-4.1.1.jar:4.1.1]
	at com.aloha.mvc.MvcApplication.main(MvcApplication.java:10) ~[main/:na]
	at java.base/jdk.internal.reflect.NativeMethodAccessorImpl.invoke0(Native Method) ~[na:na]
	at java.base/jdk.internal.reflect.NativeMethodAccessorImpl.invoke(NativeMethodAccessorImpl.java:77) ~[na:na]
	at java.base/jdk.internal.reflect.DelegatingMethodAccessorImpl.invoke(DelegatingMethodAccessorImpl.java:43) ~[na:na]
	at java.base/java.lang.reflect.Method.invoke(Method.java:568) ~[na:na]
	at org.springframework.boot.devtools.restart.RestartLauncher.run(RestartLauncher.java:52) ~[spring-boot-devtools-4.1.1.jar:4.1.1]
Caused by: java.lang.IllegalStateException: Failed to introspect Class [com.aloha.mvc.config.SecurityConfig] from ClassLoader [org.springframework.boot.devtools.restart.classloader.RestartClassLoader@437d7cf8]
	at org.springframework.util.ReflectionUtils.getDeclaredMethods(ReflectionUtils.java:483) ~[spring-core-7.0.9.jar:7.0.9]
	at org.springframework.util.ReflectionUtils.doWithMethods(ReflectionUtils.java:360) ~[spring-core-7.0.9.jar:7.0.9]
	at org.springframework.util.ReflectionUtils.getUniqueDeclaredMethods(ReflectionUtils.java:417) ~[spring-core-7.0.9.jar:7.0.9]
	at org.springframework.beans.factory.support.AbstractAutowireCapableBeanFactory.lambda$getTypeForFactoryMethod$0(AbstractAutowireCapableBeanFactory.java:748) ~[spring-beans-7.0.9.jar:7.0.9]
	at java.base/java.util.concurrent.ConcurrentHashMap.computeIfAbsent(ConcurrentHashMap.java:1708) ~[na:na]
	at org.springframework.beans.factory.support.AbstractAutowireCapableBeanFactory.getTypeForFactoryMethod(AbstractAutowireCapableBeanFactory.java:747) ~[spring-beans-7.0.9.jar:7.0.9]
	at org.springframework.beans.factory.support.AbstractAutowireCapableBeanFactory.determineTargetType(AbstractAutowireCapableBeanFactory.java:681) ~[spring-beans-7.0.9.jar:7.0.9]
	at org.springframework.beans.factory.support.AbstractAutowireCapableBeanFactory.predictBeanType(AbstractAutowireCapableBeanFactory.java:653) ~[spring-beans-7.0.9.jar:7.0.9]
	at org.springframework.beans.factory.support.AbstractBeanFactory.isFactoryBean(AbstractBeanFactory.java:1699) ~[spring-beans-7.0.9.jar:7.0.9]
	at org.springframework.beans.factory.support.DefaultListableBeanFactory.doGetBeanNamesForType(DefaultListableBeanFactory.java:632) ~[spring-beans-7.0.9.jar:7.0.9]
	at org.springframework.beans.factory.support.DefaultListableBeanFactory.getBeanNamesForType(DefaultListableBeanFactory.java:604) ~[spring-beans-7.0.9.jar:7.0.9]
	at org.springframework.beans.factory.support.DefaultListableBeanFactory.getBeanNamesForType(DefaultListableBeanFactory.java:589) ~[spring-beans-7.0.9.jar:7.0.9]
	at org.springframework.boot.autoconfigure.condition.OnBeanCondition.collectBeanDefinitionsForType(OnBeanCondition.java:334) ~[spring-boot-autoconfigure-4.1.1.jar:4.1.1]
	at org.springframework.boot.autoconfigure.condition.OnBeanCondition.getBeanDefinitionsForType(OnBeanCondition.java:323) ~[spring-boot-autoconfigure-4.1.1.jar:4.1.1]
	at org.springframework.boot.autoconfigure.condition.OnBeanCondition.getMatchingBeans(OnBeanCondition.java:221) ~[spring-boot-autoconfigure-4.1.1.jar:4.1.1]
	at org.springframework.boot.autoconfigure.condition.OnBeanCondition.evaluateConditionalOnMissingBean(OnBeanCondition.java:204) ~[spring-boot-autoconfigure-4.1.1.jar:4.1.1]
	at org.springframework.boot.autoconfigure.condition.OnBeanCondition.getMatchOutcome(OnBeanCondition.java:149) ~[spring-boot-autoconfigure-4.1.1.jar:4.1.1]
	at org.springframework.boot.autoconfigure.condition.SpringBootCondition.matches(SpringBootCondition.java:47) ~[spring-boot-autoconfigure-4.1.1.jar:4.1.1]
	... 22 common frames omitted
Caused by: java.lang.NoClassDefFoundError: HttpSecurity
	at java.base/java.lang.Class.getDeclaredMethods0(Native Method) ~[na:na]
	at java.base/java.lang.Class.privateGetDeclaredMethods(Class.java:3402) ~[na:na]
	at java.base/java.lang.Class.getDeclaredMethods(Class.java:2504) ~[na:na]
	at org.springframework.util.ReflectionUtils.getDeclaredMethods(ReflectionUtils.java:465) ~[spring-core-7.0.9.jar:7.0.9]
	... 39 common frames omitted
Caused by: java.lang.ClassNotFoundException: HttpSecurity
	at java.base/jdk.internal.loader.BuiltinClassLoader.loadClass(BuiltinClassLoader.java:641) ~[na:na]
	at java.base/jdk.internal.loader.ClassLoaders$AppClassLoader.loadClass(ClassLoaders.java:188) ~[na:na]
	at java.base/java.lang.ClassLoader.loadClass(ClassLoader.java:525) ~[na:na]
	at java.base/java.lang.Class.forName0(Native Method) ~[na:na]
	at java.base/java.lang.Class.forName(Class.java:467) ~[na:na]
	at org.springframework.boot.devtools.restart.classloader.RestartClassLoader.loadClass(RestartClassLoader.java:123) ~[spring-boot-devtools-4.1.1.jar:4.1.1]
	at java.base/java.lang.ClassLoader.loadClass(ClassLoader.java:525) ~[na:na]
	... 43 common frames omitted

2026-09-14T15:56:04.257+09:00  INFO 3480 --- [mvc] [restartedMain] com.aloha.mvc.MvcApplication             : Starting MvcApplication using Java 17.0.12 with PID 3480 (C:\ALOHA\GITHUB\AIOT7_SPRINGBOOT\mvc\bin\main started by Admin in C:\ALOHA\GITHUB\AIOT7_SPRINGBOOT)
2026-09-14T15:56:04.258+09:00  INFO 3480 --- [mvc] [restartedMain] com.aloha.mvc.MvcApplication             : No active profile set, falling back to 1 default profile: "default"
2026-09-14T15:56:04.661+09:00  INFO 3480 --- [mvc] [restartedMain] .s.d.r.c.RepositoryConfigurationDelegate : Bootstrapping Spring Data JPA repositories in DEFAULT mode.
2026-09-14T15:56:04.707+09:00  INFO 3480 --- [mvc] [restartedMain] .s.d.r.c.RepositoryConfigurationDelegate : Finished Spring Data repository scanning in 42 ms. Found 1 JPA repository interface.
2026-09-14T15:56:05.045+09:00  INFO 3480 --- [mvc] [restartedMain] o.s.boot.tomcat.TomcatWebServer          : Tomcat initialized with port 8080 (http)
2026-09-14T15:56:05.047+09:00  INFO 3480 --- [mvc] [restartedMain] o.apache.catalina.core.StandardService   : Starting service [Tomcat]
2026-09-14T15:56:05.049+09:00  INFO 3480 --- [mvc] [restartedMain] o.apache.catalina.core.StandardEngine    : Starting Servlet engine: [Apache Tomcat/11.0.24]
2026-09-14T15:56:05.106+09:00  INFO 3480 --- [mvc] [restartedMain] b.w.c.s.WebApplicationContextInitializer : Root WebApplicationContext: initialization completed in 839 ms
2026-09-14T15:56:05.158+09:00  INFO 3480 --- [mvc] [restartedMain] org.hibernate.orm.jpa                    : HHH008540: Processing PersistenceUnitInfo [name: default]
2026-09-14T15:56:05.233+09:00  INFO 3480 --- [mvc] [restartedMain] o.s.o.j.p.SpringPersistenceUnitInfo      : No LoadTimeWeaver setup: ignoring JPA class transformer
2026-09-14T15:56:05.242+09:00  INFO 3480 --- [mvc] [restartedMain] com.zaxxer.hikari.HikariDataSource       : HikariPool-3 - Starting...
2026-09-14T15:56:05.247+09:00  INFO 3480 --- [mvc] [restartedMain] com.zaxxer.hikari.pool.HikariPool        : HikariPool-3 - Added connection com.mysql.cj.jdbc.ConnectionImpl@73f14eca
2026-09-14T15:56:05.247+09:00  INFO 3480 --- [mvc] [restartedMain] com.zaxxer.hikari.HikariDataSource       : HikariPool-3 - Start completed.
2026-09-14T15:56:05.249+09:00  INFO 3480 --- [mvc] [restartedMain] org.hibernate.orm.connections.pooling    : HHH10001005: Database info:
	Database JDBC URL [jdbc:mysql://localhost:3306/aloha?serverTimezone=Asia/Seoul&allowPublicKeyRetrieval=true&useSSL=false]
	Database driver: MySQL Connector/J
	Database dialect: MySQLDialect
	Database version: 8.0.46
	Default catalog/schema: aloha/undefined
	Autocommit mode: undefined/unknown
	Isolation level: REPEATABLE_READ [default REPEATABLE_READ]
	JDBC fetch size: none
	Pool: DataSourceConnectionProvider
	Minimum pool size: undefined/unknown
	Maximum pool size: undefined/unknown
2026-09-14T15:56:05.356+09:00  INFO 3480 --- [mvc] [restartedMain] org.hibernate.orm.core                   : HHH000489: No JTA platform available (set 'hibernate.transaction.jta.platform' to enable JTA platform integration)
2026-09-14T15:56:05.366+09:00  INFO 3480 --- [mvc] [restartedMain] j.LocalContainerEntityManagerFactoryBean : Initialized JPA EntityManagerFactory for persistence unit 'default'
2026-09-14T15:56:05.448+09:00  WARN 3480 --- [mvc] [restartedMain] JpaBaseConfiguration$JpaWebConfiguration : spring.jpa.open-in-view is enabled by default. Therefore, database queries may be performed during view rendering. Explicitly configure spring.jpa.open-in-view to disable this warning
2026-09-14T15:56:05.481+09:00  WARN 3480 --- [mvc] [restartedMain] .s.a.UserDetailsServiceAutoConfiguration : 

Using generated security password: a99ff822-e830-4f9d-a115-92fe1ef08294

This generated password is for development use only. Your security configuration must be updated before running your application in production.

2026-09-14T15:56:05.483+09:00  INFO 3480 --- [mvc] [restartedMain] r$InitializeUserDetailsManagerConfigurer : Global AuthenticationManager configured with UserDetailsService bean with name inMemoryUserDetailsManager
2026-09-14T15:56:05.512+09:00  WARN 3480 --- [mvc] [restartedMain] ConfigServletWebServerApplicationContext : Exception encountered during context initialization - cancelling refresh attempt: org.springframework.beans.factory.BeanCreationException: Error creating bean with name 'securityFilterChain' defined in class path resource [com/aloha/mvc/config/SecurityConfig.class]: Failed to instantiate [org.springframework.security.web.SecurityFilterChain]: Factory method 'securityFilterChain' threw exception with message: Unresolved compilation problem: 
	Syntax error, insert ";" to complete BlockStatements

2026-09-14T15:56:05.513+09:00  INFO 3480 --- [mvc] [restartedMain] j.LocalContainerEntityManagerFactoryBean : Closing JPA EntityManagerFactory for persistence unit 'default'
2026-09-14T15:56:05.519+09:00  INFO 3480 --- [mvc] [restartedMain] com.zaxxer.hikari.HikariDataSource       : HikariPool-3 - Shutdown initiated...
2026-09-14T15:56:05.559+09:00  INFO 3480 --- [mvc] [restartedMain] com.zaxxer.hikari.HikariDataSource       : HikariPool-3 - Shutdown completed.
2026-09-14T15:56:05.560+09:00  INFO 3480 --- [mvc] [restartedMain] o.apache.catalina.core.StandardService   : Stopping service [Tomcat]
2026-09-14T15:56:05.567+09:00  INFO 3480 --- [mvc] [restartedMain] .s.b.a.l.ConditionEvaluationReportLogger : 

Error starting ApplicationContext. To display the condition evaluation report re-run your application with 'debug' enabled.
2026-09-14T15:56:05.575+09:00 ERROR 3480 --- [mvc] [restartedMain] o.s.boot.SpringApplication               : Application run failed

org.springframework.beans.factory.BeanCreationException: Error creating bean with name 'securityFilterChain' defined in class path resource [com/aloha/mvc/config/SecurityConfig.class]: Failed to instantiate [org.springframework.security.web.SecurityFilterChain]: Factory method 'securityFilterChain' threw exception with message: Unresolved compilation problem: 
	Syntax error, insert ";" to complete BlockStatements

	at org.springframework.beans.factory.support.ConstructorResolver.instantiate(ConstructorResolver.java:657) ~[spring-beans-7.0.9.jar:7.0.9]
	at org.springframework.beans.factory.support.ConstructorResolver.instantiateUsingFactoryMethod(ConstructorResolver.java:645) ~[spring-beans-7.0.9.jar:7.0.9]
	at org.springframework.beans.factory.support.AbstractAutowireCapableBeanFactory.instantiateUsingFactoryMethod(AbstractAutowireCapableBeanFactory.java:1360) ~[spring-beans-7.0.9.jar:7.0.9]
	at org.springframework.beans.factory.support.AbstractAutowireCapableBeanFactory.createBeanInstance(AbstractAutowireCapableBeanFactory.java:1192) ~[spring-beans-7.0.9.jar:7.0.9]
	at org.springframework.beans.factory.support.AbstractAutowireCapableBeanFactory.doCreateBean(AbstractAutowireCapableBeanFactory.java:565) ~[spring-beans-7.0.9.jar:7.0.9]
	at org.springframework.beans.factory.support.AbstractAutowireCapableBeanFactory.createBean(AbstractAutowireCapableBeanFactory.java:525) ~[spring-beans-7.0.9.jar:7.0.9]
	at org.springframework.beans.factory.support.AbstractBeanFactory.lambda$doGetBean$0(AbstractBeanFactory.java:333) ~[spring-beans-7.0.9.jar:7.0.9]
	at org.springframework.beans.factory.support.DefaultSingletonBeanRegistry.getSingleton(DefaultSingletonBeanRegistry.java:371) ~[spring-beans-7.0.9.jar:7.0.9]
	at org.springframework.beans.factory.support.AbstractBeanFactory.doGetBean(AbstractBeanFactory.java:331) ~[spring-beans-7.0.9.jar:7.0.9]
	at org.springframework.beans.factory.support.AbstractBeanFactory.getBean(AbstractBeanFactory.java:196) ~[spring-beans-7.0.9.jar:7.0.9]
	at org.springframework.beans.factory.support.DefaultListableBeanFactory.instantiateSingleton(DefaultListableBeanFactory.java:1225) ~[spring-beans-7.0.9.jar:7.0.9]
	at org.springframework.beans.factory.support.DefaultListableBeanFactory.preInstantiateSingleton(DefaultListableBeanFactory.java:1191) ~[spring-beans-7.0.9.jar:7.0.9]
	at org.springframework.beans.factory.support.DefaultListableBeanFactory.preInstantiateSingletons(DefaultListableBeanFactory.java:1121) ~[spring-beans-7.0.9.jar:7.0.9]
	at org.springframework.context.support.AbstractApplicationContext.finishBeanFactoryInitialization(AbstractApplicationContext.java:994) ~[spring-context-7.0.9.jar:7.0.9]
	at org.springframework.context.support.AbstractApplicationContext.refresh(AbstractApplicationContext.java:621) ~[spring-context-7.0.9.jar:7.0.9]
	at org.springframework.boot.web.server.servlet.context.ServletWebServerApplicationContext.refresh(ServletWebServerApplicationContext.java:143) ~[spring-boot-web-server-4.1.1.jar:4.1.1]
	at org.springframework.boot.SpringApplication.refresh(SpringApplication.java:756) ~[spring-boot-4.1.1.jar:4.1.1]
	at org.springframework.boot.SpringApplication.refreshContext(SpringApplication.java:445) ~[spring-boot-4.1.1.jar:4.1.1]
	at org.springframework.boot.SpringApplication.run(SpringApplication.java:321) ~[spring-boot-4.1.1.jar:4.1.1]
	at org.springframework.boot.SpringApplication.run(SpringApplication.java:1365) ~[spring-boot-4.1.1.jar:4.1.1]
	at org.springframework.boot.SpringApplication.run(SpringApplication.java:1354) ~[spring-boot-4.1.1.jar:4.1.1]
	at com.aloha.mvc.MvcApplication.main(MvcApplication.java:10) ~[main/:na]
	at java.base/jdk.internal.reflect.NativeMethodAccessorImpl.invoke0(Native Method) ~[na:na]
	at java.base/jdk.internal.reflect.NativeMethodAccessorImpl.invoke(NativeMethodAccessorImpl.java:77) ~[na:na]
	at java.base/jdk.internal.reflect.DelegatingMethodAccessorImpl.invoke(DelegatingMethodAccessorImpl.java:43) ~[na:na]
	at java.base/java.lang.reflect.Method.invoke(Method.java:568) ~[na:na]
	at org.springframework.boot.devtools.restart.RestartLauncher.run(RestartLauncher.java:52) ~[spring-boot-devtools-4.1.1.jar:4.1.1]
Caused by: org.springframework.beans.BeanInstantiationException: Failed to instantiate [org.springframework.security.web.SecurityFilterChain]: Factory method 'securityFilterChain' threw exception with message: Unresolved compilation problem: 
	Syntax error, insert ";" to complete BlockStatements

	at org.springframework.beans.factory.support.SimpleInstantiationStrategy.lambda$instantiate$0(SimpleInstantiationStrategy.java:183) ~[spring-beans-7.0.9.jar:7.0.9]
	at org.springframework.beans.factory.support.SimpleInstantiationStrategy.instantiateWithFactoryMethod(SimpleInstantiationStrategy.java:72) ~[spring-beans-7.0.9.jar:7.0.9]
	at org.springframework.beans.factory.support.SimpleInstantiationStrategy.instantiate(SimpleInstantiationStrategy.java:152) ~[spring-beans-7.0.9.jar:7.0.9]
	at org.springframework.beans.factory.support.ConstructorResolver.instantiate(ConstructorResolver.java:653) ~[spring-beans-7.0.9.jar:7.0.9]
	... 26 common frames omitted
Caused by: java.lang.Error: Unresolved compilation problem: 
	Syntax error, insert ";" to complete BlockStatements

	at com.aloha.mvc.config.SecurityConfig.securityFilterChain(SecurityConfig.java:18) ~[main/:na]
	at com.aloha.mvc.config.SecurityConfig$$SpringCGLIB$$0.CGLIB$securityFilterChain$1(<generated>) ~[main/:na]
	at com.aloha.mvc.config.SecurityConfig$$SpringCGLIB$$FastClass$$1.invoke(<generated>) ~[main/:na]
	at org.springframework.cglib.proxy.MethodProxy.invokeSuper(MethodProxy.java:258) ~[spring-core-7.0.9.jar:7.0.9]
	at org.springframework.context.annotation.ConfigurationClassEnhancer$BeanMethodInterceptor.intercept(ConfigurationClassEnhancer.java:398) ~[spring-context-7.0.9.jar:7.0.9]
	at com.aloha.mvc.config.SecurityConfig$$SpringCGLIB$$0.securityFilterChain(<generated>) ~[main/:na]
	at java.base/jdk.internal.reflect.NativeMethodAccessorImpl.invoke0(Native Method) ~[na:na]
	at java.base/jdk.internal.reflect.NativeMethodAccessorImpl.invoke(NativeMethodAccessorImpl.java:77) ~[na:na]
	at java.base/jdk.internal.reflect.DelegatingMethodAccessorImpl.invoke(DelegatingMethodAccessorImpl.java:43) ~[na:na]
	at java.base/java.lang.reflect.Method.invoke(Method.java:568) ~[na:na]
	at org.springframework.beans.factory.support.SimpleInstantiationStrategy.lambda$instantiate$0(SimpleInstantiationStrategy.java:155) ~[spring-beans-7.0.9.jar:7.0.9]
	... 29 common frames omitted

2026-09-14T15:56:15.399+09:00  INFO 3480 --- [mvc] [restartedMain] com.aloha.mvc.MvcApplication             : Starting MvcApplication using Java 17.0.12 with PID 3480 (C:\ALOHA\GITHUB\AIOT7_SPRINGBOOT\mvc\bin\main started by Admin in C:\ALOHA\GITHUB\AIOT7_SPRINGBOOT)
2026-09-14T15:56:15.399+09:00  INFO 3480 --- [mvc] [restartedMain] com.aloha.mvc.MvcApplication             : No active profile set, falling back to 1 default profile: "default"
2026-09-14T15:56:16.204+09:00  INFO 3480 --- [mvc] [restartedMain] .s.d.r.c.RepositoryConfigurationDelegate : Bootstrapping Spring Data JPA repositories in DEFAULT mode.
2026-09-14T15:56:16.220+09:00  INFO 3480 --- [mvc] [restartedMain] .s.d.r.c.RepositoryConfigurationDelegate : Finished Spring Data repository scanning in 11 ms. Found 1 JPA repository interface.
2026-09-14T15:56:16.488+09:00  INFO 3480 --- [mvc] [restartedMain] o.s.boot.tomcat.TomcatWebServer          : Tomcat initialized with port 8080 (http)
2026-09-14T15:56:16.529+09:00  INFO 3480 --- [mvc] [restartedMain] o.apache.catalina.core.StandardService   : Starting service [Tomcat]
2026-09-14T15:56:16.530+09:00  INFO 3480 --- [mvc] [restartedMain] o.apache.catalina.core.StandardEngine    : Starting Servlet engine: [Apache Tomcat/11.0.24]
2026-09-14T15:56:16.589+09:00  INFO 3480 --- [mvc] [restartedMain] b.w.c.s.WebApplicationContextInitializer : Root WebApplicationContext: initialization completed in 1185 ms
2026-09-14T15:56:16.641+09:00  INFO 3480 --- [mvc] [restartedMain] org.hibernate.orm.jpa                    : HHH008540: Processing PersistenceUnitInfo [name: default]
2026-09-14T15:56:16.838+09:00  INFO 3480 --- [mvc] [restartedMain] o.s.o.j.p.SpringPersistenceUnitInfo      : No LoadTimeWeaver setup: ignoring JPA class transformer
2026-09-14T15:56:16.839+09:00  INFO 3480 --- [mvc] [restartedMain] com.zaxxer.hikari.HikariDataSource       : HikariPool-4 - Starting...
2026-09-14T15:56:16.843+09:00  INFO 3480 --- [mvc] [restartedMain] com.zaxxer.hikari.pool.HikariPool        : HikariPool-4 - Added connection com.mysql.cj.jdbc.ConnectionImpl@37301057
2026-09-14T15:56:16.843+09:00  INFO 3480 --- [mvc] [restartedMain] com.zaxxer.hikari.HikariDataSource       : HikariPool-4 - Start completed.
2026-09-14T15:56:16.845+09:00  INFO 3480 --- [mvc] [restartedMain] org.hibernate.orm.connections.pooling    : HHH10001005: Database info:
	Database JDBC URL [jdbc:mysql://localhost:3306/aloha?serverTimezone=Asia/Seoul&allowPublicKeyRetrieval=true&useSSL=false]
	Database driver: MySQL Connector/J
	Database dialect: MySQLDialect
	Database version: 8.0.46
	Default catalog/schema: aloha/undefined
	Autocommit mode: undefined/unknown
	Isolation level: REPEATABLE_READ [default REPEATABLE_READ]
	JDBC fetch size: none
	Pool: DataSourceConnectionProvider
	Minimum pool size: undefined/unknown
	Maximum pool size: undefined/unknown
2026-09-14T15:56:17.155+09:00  INFO 3480 --- [mvc] [restartedMain] org.hibernate.orm.core                   : HHH000489: No JTA platform available (set 'hibernate.transaction.jta.platform' to enable JTA platform integration)
2026-09-14T15:56:17.171+09:00  INFO 3480 --- [mvc] [restartedMain] j.LocalContainerEntityManagerFactoryBean : Initialized JPA EntityManagerFactory for persistence unit 'default'
2026-09-14T15:56:17.273+09:00  WARN 3480 --- [mvc] [restartedMain] JpaBaseConfiguration$JpaWebConfiguration : spring.jpa.open-in-view is enabled by default. Therefore, database queries may be performed during view rendering. Explicitly configure spring.jpa.open-in-view to disable this warning
2026-09-14T15:56:17.325+09:00  WARN 3480 --- [mvc] [restartedMain] .s.a.UserDetailsServiceAutoConfiguration : 

Using generated security password: 8b3cbc6e-171a-43bf-b1c7-bfded7797c24

This generated password is for development use only. Your security configuration must be updated before running your application in production.

2026-09-14T15:56:17.329+09:00  INFO 3480 --- [mvc] [restartedMain] r$InitializeUserDetailsManagerConfigurer : Global AuthenticationManager configured with UserDetailsService bean with name inMemoryUserDetailsManager
2026-09-14T15:56:17.391+09:00  WARN 3480 --- [mvc] [restartedMain] ConfigServletWebServerApplicationContext : Exception encountered during context initialization - cancelling refresh attempt: org.springframework.beans.factory.BeanCreationException: Error creating bean with name 'securityFilterChain' defined in class path resource [com/aloha/mvc/config/SecurityConfig.class]: Failed to instantiate [org.springframework.security.web.SecurityFilterChain]: Factory method 'securityFilterChain' threw exception with message: Unresolved compilation problem: 
	This method must return a result of type SecurityFilterChain

2026-09-14T15:56:17.399+09:00  INFO 3480 --- [mvc] [restartedMain] j.LocalContainerEntityManagerFactoryBean : Closing JPA EntityManagerFactory for persistence unit 'default'
2026-09-14T15:56:17.409+09:00  INFO 3480 --- [mvc] [restartedMain] com.zaxxer.hikari.HikariDataSource       : HikariPool-4 - Shutdown initiated...
2026-09-14T15:56:17.419+09:00  INFO 3480 --- [mvc] [restartedMain] com.zaxxer.hikari.HikariDataSource       : HikariPool-4 - Shutdown completed.
2026-09-14T15:56:17.420+09:00  INFO 3480 --- [mvc] [restartedMain] o.apache.catalina.core.StandardService   : Stopping service [Tomcat]
2026-09-14T15:56:17.430+09:00  INFO 3480 --- [mvc] [restartedMain] .s.b.a.l.ConditionEvaluationReportLogger : 

Error starting ApplicationContext. To display the condition evaluation report re-run your application with 'debug' enabled.
2026-09-14T15:56:17.437+09:00 ERROR 3480 --- [mvc] [restartedMain] o.s.boot.SpringApplication               : Application run failed

org.springframework.beans.factory.BeanCreationException: Error creating bean with name 'securityFilterChain' defined in class path resource [com/aloha/mvc/config/SecurityConfig.class]: Failed to instantiate [org.springframework.security.web.SecurityFilterChain]: Factory method 'securityFilterChain' threw exception with message: Unresolved compilation problem: 
	This method must return a result of type SecurityFilterChain

	at org.springframework.beans.factory.support.ConstructorResolver.instantiate(ConstructorResolver.java:657) ~[spring-beans-7.0.9.jar:7.0.9]
	at org.springframework.beans.factory.support.ConstructorResolver.instantiateUsingFactoryMethod(ConstructorResolver.java:645) ~[spring-beans-7.0.9.jar:7.0.9]
	at org.springframework.beans.factory.support.AbstractAutowireCapableBeanFactory.instantiateUsingFactoryMethod(AbstractAutowireCapableBeanFactory.java:1360) ~[spring-beans-7.0.9.jar:7.0.9]
	at org.springframework.beans.factory.support.AbstractAutowireCapableBeanFactory.createBeanInstance(AbstractAutowireCapableBeanFactory.java:1192) ~[spring-beans-7.0.9.jar:7.0.9]
	at org.springframework.beans.factory.support.AbstractAutowireCapableBeanFactory.doCreateBean(AbstractAutowireCapableBeanFactory.java:565) ~[spring-beans-7.0.9.jar:7.0.9]
	at org.springframework.beans.factory.support.AbstractAutowireCapableBeanFactory.createBean(AbstractAutowireCapableBeanFactory.java:525) ~[spring-beans-7.0.9.jar:7.0.9]
	at org.springframework.beans.factory.support.AbstractBeanFactory.lambda$doGetBean$0(AbstractBeanFactory.java:333) ~[spring-beans-7.0.9.jar:7.0.9]
	at org.springframework.beans.factory.support.DefaultSingletonBeanRegistry.getSingleton(DefaultSingletonBeanRegistry.java:371) ~[spring-beans-7.0.9.jar:7.0.9]
	at org.springframework.beans.factory.support.AbstractBeanFactory.doGetBean(AbstractBeanFactory.java:331) ~[spring-beans-7.0.9.jar:7.0.9]
	at org.springframework.beans.factory.support.AbstractBeanFactory.getBean(AbstractBeanFactory.java:196) ~[spring-beans-7.0.9.jar:7.0.9]
	at org.springframework.beans.factory.support.DefaultListableBeanFactory.instantiateSingleton(DefaultListableBeanFactory.java:1225) ~[spring-beans-7.0.9.jar:7.0.9]
	at org.springframework.beans.factory.support.DefaultListableBeanFactory.preInstantiateSingleton(DefaultListableBeanFactory.java:1191) ~[spring-beans-7.0.9.jar:7.0.9]
	at org.springframework.beans.factory.support.DefaultListableBeanFactory.preInstantiateSingletons(DefaultListableBeanFactory.java:1121) ~[spring-beans-7.0.9.jar:7.0.9]
	at org.springframework.context.support.AbstractApplicationContext.finishBeanFactoryInitialization(AbstractApplicationContext.java:994) ~[spring-context-7.0.9.jar:7.0.9]
	at org.springframework.context.support.AbstractApplicationContext.refresh(AbstractApplicationContext.java:621) ~[spring-context-7.0.9.jar:7.0.9]
	at org.springframework.boot.web.server.servlet.context.ServletWebServerApplicationContext.refresh(ServletWebServerApplicationContext.java:143) ~[spring-boot-web-server-4.1.1.jar:4.1.1]
	at org.springframework.boot.SpringApplication.refresh(SpringApplication.java:756) ~[spring-boot-4.1.1.jar:4.1.1]
	at org.springframework.boot.SpringApplication.refreshContext(SpringApplication.java:445) ~[spring-boot-4.1.1.jar:4.1.1]
	at org.springframework.boot.SpringApplication.run(SpringApplication.java:321) ~[spring-boot-4.1.1.jar:4.1.1]
	at org.springframework.boot.SpringApplication.run(SpringApplication.java:1365) ~[spring-boot-4.1.1.jar:4.1.1]
	at org.springframework.boot.SpringApplication.run(SpringApplication.java:1354) ~[spring-boot-4.1.1.jar:4.1.1]
	at com.aloha.mvc.MvcApplication.main(MvcApplication.java:10) ~[main/:na]
	at java.base/jdk.internal.reflect.NativeMethodAccessorImpl.invoke0(Native Method) ~[na:na]
	at java.base/jdk.internal.reflect.NativeMethodAccessorImpl.invoke(NativeMethodAccessorImpl.java:77) ~[na:na]
	at java.base/jdk.internal.reflect.DelegatingMethodAccessorImpl.invoke(DelegatingMethodAccessorImpl.java:43) ~[na:na]
	at java.base/java.lang.reflect.Method.invoke(Method.java:568) ~[na:na]
	at org.springframework.boot.devtools.restart.RestartLauncher.run(RestartLauncher.java:52) ~[spring-boot-devtools-4.1.1.jar:4.1.1]
Caused by: org.springframework.beans.BeanInstantiationException: Failed to instantiate [org.springframework.security.web.SecurityFilterChain]: Factory method 'securityFilterChain' threw exception with message: Unresolved compilation problem: 
	This method must return a result of type SecurityFilterChain

	at org.springframework.beans.factory.support.SimpleInstantiationStrategy.lambda$instantiate$0(SimpleInstantiationStrategy.java:183) ~[spring-beans-7.0.9.jar:7.0.9]
	at org.springframework.beans.factory.support.SimpleInstantiationStrategy.instantiateWithFactoryMethod(SimpleInstantiationStrategy.java:72) ~[spring-beans-7.0.9.jar:7.0.9]
	at org.springframework.beans.factory.support.SimpleInstantiationStrategy.instantiate(SimpleInstantiationStrategy.java:152) ~[spring-beans-7.0.9.jar:7.0.9]
	at org.springframework.beans.factory.support.ConstructorResolver.instantiate(ConstructorResolver.java:653) ~[spring-beans-7.0.9.jar:7.0.9]
	... 26 common frames omitted
Caused by: java.lang.Error: Unresolved compilation problem: 
	This method must return a result of type SecurityFilterChain

	at com.aloha.mvc.config.SecurityConfig.securityFilterChain(SecurityConfig.java:14) ~[main/:na]
	at com.aloha.mvc.config.SecurityConfig$$SpringCGLIB$$0.CGLIB$securityFilterChain$1(<generated>) ~[main/:na]
	at com.aloha.mvc.config.SecurityConfig$$SpringCGLIB$$FastClass$$1.invoke(<generated>) ~[main/:na]
	at org.springframework.cglib.proxy.MethodProxy.invokeSuper(MethodProxy.java:258) ~[spring-core-7.0.9.jar:7.0.9]
	at org.springframework.context.annotation.ConfigurationClassEnhancer$BeanMethodInterceptor.intercept(ConfigurationClassEnhancer.java:398) ~[spring-context-7.0.9.jar:7.0.9]
	at com.aloha.mvc.config.SecurityConfig$$SpringCGLIB$$0.securityFilterChain(<generated>) ~[main/:na]
	at java.base/jdk.internal.reflect.NativeMethodAccessorImpl.invoke0(Native Method) ~[na:na]
	at java.base/jdk.internal.reflect.NativeMethodAccessorImpl.invoke(NativeMethodAccessorImpl.java:77) ~[na:na]
	at java.base/jdk.internal.reflect.DelegatingMethodAccessorImpl.invoke(DelegatingMethodAccessorImpl.java:43) ~[na:na]
	at java.base/java.lang.reflect.Method.invoke(Method.java:568) ~[na:na]
	at org.springframework.beans.factory.support.SimpleInstantiationStrategy.lambda$instantiate$0(SimpleInstantiationStrategy.java:155) ~[spring-beans-7.0.9.jar:7.0.9]
	... 29 common frames omitted

2026-09-14T15:56:23.068+09:00  INFO 3480 --- [mvc] [restartedMain] com.aloha.mvc.MvcApplication             : Starting MvcApplication using Java 17.0.12 with PID 3480 (C:\ALOHA\GITHUB\AIOT7_SPRINGBOOT\mvc\bin\main started by Admin in C:\ALOHA\GITHUB\AIOT7_SPRINGBOOT)
2026-09-14T15:56:23.069+09:00  INFO 3480 --- [mvc] [restartedMain] com.aloha.mvc.MvcApplication             : No active profile set, falling back to 1 default profile: "default"
2026-09-14T15:56:23.604+09:00  INFO 3480 --- [mvc] [restartedMain] .s.d.r.c.RepositoryConfigurationDelegate : Bootstrapping Spring Data JPA repositories in DEFAULT mode.
2026-09-14T15:56:23.644+09:00  INFO 3480 --- [mvc] [restartedMain] .s.d.r.c.RepositoryConfigurationDelegate : Finished Spring Data repository scanning in 36 ms. Found 1 JPA repository interface.
2026-09-14T15:56:23.855+09:00  INFO 3480 --- [mvc] [restartedMain] o.s.boot.tomcat.TomcatWebServer          : Tomcat initialized with port 8080 (http)
2026-09-14T15:56:23.857+09:00  INFO 3480 --- [mvc] [restartedMain] o.apache.catalina.core.StandardService   : Starting service [Tomcat]
2026-09-14T15:56:23.857+09:00  INFO 3480 --- [mvc] [restartedMain] o.apache.catalina.core.StandardEngine    : Starting Servlet engine: [Apache Tomcat/11.0.24]
2026-09-14T15:56:23.921+09:00  INFO 3480 --- [mvc] [restartedMain] b.w.c.s.WebApplicationContextInitializer : Root WebApplicationContext: initialization completed in 849 ms
2026-09-14T15:56:24.009+09:00  INFO 3480 --- [mvc] [restartedMain] org.hibernate.orm.jpa                    : HHH008540: Processing PersistenceUnitInfo [name: default]
2026-09-14T15:56:24.109+09:00  INFO 3480 --- [mvc] [restartedMain] o.s.o.j.p.SpringPersistenceUnitInfo      : No LoadTimeWeaver setup: ignoring JPA class transformer
2026-09-14T15:56:24.113+09:00  INFO 3480 --- [mvc] [restartedMain] com.zaxxer.hikari.HikariDataSource       : HikariPool-5 - Starting...
2026-09-14T15:56:24.122+09:00  INFO 3480 --- [mvc] [restartedMain] com.zaxxer.hikari.pool.HikariPool        : HikariPool-5 - Added connection com.mysql.cj.jdbc.ConnectionImpl@2967b396
2026-09-14T15:56:24.122+09:00  INFO 3480 --- [mvc] [restartedMain] com.zaxxer.hikari.HikariDataSource       : HikariPool-5 - Start completed.
2026-09-14T15:56:24.124+09:00  INFO 3480 --- [mvc] [restartedMain] org.hibernate.orm.connections.pooling    : HHH10001005: Database info:
	Database JDBC URL [jdbc:mysql://localhost:3306/aloha?serverTimezone=Asia/Seoul&allowPublicKeyRetrieval=true&useSSL=false]
	Database driver: MySQL Connector/J
	Database dialect: MySQLDialect
	Database version: 8.0.46
	Default catalog/schema: aloha/undefined
	Autocommit mode: undefined/unknown
	Isolation level: REPEATABLE_READ [default REPEATABLE_READ]
	JDBC fetch size: none
	Pool: DataSourceConnectionProvider
	Minimum pool size: undefined/unknown
	Maximum pool size: undefined/unknown
2026-09-14T15:56:24.187+09:00  INFO 3480 --- [mvc] [restartedMain] org.hibernate.orm.core                   : HHH000489: No JTA platform available (set 'hibernate.transaction.jta.platform' to enable JTA platform integration)
2026-09-14T15:56:24.206+09:00  INFO 3480 --- [mvc] [restartedMain] j.LocalContainerEntityManagerFactoryBean : Initialized JPA EntityManagerFactory for persistence unit 'default'
2026-09-14T15:56:24.291+09:00  WARN 3480 --- [mvc] [restartedMain] JpaBaseConfiguration$JpaWebConfiguration : spring.jpa.open-in-view is enabled by default. Therefore, database queries may be performed during view rendering. Explicitly configure spring.jpa.open-in-view to disable this warning
2026-09-14T15:56:24.324+09:00  WARN 3480 --- [mvc] [restartedMain] .s.a.UserDetailsServiceAutoConfiguration : 

Using generated security password: dbf48cca-f9a5-4724-b143-074ce7dfe121

This generated password is for development use only. Your security configuration must be updated before running your application in production.

2026-09-14T15:56:24.325+09:00  INFO 3480 --- [mvc] [restartedMain] r$InitializeUserDetailsManagerConfigurer : Global AuthenticationManager configured with UserDetailsService bean with name inMemoryUserDetailsManager
2026-09-14T15:56:24.409+09:00  INFO 3480 --- [mvc] [restartedMain] o.s.b.w.a.WelcomePageHandlerMapping      : Adding welcome page template: index
2026-09-14T15:56:24.575+09:00  INFO 3480 --- [mvc] [restartedMain] o.s.boot.tomcat.TomcatWebServer          : Tomcat started on port 8080 (http) with context path '/'
2026-09-14T15:56:24.577+09:00  INFO 3480 --- [mvc] [restartedMain] com.aloha.mvc.MvcApplication             : Started MvcApplication in 1.534 seconds (process running for 145.859)
2026-09-14T15:56:24.582+09:00  INFO 3480 --- [mvc] [restartedMain] .ConditionEvaluationDeltaLoggingListener : Condition evaluation delta:


==========================
CONDITION EVALUATION DELTA
==========================


Positive matches:
-----------------

    None


Negative matches:
-----------------

   ServletWebSecurityAutoConfiguration.SecurityFilterChainConfiguration:
      Did not match:
         - AllNestedConditions 1 matched 1 did not; NestedCondition on DefaultWebSecurityCondition.Beans @ConditionalOnMissingBean (types: org.springframework.security.web.SecurityFilterChain; SearchStrategy: all) found beans of type 'org.springframework.security.web.SecurityFilterChain' securityFilterChain; NestedCondition on DefaultWebSecurityCondition.Classes @ConditionalOnClass found required classes 'org.springframework.security.web.SecurityFilterChain', 'org.springframework.security.config.annotation.web.builders.HttpSecurity' (DefaultWebSecurityCondition)


Exclusions:
-----------

    None


Unconditional classes:
----------------------

    None



2026-09-14T15:56:24.710+09:00  INFO 3480 --- [mvc] [http-nio-8080-exec-4] o.a.c.c.C.[Tomcat-2].[localhost].[/]     : Initializing Spring DispatcherServlet 'dispatcherServlet'
2026-09-14T15:56:24.710+09:00  INFO 3480 --- [mvc] [http-nio-8080-exec-4] o.s.web.servlet.DispatcherServlet        : Initializing Servlet 'dispatcherServlet'
2026-09-14T15:56:24.715+09:00  INFO 3480 --- [mvc] [http-nio-8080-exec-4] o.s.web.servlet.DispatcherServlet        : Completed initialization in 3 ms
2026-09-14T15:56:32.660+09:00  INFO 472 --- [mvc] [restartedMain] com.aloha.mvc.MvcApplication             : Starting MvcApplication using Java 17.0.12 with PID 472 (C:\ALOHA\GITHUB\AIOT7_SPRINGBOOT\mvc\bin\main started by Admin in C:\ALOHA\GITHUB\AIOT7_SPRINGBOOT)
2026-09-14T15:56:32.668+09:00  INFO 472 --- [mvc] [restartedMain] com.aloha.mvc.MvcApplication             : No active profile set, falling back to 1 default profile: "default"
2026-09-14T15:56:32.786+09:00  INFO 472 --- [mvc] [restartedMain] .e.DevToolsPropertyDefaultsPostProcessor : Devtools property defaults active! Set 'spring.devtools.add-properties' to 'false' to disable
2026-09-14T15:56:32.788+09:00  INFO 472 --- [mvc] [restartedMain] .e.DevToolsPropertyDefaultsPostProcessor : For additional web related logging consider setting the 'logging.level.web' property to 'DEBUG'
2026-09-14T15:56:34.474+09:00  INFO 472 --- [mvc] [restartedMain] .s.d.r.c.RepositoryConfigurationDelegate : Bootstrapping Spring Data JPA repositories in DEFAULT mode.
2026-09-14T15:56:34.589+09:00  INFO 472 --- [mvc] [restartedMain] .s.d.r.c.RepositoryConfigurationDelegate : Finished Spring Data repository scanning in 92 ms. Found 1 JPA repository interface.
2026-09-14T15:56:36.138+09:00  INFO 472 --- [mvc] [restartedMain] o.s.boot.tomcat.TomcatWebServer          : Tomcat initialized with port 8080 (http)
2026-09-14T15:56:36.195+09:00  INFO 472 --- [mvc] [restartedMain] o.apache.catalina.core.StandardService   : Starting service [Tomcat]
2026-09-14T15:56:36.197+09:00  INFO 472 --- [mvc] [restartedMain] o.apache.catalina.core.StandardEngine    : Starting Servlet engine: [Apache Tomcat/11.0.24]
2026-09-14T15:56:36.352+09:00  INFO 472 --- [mvc] [restartedMain] b.w.c.s.WebApplicationContextInitializer : Root WebApplicationContext: initialization completed in 3563 ms
2026-09-14T15:56:36.833+09:00  INFO 472 --- [mvc] [restartedMain] org.hibernate.orm.jpa                    : HHH008540: Processing PersistenceUnitInfo [name: default]
2026-09-14T15:56:36.998+09:00  INFO 472 --- [mvc] [restartedMain] org.hibernate.orm.core                   : HHH000001: Hibernate ORM core version 7.4.5.Final
2026-09-14T15:56:38.488+09:00  INFO 472 --- [mvc] [restartedMain] o.s.o.j.p.SpringPersistenceUnitInfo      : No LoadTimeWeaver setup: ignoring JPA class transformer
2026-09-14T15:56:38.604+09:00  INFO 472 --- [mvc] [restartedMain] com.zaxxer.hikari.HikariDataSource       : HikariPool-1 - Starting...
2026-09-14T15:56:38.952+09:00  INFO 472 --- [mvc] [restartedMain] com.zaxxer.hikari.pool.HikariPool        : HikariPool-1 - Added connection com.mysql.cj.jdbc.ConnectionImpl@6e7de376
2026-09-14T15:56:38.955+09:00  INFO 472 --- [mvc] [restartedMain] com.zaxxer.hikari.HikariDataSource       : HikariPool-1 - Start completed.
2026-09-14T15:56:39.092+09:00  INFO 472 --- [mvc] [restartedMain] org.hibernate.orm.connections.pooling    : HHH10001005: Database info:
	Database JDBC URL [jdbc:mysql://localhost:3306/aloha?serverTimezone=Asia/Seoul&allowPublicKeyRetrieval=true&useSSL=false]
	Database driver: MySQL Connector/J
	Database dialect: MySQLDialect
	Database version: 8.0.46
	Default catalog/schema: aloha/undefined
	Autocommit mode: undefined/unknown
	Isolation level: REPEATABLE_READ [default REPEATABLE_READ]
	JDBC fetch size: none
	Pool: DataSourceConnectionProvider
	Minimum pool size: undefined/unknown
	Maximum pool size: undefined/unknown
2026-09-14T15:56:40.823+09:00  INFO 472 --- [mvc] [restartedMain] org.hibernate.orm.core                   : HHH000489: No JTA platform available (set 'hibernate.transaction.jta.platform' to enable JTA platform integration)
2026-09-14T15:56:40.897+09:00  INFO 472 --- [mvc] [restartedMain] j.LocalContainerEntityManagerFactoryBean : Initialized JPA EntityManagerFactory for persistence unit 'default'
2026-09-14T15:56:41.075+09:00  INFO 472 --- [mvc] [restartedMain] o.s.d.j.r.query.QueryEnhancerFactories   : Hibernate is in classpath; If applicable, HQL parser will be used.
2026-09-14T15:56:41.493+09:00  WARN 472 --- [mvc] [restartedMain] JpaBaseConfiguration$JpaWebConfiguration : spring.jpa.open-in-view is enabled by default. Therefore, database queries may be performed during view rendering. Explicitly configure spring.jpa.open-in-view to disable this warning
2026-09-14T15:56:41.771+09:00  WARN 472 --- [mvc] [restartedMain] .s.a.UserDetailsServiceAutoConfiguration : 

Using generated security password: b3796ec3-f357-4b05-8c27-b8147a8b4507

This generated password is for development use only. Your security configuration must be updated before running your application in production.

2026-09-14T15:56:41.803+09:00  INFO 472 --- [mvc] [restartedMain] r$InitializeUserDetailsManagerConfigurer : Global AuthenticationManager configured with UserDetailsService bean with name inMemoryUserDetailsManager
2026-09-14T15:56:42.638+09:00  INFO 472 --- [mvc] [restartedMain] o.s.b.w.a.WelcomePageHandlerMapping      : Adding welcome page template: index
2026-09-14T15:56:43.747+09:00  INFO 472 --- [mvc] [restartedMain] o.s.boot.tomcat.TomcatWebServer          : Tomcat started on port 8080 (http) with context path '/'
2026-09-14T15:56:43.778+09:00  INFO 472 --- [mvc] [restartedMain] com.aloha.mvc.MvcApplication             : Started MvcApplication in 12.882 seconds (process running for 13.817)
2026-09-14T15:56:43.981+09:00  INFO 472 --- [mvc] [http-nio-8080-exec-3] o.a.c.c.C.[Tomcat].[localhost].[/]       : Initializing Spring DispatcherServlet 'dispatcherServlet'
2026-09-14T15:56:43.982+09:00  INFO 472 --- [mvc] [http-nio-8080-exec-3] o.s.web.servlet.DispatcherServlet        : Initializing Servlet 'dispatcherServlet'
2026-09-14T15:56:43.983+09:00  INFO 472 --- [mvc] [http-nio-8080-exec-3] o.s.web.servlet.DispatcherServlet        : Completed initialization in 1 ms
2026-09-14T15:56:56.753+09:00  INFO 472 --- [mvc] [File Watcher] rtingClassPathChangeChangedEventListener : Restarting due to 1 class path change (0 additions, 0 deletions, 1 modification)
2026-09-14T15:56:56.760+09:00  INFO 472 --- [mvc] [Thread-1] o.s.boot.tomcat.GracefulShutdown         : Commencing graceful shutdown. Waiting for active requests to complete
2026-09-14T15:56:56.854+09:00  INFO 472 --- [mvc] [tomcat-shutdown] o.s.boot.tomcat.GracefulShutdown         : Graceful shutdown complete
2026-09-14T15:56:56.859+09:00  INFO 472 --- [mvc] [Thread-1] j.LocalContainerEntityManagerFactoryBean : Closing JPA EntityManagerFactory for persistence unit 'default'
2026-09-14T15:56:56.864+09:00  INFO 472 --- [mvc] [Thread-1] com.zaxxer.hikari.HikariDataSource       : HikariPool-1 - Shutdown initiated...
2026-09-14T15:56:56.881+09:00  INFO 472 --- [mvc] [Thread-1] com.zaxxer.hikari.HikariDataSource       : HikariPool-1 - Shutdown completed.
2026-09-14T15:56:57.071+09:00  INFO 472 --- [mvc] [restartedMain] com.aloha.mvc.MvcApplication             : Starting MvcApplication using Java 17.0.12 with PID 472 (C:\ALOHA\GITHUB\AIOT7_SPRINGBOOT\mvc\bin\main started by Admin in C:\ALOHA\GITHUB\AIOT7_SPRINGBOOT)
2026-09-14T15:56:57.073+09:00  INFO 472 --- [mvc] [restartedMain] com.aloha.mvc.MvcApplication             : No active profile set, falling back to 1 default profile: "default"
2026-09-14T15:56:57.718+09:00  INFO 472 --- [mvc] [restartedMain] .s.d.r.c.RepositoryConfigurationDelegate : Bootstrapping Spring Data JPA repositories in DEFAULT mode.
2026-09-14T15:56:57.765+09:00  INFO 472 --- [mvc] [restartedMain] .s.d.r.c.RepositoryConfigurationDelegate : Finished Spring Data repository scanning in 36 ms. Found 1 JPA repository interface.
2026-09-14T15:56:57.991+09:00  INFO 472 --- [mvc] [restartedMain] o.s.boot.tomcat.TomcatWebServer          : Tomcat initialized with port 8080 (http)
2026-09-14T15:56:57.995+09:00  INFO 472 --- [mvc] [restartedMain] o.apache.catalina.core.StandardService   : Starting service [Tomcat]
2026-09-14T15:56:57.995+09:00  INFO 472 --- [mvc] [restartedMain] o.apache.catalina.core.StandardEngine    : Starting Servlet engine: [Apache Tomcat/11.0.24]
2026-09-14T15:56:58.024+09:00  INFO 472 --- [mvc] [restartedMain] b.w.c.s.WebApplicationContextInitializer : Root WebApplicationContext: initialization completed in 949 ms
2026-09-14T15:56:58.106+09:00  INFO 472 --- [mvc] [restartedMain] org.hibernate.orm.jpa                    : HHH008540: Processing PersistenceUnitInfo [name: default]
2026-09-14T15:56:58.337+09:00  INFO 472 --- [mvc] [restartedMain] o.s.o.j.p.SpringPersistenceUnitInfo      : No LoadTimeWeaver setup: ignoring JPA class transformer
2026-09-14T15:56:58.347+09:00  INFO 472 --- [mvc] [restartedMain] com.zaxxer.hikari.HikariDataSource       : HikariPool-2 - Starting...
2026-09-14T15:56:58.362+09:00  INFO 472 --- [mvc] [restartedMain] com.zaxxer.hikari.pool.HikariPool        : HikariPool-2 - Added connection com.mysql.cj.jdbc.ConnectionImpl@25092940
2026-09-14T15:56:58.366+09:00  INFO 472 --- [mvc] [restartedMain] com.zaxxer.hikari.HikariDataSource       : HikariPool-2 - Start completed.
2026-09-14T15:56:58.391+09:00  INFO 472 --- [mvc] [restartedMain] org.hibernate.orm.connections.pooling    : HHH10001005: Database info:
	Database JDBC URL [jdbc:mysql://localhost:3306/aloha?serverTimezone=Asia/Seoul&allowPublicKeyRetrieval=true&useSSL=false]
	Database driver: MySQL Connector/J
	Database dialect: MySQLDialect
	Database version: 8.0.46
	Default catalog/schema: aloha/undefined
	Autocommit mode: undefined/unknown
	Isolation level: REPEATABLE_READ [default REPEATABLE_READ]
	JDBC fetch size: none
	Pool: DataSourceConnectionProvider
	Minimum pool size: undefined/unknown
	Maximum pool size: undefined/unknown
2026-09-14T15:56:58.482+09:00  INFO 472 --- [mvc] [restartedMain] org.hibernate.orm.core                   : HHH000489: No JTA platform available (set 'hibernate.transaction.jta.platform' to enable JTA platform integration)
2026-09-14T15:56:58.504+09:00  INFO 472 --- [mvc] [restartedMain] j.LocalContainerEntityManagerFactoryBean : Initialized JPA EntityManagerFactory for persistence unit 'default'
2026-09-14T15:56:58.624+09:00  WARN 472 --- [mvc] [restartedMain] JpaBaseConfiguration$JpaWebConfiguration : spring.jpa.open-in-view is enabled by default. Therefore, database queries may be performed during view rendering. Explicitly configure spring.jpa.open-in-view to disable this warning
2026-09-14T15:56:58.669+09:00  WARN 472 --- [mvc] [restartedMain] .s.a.UserDetailsServiceAutoConfiguration : 

Using generated security password: ed940604-2c66-4b3e-a96b-044d8441d152

This generated password is for development use only. Your security configuration must be updated before running your application in production.

2026-09-14T15:56:58.675+09:00  INFO 472 --- [mvc] [restartedMain] r$InitializeUserDetailsManagerConfigurer : Global AuthenticationManager configured with UserDetailsService bean with name inMemoryUserDetailsManager
2026-09-14T15:56:58.828+09:00  INFO 472 --- [mvc] [restartedMain] o.s.b.w.a.WelcomePageHandlerMapping      : Adding welcome page template: index
2026-09-14T15:56:58.961+09:00  INFO 472 --- [mvc] [restartedMain] o.s.boot.tomcat.TomcatWebServer          : Tomcat started on port 8080 (http) with context path '/'
2026-09-14T15:56:58.965+09:00  INFO 472 --- [mvc] [restartedMain] com.aloha.mvc.MvcApplication             : Started MvcApplication in 1.946 seconds (process running for 29.003)
2026-09-14T15:56:58.974+09:00  INFO 472 --- [mvc] [restartedMain] .ConditionEvaluationDeltaLoggingListener : Condition evaluation unchanged
2026-09-14T15:56:59.108+09:00  INFO 472 --- [mvc] [http-nio-8080-exec-1] o.a.c.c.C.[Tomcat].[localhost].[/]       : Initializing Spring DispatcherServlet 'dispatcherServlet'
2026-09-14T15:56:59.109+09:00  INFO 472 --- [mvc] [http-nio-8080-exec-1] o.s.web.servlet.DispatcherServlet        : Initializing Servlet 'dispatcherServlet'
2026-09-14T15:56:59.110+09:00  INFO 472 --- [mvc] [http-nio-8080-exec-1] o.s.web.servlet.DispatcherServlet        : Completed initialization in 1 ms
2026-09-14T15:58:31.867+09:00  INFO 472 --- [mvc] [File Watcher] rtingClassPathChangeChangedEventListener : Restarting due to 1 class path change (0 additions, 0 deletions, 1 modification)
2026-09-14T15:58:31.870+09:00  INFO 472 --- [mvc] [Thread-5] o.s.boot.tomcat.GracefulShutdown         : Commencing graceful shutdown. Waiting for active requests to complete
2026-09-14T15:58:32.005+09:00  INFO 472 --- [mvc] [tomcat-shutdown] o.s.boot.tomcat.GracefulShutdown         : Graceful shutdown complete
2026-09-14T15:58:32.050+09:00  INFO 472 --- [mvc] [Thread-5] j.LocalContainerEntityManagerFactoryBean : Closing JPA EntityManagerFactory for persistence unit 'default'
2026-09-14T15:58:32.130+09:00  INFO 472 --- [mvc] [Thread-5] com.zaxxer.hikari.HikariDataSource       : HikariPool-2 - Shutdown initiated...
2026-09-14T15:58:32.184+09:00  INFO 472 --- [mvc] [Thread-5] com.zaxxer.hikari.HikariDataSource       : HikariPool-2 - Shutdown completed.
2026-09-14T15:58:32.595+09:00  INFO 472 --- [mvc] [restartedMain] com.aloha.mvc.MvcApplication             : Starting MvcApplication using Java 17.0.12 with PID 472 (C:\ALOHA\GITHUB\AIOT7_SPRINGBOOT\mvc\bin\main started by Admin in C:\ALOHA\GITHUB\AIOT7_SPRINGBOOT)
2026-09-14T15:58:32.607+09:00  INFO 472 --- [mvc] [restartedMain] com.aloha.mvc.MvcApplication             : No active profile set, falling back to 1 default profile: "default"
2026-09-14T15:58:33.841+09:00  INFO 472 --- [mvc] [restartedMain] .s.d.r.c.RepositoryConfigurationDelegate : Bootstrapping Spring Data JPA repositories in DEFAULT mode.
2026-09-14T15:58:33.873+09:00  INFO 472 --- [mvc] [restartedMain] .s.d.r.c.RepositoryConfigurationDelegate : Finished Spring Data repository scanning in 28 ms. Found 1 JPA repository interface.
2026-09-14T15:58:34.246+09:00  INFO 472 --- [mvc] [restartedMain] o.s.boot.tomcat.TomcatWebServer          : Tomcat initialized with port 8080 (http)
2026-09-14T15:58:34.247+09:00  INFO 472 --- [mvc] [restartedMain] o.apache.catalina.core.StandardService   : Starting service [Tomcat]
2026-09-14T15:58:34.248+09:00  INFO 472 --- [mvc] [restartedMain] o.apache.catalina.core.StandardEngine    : Starting Servlet engine: [Apache Tomcat/11.0.24]
2026-09-14T15:58:34.343+09:00  INFO 472 --- [mvc] [restartedMain] b.w.c.s.WebApplicationContextInitializer : Root WebApplicationContext: initialization completed in 1714 ms
2026-09-14T15:58:34.471+09:00  INFO 472 --- [mvc] [restartedMain] org.hibernate.orm.jpa                    : HHH008540: Processing PersistenceUnitInfo [name: default]
2026-09-14T15:58:34.594+09:00  INFO 472 --- [mvc] [restartedMain] o.s.o.j.p.SpringPersistenceUnitInfo      : No LoadTimeWeaver setup: ignoring JPA class transformer
2026-09-14T15:58:34.602+09:00  INFO 472 --- [mvc] [restartedMain] com.zaxxer.hikari.HikariDataSource       : HikariPool-3 - Starting...
2026-09-14T15:58:34.609+09:00  INFO 472 --- [mvc] [restartedMain] com.zaxxer.hikari.pool.HikariPool        : HikariPool-3 - Added connection com.mysql.cj.jdbc.ConnectionImpl@121fea7f
2026-09-14T15:58:34.635+09:00  INFO 472 --- [mvc] [restartedMain] com.zaxxer.hikari.HikariDataSource       : HikariPool-3 - Start completed.
2026-09-14T15:58:34.641+09:00  INFO 472 --- [mvc] [restartedMain] org.hibernate.orm.connections.pooling    : HHH10001005: Database info:
	Database JDBC URL [jdbc:mysql://localhost:3306/aloha?serverTimezone=Asia/Seoul&allowPublicKeyRetrieval=true&useSSL=false]
	Database driver: MySQL Connector/J
	Database dialect: MySQLDialect
	Database version: 8.0.46
	Default catalog/schema: aloha/undefined
	Autocommit mode: undefined/unknown
	Isolation level: REPEATABLE_READ [default REPEATABLE_READ]
	JDBC fetch size: none
	Pool: DataSourceConnectionProvider
	Minimum pool size: undefined/unknown
	Maximum pool size: undefined/unknown
2026-09-14T15:58:34.840+09:00  INFO 472 --- [mvc] [restartedMain] org.hibernate.orm.core                   : HHH000489: No JTA platform available (set 'hibernate.transaction.jta.platform' to enable JTA platform integration)
2026-09-14T15:58:34.854+09:00  INFO 472 --- [mvc] [restartedMain] j.LocalContainerEntityManagerFactoryBean : Initialized JPA EntityManagerFactory for persistence unit 'default'
2026-09-14T15:58:35.000+09:00  WARN 472 --- [mvc] [restartedMain] JpaBaseConfiguration$JpaWebConfiguration : spring.jpa.open-in-view is enabled by default. Therefore, database queries may be performed during view rendering. Explicitly configure spring.jpa.open-in-view to disable this warning
2026-09-14T15:58:35.096+09:00  WARN 472 --- [mvc] [restartedMain] .s.a.UserDetailsServiceAutoConfiguration : 

Using generated security password: 01d9233a-ba6b-4e43-84cb-ff7292db32f1

This generated password is for development use only. Your security configuration must be updated before running your application in production.

2026-09-14T15:58:35.109+09:00  INFO 472 --- [mvc] [restartedMain] r$InitializeUserDetailsManagerConfigurer : Global AuthenticationManager configured with UserDetailsService bean with name inMemoryUserDetailsManager
2026-09-14T15:58:35.204+09:00  INFO 472 --- [mvc] [restartedMain] o.s.b.w.a.WelcomePageHandlerMapping      : Adding welcome page template: index
2026-09-14T15:58:35.448+09:00  INFO 472 --- [mvc] [restartedMain] o.s.boot.tomcat.TomcatWebServer          : Tomcat started on port 8080 (http) with context path '/'
2026-09-14T15:58:35.453+09:00  INFO 472 --- [mvc] [restartedMain] com.aloha.mvc.MvcApplication             : Started MvcApplication in 3.11 seconds (process running for 125.491)
2026-09-14T15:58:35.461+09:00  INFO 472 --- [mvc] [restartedMain] .ConditionEvaluationDeltaLoggingListener : Condition evaluation unchanged
2026-09-14T15:58:41.692+09:00  INFO 472 --- [mvc] [http-nio-8080-exec-1] o.a.c.c.C.[Tomcat].[localhost].[/]       : Initializing Spring DispatcherServlet 'dispatcherServlet'
2026-09-14T15:58:41.694+09:00  INFO 472 --- [mvc] [http-nio-8080-exec-1] o.s.web.servlet.DispatcherServlet        : Initializing Servlet 'dispatcherServlet'
2026-09-14T15:58:41.695+09:00  INFO 472 --- [mvc] [http-nio-8080-exec-1] o.s.web.servlet.DispatcherServlet        : Completed initialization in 1 ms
2026-09-14T16:09:19.165+09:00  INFO 472 --- [mvc] [File Watcher] rtingClassPathChangeChangedEventListener : Restarting due to 1 class path change (1 addition, 0 deletions, 0 modifications)
2026-09-14T16:09:19.169+09:00  INFO 472 --- [mvc] [Thread-9] o.s.boot.tomcat.GracefulShutdown         : Commencing graceful shutdown. Waiting for active requests to complete
2026-09-14T16:09:19.279+09:00  INFO 472 --- [mvc] [tomcat-shutdown] o.s.boot.tomcat.GracefulShutdown         : Graceful shutdown complete
2026-09-14T16:09:19.281+09:00  INFO 472 --- [mvc] [Thread-9] j.LocalContainerEntityManagerFactoryBean : Closing JPA EntityManagerFactory for persistence unit 'default'
2026-09-14T16:09:19.282+09:00  INFO 472 --- [mvc] [Thread-9] com.zaxxer.hikari.HikariDataSource       : HikariPool-3 - Shutdown initiated...
2026-09-14T16:09:19.299+09:00  INFO 472 --- [mvc] [Thread-9] com.zaxxer.hikari.HikariDataSource       : HikariPool-3 - Shutdown completed.
2026-09-14T16:09:19.459+09:00  INFO 472 --- [mvc] [restartedMain] com.aloha.mvc.MvcApplication             : Starting MvcApplication using Java 17.0.12 with PID 472 (C:\ALOHA\GITHUB\AIOT7_SPRINGBOOT\mvc\bin\main started by Admin in C:\ALOHA\GITHUB\AIOT7_SPRINGBOOT)
2026-09-14T16:09:19.459+09:00  INFO 472 --- [mvc] [restartedMain] com.aloha.mvc.MvcApplication             : No active profile set, falling back to 1 default profile: "default"
2026-09-14T16:09:19.986+09:00  INFO 472 --- [mvc] [restartedMain] .s.d.r.c.RepositoryConfigurationDelegate : Bootstrapping Spring Data JPA repositories in DEFAULT mode.
2026-09-14T16:09:19.997+09:00  INFO 472 --- [mvc] [restartedMain] .s.d.r.c.RepositoryConfigurationDelegate : Finished Spring Data repository scanning in 9 ms. Found 1 JPA repository interface.
2026-09-14T16:09:20.163+09:00  INFO 472 --- [mvc] [restartedMain] o.s.boot.tomcat.TomcatWebServer          : Tomcat initialized with port 8080 (http)
2026-09-14T16:09:20.164+09:00  INFO 472 --- [mvc] [restartedMain] o.apache.catalina.core.StandardService   : Starting service [Tomcat]
2026-09-14T16:09:20.164+09:00  INFO 472 --- [mvc] [restartedMain] o.apache.catalina.core.StandardEngine    : Starting Servlet engine: [Apache Tomcat/11.0.24]
2026-09-14T16:09:20.197+09:00  INFO 472 --- [mvc] [restartedMain] b.w.c.s.WebApplicationContextInitializer : Root WebApplicationContext: initialization completed in 736 ms
2026-09-14T16:09:20.267+09:00  INFO 472 --- [mvc] [restartedMain] org.hibernate.orm.jpa                    : HHH008540: Processing PersistenceUnitInfo [name: default]
2026-09-14T16:09:20.382+09:00  INFO 472 --- [mvc] [restartedMain] o.s.o.j.p.SpringPersistenceUnitInfo      : No LoadTimeWeaver setup: ignoring JPA class transformer
2026-09-14T16:09:20.384+09:00  INFO 472 --- [mvc] [restartedMain] com.zaxxer.hikari.HikariDataSource       : HikariPool-4 - Starting...
2026-09-14T16:09:20.389+09:00  INFO 472 --- [mvc] [restartedMain] com.zaxxer.hikari.pool.HikariPool        : HikariPool-4 - Added connection com.mysql.cj.jdbc.ConnectionImpl@22e895e7
2026-09-14T16:09:20.390+09:00  INFO 472 --- [mvc] [restartedMain] com.zaxxer.hikari.HikariDataSource       : HikariPool-4 - Start completed.
2026-09-14T16:09:20.392+09:00  INFO 472 --- [mvc] [restartedMain] org.hibernate.orm.connections.pooling    : HHH10001005: Database info:
	Database JDBC URL [jdbc:mysql://localhost:3306/aloha?serverTimezone=Asia/Seoul&allowPublicKeyRetrieval=true&useSSL=false]
	Database driver: MySQL Connector/J
	Database dialect: MySQLDialect
	Database version: 8.0.46
	Default catalog/schema: aloha/undefined
	Autocommit mode: undefined/unknown
	Isolation level: REPEATABLE_READ [default REPEATABLE_READ]
	JDBC fetch size: none
	Pool: DataSourceConnectionProvider
	Minimum pool size: undefined/unknown
	Maximum pool size: undefined/unknown
2026-09-14T16:09:20.511+09:00 ERROR 472 --- [mvc] [restartedMain] j.LocalContainerEntityManagerFactoryBean : Failed to initialize JPA EntityManagerFactory: Unable to build Hibernate SessionFactory  [persistence unit: default] ; nested exception is org.hibernate.InstantiationException: Could not instantiate entity 'com.aloha.mvc.domain.Posts' due to: null
2026-09-14T16:09:20.527+09:00  WARN 472 --- [mvc] [restartedMain] ConfigServletWebServerApplicationContext : Exception encountered during context initialization - cancelling refresh attempt: org.springframework.beans.factory.BeanCreationException: Error creating bean with name 'entityManagerFactory' defined in class path resource [org/springframework/boot/hibernate/autoconfigure/HibernateJpaConfiguration.class]: Unable to build Hibernate SessionFactory  [persistence unit: default] ; nested exception is org.hibernate.InstantiationException: Could not instantiate entity 'com.aloha.mvc.domain.Posts' due to: null
2026-09-14T16:09:20.528+09:00  INFO 472 --- [mvc] [restartedMain] com.zaxxer.hikari.HikariDataSource       : HikariPool-4 - Shutdown initiated...
2026-09-14T16:09:20.576+09:00  INFO 472 --- [mvc] [restartedMain] com.zaxxer.hikari.HikariDataSource       : HikariPool-4 - Shutdown completed.
2026-09-14T16:09:20.577+09:00  INFO 472 --- [mvc] [restartedMain] o.apache.catalina.core.StandardService   : Stopping service [Tomcat]
2026-09-14T16:09:20.589+09:00  INFO 472 --- [mvc] [restartedMain] .s.b.a.l.ConditionEvaluationReportLogger : 

Error starting ApplicationContext. To display the condition evaluation report re-run your application with 'debug' enabled.
2026-09-14T16:09:20.614+09:00 ERROR 472 --- [mvc] [restartedMain] o.s.boot.SpringApplication               : Application run failed

org.springframework.beans.factory.BeanCreationException: Error creating bean with name 'entityManagerFactory' defined in class path resource [org/springframework/boot/hibernate/autoconfigure/HibernateJpaConfiguration.class]: Unable to build Hibernate SessionFactory  [persistence unit: default] ; nested exception is org.hibernate.InstantiationException: Could not instantiate entity 'com.aloha.mvc.domain.Posts' due to: null
	at org.springframework.beans.factory.support.AbstractAutowireCapableBeanFactory.initializeBean(AbstractAutowireCapableBeanFactory.java:1815) ~[spring-beans-7.0.9.jar:7.0.9]
	at org.springframework.beans.factory.support.AbstractAutowireCapableBeanFactory.doCreateBean(AbstractAutowireCapableBeanFactory.java:603) ~[spring-beans-7.0.9.jar:7.0.9]
	at org.springframework.beans.factory.support.AbstractAutowireCapableBeanFactory.createBean(AbstractAutowireCapableBeanFactory.java:525) ~[spring-beans-7.0.9.jar:7.0.9]
	at org.springframework.beans.factory.support.AbstractBeanFactory.lambda$doGetBean$0(AbstractBeanFactory.java:333) ~[spring-beans-7.0.9.jar:7.0.9]
	at org.springframework.beans.factory.support.DefaultSingletonBeanRegistry.getSingleton(DefaultSingletonBeanRegistry.java:371) ~[spring-beans-7.0.9.jar:7.0.9]
	at org.springframework.beans.factory.support.AbstractBeanFactory.doGetBean(AbstractBeanFactory.java:331) ~[spring-beans-7.0.9.jar:7.0.9]
	at org.springframework.beans.factory.support.AbstractBeanFactory.getBean(AbstractBeanFactory.java:201) ~[spring-beans-7.0.9.jar:7.0.9]
	at org.springframework.context.support.AbstractApplicationContext.finishBeanFactoryInitialization(AbstractApplicationContext.java:977) ~[spring-context-7.0.9.jar:7.0.9]
	at org.springframework.context.support.AbstractApplicationContext.refresh(AbstractApplicationContext.java:621) ~[spring-context-7.0.9.jar:7.0.9]
	at org.springframework.boot.web.server.servlet.context.ServletWebServerApplicationContext.refresh(ServletWebServerApplicationContext.java:143) ~[spring-boot-web-server-4.1.1.jar:4.1.1]
	at org.springframework.boot.SpringApplication.refresh(SpringApplication.java:756) ~[spring-boot-4.1.1.jar:4.1.1]
	at org.springframework.boot.SpringApplication.refreshContext(SpringApplication.java:445) ~[spring-boot-4.1.1.jar:4.1.1]
	at org.springframework.boot.SpringApplication.run(SpringApplication.java:321) ~[spring-boot-4.1.1.jar:4.1.1]
	at org.springframework.boot.SpringApplication.run(SpringApplication.java:1365) ~[spring-boot-4.1.1.jar:4.1.1]
	at org.springframework.boot.SpringApplication.run(SpringApplication.java:1354) ~[spring-boot-4.1.1.jar:4.1.1]
	at com.aloha.mvc.MvcApplication.main(MvcApplication.java:10) ~[main/:na]
	at java.base/jdk.internal.reflect.NativeMethodAccessorImpl.invoke0(Native Method) ~[na:na]
	at java.base/jdk.internal.reflect.NativeMethodAccessorImpl.invoke(NativeMethodAccessorImpl.java:77) ~[na:na]
	at java.base/jdk.internal.reflect.DelegatingMethodAccessorImpl.invoke(DelegatingMethodAccessorImpl.java:43) ~[na:na]
	at java.base/java.lang.reflect.Method.invoke(Method.java:568) ~[na:na]
	at org.springframework.boot.devtools.restart.RestartLauncher.run(RestartLauncher.java:52) ~[spring-boot-devtools-4.1.1.jar:4.1.1]
Caused by: jakarta.persistence.PersistenceException: Unable to build Hibernate SessionFactory  [persistence unit: default] ; nested exception is org.hibernate.InstantiationException: Could not instantiate entity 'com.aloha.mvc.domain.Posts' due to: null
	at org.springframework.orm.jpa.AbstractEntityManagerFactoryBean.buildNativeEntityManagerFactory(AbstractEntityManagerFactoryBean.java:448) ~[spring-orm-7.0.9.jar:7.0.9]
	at org.springframework.orm.jpa.AbstractEntityManagerFactoryBean.afterPropertiesSet(AbstractEntityManagerFactoryBean.java:411) ~[spring-orm-7.0.9.jar:7.0.9]
	at org.springframework.orm.jpa.LocalContainerEntityManagerFactoryBean.afterPropertiesSet(LocalContainerEntityManagerFactoryBean.java:419) ~[spring-orm-7.0.9.jar:7.0.9]
	at org.springframework.beans.factory.support.AbstractAutowireCapableBeanFactory.invokeInitMethods(AbstractAutowireCapableBeanFactory.java:1862) ~[spring-beans-7.0.9.jar:7.0.9]
	at org.springframework.beans.factory.support.AbstractAutowireCapableBeanFactory.initializeBean(AbstractAutowireCapableBeanFactory.java:1811) ~[spring-beans-7.0.9.jar:7.0.9]
	... 20 common frames omitted
Caused by: org.hibernate.InstantiationException: Could not instantiate entity 'com.aloha.mvc.domain.Posts' due to: null
	at org.hibernate.metamodel.internal.EntityInstantiatorPojoStandard.instantiate(EntityInstantiatorPojoStandard.java:101) ~[hibernate-core-7.4.5.Final.jar:7.4.5.Final]
	at org.hibernate.engine.internal.UnsavedValueFactory.inferUnsavedIdentifierValue(UnsavedValueFactory.java:54) ~[hibernate-core-7.4.5.Final.jar:7.4.5.Final]
	at org.hibernate.engine.internal.UnsavedValueFactory.getUnsavedIdentifierValue(UnsavedValueFactory.java:39) ~[hibernate-core-7.4.5.Final.jar:7.4.5.Final]
	at org.hibernate.metamodel.mapping.internal.BasicEntityIdentifierMappingImpl.<init>(BasicEntityIdentifierMappingImpl.java:144) ~[hibernate-core-7.4.5.Final.jar:7.4.5.Final]
	at org.hibernate.persister.entity.AbstractEntityPersister.generateIdentifierMapping(AbstractEntityPersister.java:5404) ~[hibernate-core-7.4.5.Final.jar:7.4.5.Final]
	at org.hibernate.persister.entity.AbstractEntityPersister.lambda$prepareMappingModel$0(AbstractEntityPersister.java:5047) ~[hibernate-core-7.4.5.Final.jar:7.4.5.Final]
	at org.hibernate.metamodel.mapping.internal.MappingModelCreationProcess.processSubPart(MappingModelCreationProcess.java:170) ~[hibernate-core-7.4.5.Final.jar:7.4.5.Final]
	at org.hibernate.persister.entity.AbstractEntityPersister.prepareMappingModel(AbstractEntityPersister.java:5046) ~[hibernate-core-7.4.5.Final.jar:7.4.5.Final]
	at org.hibernate.persister.entity.AbstractEntityPersister.initializeSpecialAttributeMappings(AbstractEntityPersister.java:4868) ~[hibernate-core-7.4.5.Final.jar:7.4.5.Final]
	at org.hibernate.persister.entity.AbstractEntityPersister.prepareMappings(AbstractEntityPersister.java:4849) ~[hibernate-core-7.4.5.Final.jar:7.4.5.Final]
	at org.hibernate.persister.entity.AbstractEntityPersister.prepareMappingModel(AbstractEntityPersister.java:4817) ~[hibernate-core-7.4.5.Final.jar:7.4.5.Final]
	at org.hibernate.metamodel.mapping.internal.MappingModelCreationProcess.execute(MappingModelCreationProcess.java:88) ~[hibernate-core-7.4.5.Final.jar:7.4.5.Final]
	at org.hibernate.metamodel.mapping.internal.MappingModelCreationProcess.process(MappingModelCreationProcess.java:43) ~[hibernate-core-7.4.5.Final.jar:7.4.5.Final]
	at org.hibernate.metamodel.model.domain.internal.MappingMetamodelImpl.finishInitialization(MappingMetamodelImpl.java:166) ~[hibernate-core-7.4.5.Final.jar:7.4.5.Final]
	at org.hibernate.internal.SessionFactoryImpl.<init>(SessionFactoryImpl.java:287) ~[hibernate-core-7.4.5.Final.jar:7.4.5.Final]
	at org.hibernate.internal.SessionFactoryRegistry.instantiateSessionFactory(SessionFactoryRegistry.java:64) ~[hibernate-core-7.4.5.Final.jar:7.4.5.Final]
	at org.hibernate.boot.internal.SessionFactoryBuilderImpl.build(SessionFactoryBuilderImpl.java:458) ~[hibernate-core-7.4.5.Final.jar:7.4.5.Final]
	at org.hibernate.jpa.boot.internal.EntityManagerFactoryBuilderImpl.build(EntityManagerFactoryBuilderImpl.java:1452) ~[hibernate-core-7.4.5.Final.jar:7.4.5.Final]
	at org.springframework.orm.jpa.vendor.SpringHibernateJpaPersistenceProvider.createContainerEntityManagerFactory(SpringHibernateJpaPersistenceProvider.java:93) ~[spring-orm-7.0.9.jar:7.0.9]
	at org.springframework.orm.jpa.LocalContainerEntityManagerFactoryBean.createNativeEntityManagerFactory(LocalContainerEntityManagerFactoryBean.java:443) ~[spring-orm-7.0.9.jar:7.0.9]
	at org.springframework.orm.jpa.AbstractEntityManagerFactoryBean.buildNativeEntityManagerFactory(AbstractEntityManagerFactoryBean.java:436) ~[spring-orm-7.0.9.jar:7.0.9]
	... 24 common frames omitted
Caused by: java.lang.reflect.InvocationTargetException
	at java.base/jdk.internal.reflect.NativeConstructorAccessorImpl.newInstance0(Native Method) ~[na:na]
	at java.base/jdk.internal.reflect.NativeConstructorAccessorImpl.newInstance(NativeConstructorAccessorImpl.java:77) ~[na:na]
	at java.base/jdk.internal.reflect.DelegatingConstructorAccessorImpl.newInstance(DelegatingConstructorAccessorImpl.java:45) ~[na:na]
	at java.base/java.lang.reflect.Constructor.newInstanceWithCaller(Constructor.java:499) ~[na:na]
	at java.base/java.lang.reflect.Constructor.newInstance(Constructor.java:480) ~[na:na]
	at org.hibernate.metamodel.internal.EntityInstantiatorPojoStandard.instantiate(EntityInstantiatorPojoStandard.java:98) ~[hibernate-core-7.4.5.Final.jar:7.4.5.Final]
	... 44 common frames omitted
Caused by: java.lang.Error: Unresolved compilation problem: 
	The declared package "com.aloha.rest.domain" does not match the expected package "com.aloha.mvc.domain"

	at com.aloha.mvc.domain.Posts.<init>(Posts.java:1) ~[main/:na]
	... 50 common frames omitted

2026-09-14T16:09:33.480+09:00  INFO 472 --- [mvc] [restartedMain] com.aloha.mvc.MvcApplication             : Starting MvcApplication using Java 17.0.12 with PID 472 (C:\ALOHA\GITHUB\AIOT7_SPRINGBOOT\mvc\bin\main started by Admin in C:\ALOHA\GITHUB\AIOT7_SPRINGBOOT)
2026-09-14T16:09:33.480+09:00  INFO 472 --- [mvc] [restartedMain] com.aloha.mvc.MvcApplication             : No active profile set, falling back to 1 default profile: "default"
2026-09-14T16:09:34.130+09:00  INFO 472 --- [mvc] [restartedMain] .s.d.r.c.RepositoryConfigurationDelegate : Bootstrapping Spring Data JPA repositories in DEFAULT mode.
2026-09-14T16:09:34.154+09:00  INFO 472 --- [mvc] [restartedMain] .s.d.r.c.RepositoryConfigurationDelegate : Finished Spring Data repository scanning in 22 ms. Found 1 JPA repository interface.
2026-09-14T16:09:34.335+09:00  INFO 472 --- [mvc] [restartedMain] o.s.boot.tomcat.TomcatWebServer          : Tomcat initialized with port 8080 (http)
2026-09-14T16:09:34.337+09:00  INFO 472 --- [mvc] [restartedMain] o.apache.catalina.core.StandardService   : Starting service [Tomcat]
2026-09-14T16:09:34.345+09:00  INFO 472 --- [mvc] [restartedMain] o.apache.catalina.core.StandardEngine    : Starting Servlet engine: [Apache Tomcat/11.0.24]
2026-09-14T16:09:34.367+09:00  INFO 472 --- [mvc] [restartedMain] b.w.c.s.WebApplicationContextInitializer : Root WebApplicationContext: initialization completed in 885 ms
2026-09-14T16:09:34.419+09:00  INFO 472 --- [mvc] [restartedMain] org.hibernate.orm.jpa                    : HHH008540: Processing PersistenceUnitInfo [name: default]
2026-09-14T16:09:34.537+09:00  INFO 472 --- [mvc] [restartedMain] o.s.o.j.p.SpringPersistenceUnitInfo      : No LoadTimeWeaver setup: ignoring JPA class transformer
2026-09-14T16:09:34.544+09:00  INFO 472 --- [mvc] [restartedMain] com.zaxxer.hikari.HikariDataSource       : HikariPool-5 - Starting...
2026-09-14T16:09:34.548+09:00  INFO 472 --- [mvc] [restartedMain] com.zaxxer.hikari.pool.HikariPool        : HikariPool-5 - Added connection com.mysql.cj.jdbc.ConnectionImpl@67ba38d9
2026-09-14T16:09:34.549+09:00  INFO 472 --- [mvc] [restartedMain] com.zaxxer.hikari.HikariDataSource       : HikariPool-5 - Start completed.
2026-09-14T16:09:34.553+09:00  INFO 472 --- [mvc] [restartedMain] org.hibernate.orm.connections.pooling    : HHH10001005: Database info:
	Database JDBC URL [jdbc:mysql://localhost:3306/aloha?serverTimezone=Asia/Seoul&allowPublicKeyRetrieval=true&useSSL=false]
	Database driver: MySQL Connector/J
	Database dialect: MySQLDialect
	Database version: 8.0.46
	Default catalog/schema: aloha/undefined
	Autocommit mode: undefined/unknown
	Isolation level: REPEATABLE_READ [default REPEATABLE_READ]
	JDBC fetch size: none
	Pool: DataSourceConnectionProvider
	Minimum pool size: undefined/unknown
	Maximum pool size: undefined/unknown
2026-09-14T16:09:34.668+09:00 ERROR 472 --- [mvc] [restartedMain] j.LocalContainerEntityManagerFactoryBean : Failed to initialize JPA EntityManagerFactory: Unable to build Hibernate SessionFactory  [persistence unit: default] ; nested exception is org.hibernate.InstantiationException: Could not instantiate entity 'com.aloha.mvc.domain.Posts' due to: null
2026-09-14T16:09:34.669+09:00  WARN 472 --- [mvc] [restartedMain] ConfigServletWebServerApplicationContext : Exception encountered during context initialization - cancelling refresh attempt: org.springframework.beans.factory.BeanCreationException: Error creating bean with name 'entityManagerFactory' defined in class path resource [org/springframework/boot/hibernate/autoconfigure/HibernateJpaConfiguration.class]: Unable to build Hibernate SessionFactory  [persistence unit: default] ; nested exception is org.hibernate.InstantiationException: Could not instantiate entity 'com.aloha.mvc.domain.Posts' due to: null
2026-09-14T16:09:34.670+09:00  INFO 472 --- [mvc] [restartedMain] com.zaxxer.hikari.HikariDataSource       : HikariPool-5 - Shutdown initiated...
2026-09-14T16:09:34.715+09:00  INFO 472 --- [mvc] [restartedMain] com.zaxxer.hikari.HikariDataSource       : HikariPool-5 - Shutdown completed.
2026-09-14T16:09:34.717+09:00  INFO 472 --- [mvc] [restartedMain] o.apache.catalina.core.StandardService   : Stopping service [Tomcat]
2026-09-14T16:09:34.727+09:00  INFO 472 --- [mvc] [restartedMain] .s.b.a.l.ConditionEvaluationReportLogger : 

Error starting ApplicationContext. To display the condition evaluation report re-run your application with 'debug' enabled.
2026-09-14T16:09:34.734+09:00 ERROR 472 --- [mvc] [restartedMain] o.s.boot.SpringApplication               : Application run failed

org.springframework.beans.factory.BeanCreationException: Error creating bean with name 'entityManagerFactory' defined in class path resource [org/springframework/boot/hibernate/autoconfigure/HibernateJpaConfiguration.class]: Unable to build Hibernate SessionFactory  [persistence unit: default] ; nested exception is org.hibernate.InstantiationException: Could not instantiate entity 'com.aloha.mvc.domain.Posts' due to: null
	at org.springframework.beans.factory.support.AbstractAutowireCapableBeanFactory.initializeBean(AbstractAutowireCapableBeanFactory.java:1815) ~[spring-beans-7.0.9.jar:7.0.9]
	at org.springframework.beans.factory.support.AbstractAutowireCapableBeanFactory.doCreateBean(AbstractAutowireCapableBeanFactory.java:603) ~[spring-beans-7.0.9.jar:7.0.9]
	at org.springframework.beans.factory.support.AbstractAutowireCapableBeanFactory.createBean(AbstractAutowireCapableBeanFactory.java:525) ~[spring-beans-7.0.9.jar:7.0.9]
	at org.springframework.beans.factory.support.AbstractBeanFactory.lambda$doGetBean$0(AbstractBeanFactory.java:333) ~[spring-beans-7.0.9.jar:7.0.9]
	at org.springframework.beans.factory.support.DefaultSingletonBeanRegistry.getSingleton(DefaultSingletonBeanRegistry.java:371) ~[spring-beans-7.0.9.jar:7.0.9]
	at org.springframework.beans.factory.support.AbstractBeanFactory.doGetBean(AbstractBeanFactory.java:331) ~[spring-beans-7.0.9.jar:7.0.9]
	at org.springframework.beans.factory.support.AbstractBeanFactory.getBean(AbstractBeanFactory.java:201) ~[spring-beans-7.0.9.jar:7.0.9]
	at org.springframework.context.support.AbstractApplicationContext.finishBeanFactoryInitialization(AbstractApplicationContext.java:977) ~[spring-context-7.0.9.jar:7.0.9]
	at org.springframework.context.support.AbstractApplicationContext.refresh(AbstractApplicationContext.java:621) ~[spring-context-7.0.9.jar:7.0.9]
	at org.springframework.boot.web.server.servlet.context.ServletWebServerApplicationContext.refresh(ServletWebServerApplicationContext.java:143) ~[spring-boot-web-server-4.1.1.jar:4.1.1]
	at org.springframework.boot.SpringApplication.refresh(SpringApplication.java:756) ~[spring-boot-4.1.1.jar:4.1.1]
	at org.springframework.boot.SpringApplication.refreshContext(SpringApplication.java:445) ~[spring-boot-4.1.1.jar:4.1.1]
	at org.springframework.boot.SpringApplication.run(SpringApplication.java:321) ~[spring-boot-4.1.1.jar:4.1.1]
	at org.springframework.boot.SpringApplication.run(SpringApplication.java:1365) ~[spring-boot-4.1.1.jar:4.1.1]
	at org.springframework.boot.SpringApplication.run(SpringApplication.java:1354) ~[spring-boot-4.1.1.jar:4.1.1]
	at com.aloha.mvc.MvcApplication.main(MvcApplication.java:10) ~[main/:na]
	at java.base/jdk.internal.reflect.NativeMethodAccessorImpl.invoke0(Native Method) ~[na:na]
	at java.base/jdk.internal.reflect.NativeMethodAccessorImpl.invoke(NativeMethodAccessorImpl.java:77) ~[na:na]
	at java.base/jdk.internal.reflect.DelegatingMethodAccessorImpl.invoke(DelegatingMethodAccessorImpl.java:43) ~[na:na]
	at java.base/java.lang.reflect.Method.invoke(Method.java:568) ~[na:na]
	at org.springframework.boot.devtools.restart.RestartLauncher.run(RestartLauncher.java:52) ~[spring-boot-devtools-4.1.1.jar:4.1.1]
Caused by: jakarta.persistence.PersistenceException: Unable to build Hibernate SessionFactory  [persistence unit: default] ; nested exception is org.hibernate.InstantiationException: Could not instantiate entity 'com.aloha.mvc.domain.Posts' due to: null
	at org.springframework.orm.jpa.AbstractEntityManagerFactoryBean.buildNativeEntityManagerFactory(AbstractEntityManagerFactoryBean.java:448) ~[spring-orm-7.0.9.jar:7.0.9]
	at org.springframework.orm.jpa.AbstractEntityManagerFactoryBean.afterPropertiesSet(AbstractEntityManagerFactoryBean.java:411) ~[spring-orm-7.0.9.jar:7.0.9]
	at org.springframework.orm.jpa.LocalContainerEntityManagerFactoryBean.afterPropertiesSet(LocalContainerEntityManagerFactoryBean.java:419) ~[spring-orm-7.0.9.jar:7.0.9]
	at org.springframework.beans.factory.support.AbstractAutowireCapableBeanFactory.invokeInitMethods(AbstractAutowireCapableBeanFactory.java:1862) ~[spring-beans-7.0.9.jar:7.0.9]
	at org.springframework.beans.factory.support.AbstractAutowireCapableBeanFactory.initializeBean(AbstractAutowireCapableBeanFactory.java:1811) ~[spring-beans-7.0.9.jar:7.0.9]
	... 20 common frames omitted
Caused by: org.hibernate.InstantiationException: Could not instantiate entity 'com.aloha.mvc.domain.Posts' due to: null
	at org.hibernate.metamodel.internal.EntityInstantiatorPojoStandard.instantiate(EntityInstantiatorPojoStandard.java:101) ~[hibernate-core-7.4.5.Final.jar:7.4.5.Final]
	at org.hibernate.engine.internal.UnsavedValueFactory.inferUnsavedIdentifierValue(UnsavedValueFactory.java:54) ~[hibernate-core-7.4.5.Final.jar:7.4.5.Final]
	at org.hibernate.engine.internal.UnsavedValueFactory.getUnsavedIdentifierValue(UnsavedValueFactory.java:39) ~[hibernate-core-7.4.5.Final.jar:7.4.5.Final]
	at org.hibernate.metamodel.mapping.internal.BasicEntityIdentifierMappingImpl.<init>(BasicEntityIdentifierMappingImpl.java:144) ~[hibernate-core-7.4.5.Final.jar:7.4.5.Final]
	at org.hibernate.persister.entity.AbstractEntityPersister.generateIdentifierMapping(AbstractEntityPersister.java:5404) ~[hibernate-core-7.4.5.Final.jar:7.4.5.Final]
	at org.hibernate.persister.entity.AbstractEntityPersister.lambda$prepareMappingModel$0(AbstractEntityPersister.java:5047) ~[hibernate-core-7.4.5.Final.jar:7.4.5.Final]
	at org.hibernate.metamodel.mapping.internal.MappingModelCreationProcess.processSubPart(MappingModelCreationProcess.java:170) ~[hibernate-core-7.4.5.Final.jar:7.4.5.Final]
	at org.hibernate.persister.entity.AbstractEntityPersister.prepareMappingModel(AbstractEntityPersister.java:5046) ~[hibernate-core-7.4.5.Final.jar:7.4.5.Final]
	at org.hibernate.persister.entity.AbstractEntityPersister.initializeSpecialAttributeMappings(AbstractEntityPersister.java:4868) ~[hibernate-core-7.4.5.Final.jar:7.4.5.Final]
	at org.hibernate.persister.entity.AbstractEntityPersister.prepareMappings(AbstractEntityPersister.java:4849) ~[hibernate-core-7.4.5.Final.jar:7.4.5.Final]
	at org.hibernate.persister.entity.AbstractEntityPersister.prepareMappingModel(AbstractEntityPersister.java:4817) ~[hibernate-core-7.4.5.Final.jar:7.4.5.Final]
	at org.hibernate.metamodel.mapping.internal.MappingModelCreationProcess.execute(MappingModelCreationProcess.java:88) ~[hibernate-core-7.4.5.Final.jar:7.4.5.Final]
	at org.hibernate.metamodel.mapping.internal.MappingModelCreationProcess.process(MappingModelCreationProcess.java:43) ~[hibernate-core-7.4.5.Final.jar:7.4.5.Final]
	at org.hibernate.metamodel.model.domain.internal.MappingMetamodelImpl.finishInitialization(MappingMetamodelImpl.java:166) ~[hibernate-core-7.4.5.Final.jar:7.4.5.Final]
	at org.hibernate.internal.SessionFactoryImpl.<init>(SessionFactoryImpl.java:287) ~[hibernate-core-7.4.5.Final.jar:7.4.5.Final]
	at org.hibernate.internal.SessionFactoryRegistry.instantiateSessionFactory(SessionFactoryRegistry.java:64) ~[hibernate-core-7.4.5.Final.jar:7.4.5.Final]
	at org.hibernate.boot.internal.SessionFactoryBuilderImpl.build(SessionFactoryBuilderImpl.java:458) ~[hibernate-core-7.4.5.Final.jar:7.4.5.Final]
	at org.hibernate.jpa.boot.internal.EntityManagerFactoryBuilderImpl.build(EntityManagerFactoryBuilderImpl.java:1452) ~[hibernate-core-7.4.5.Final.jar:7.4.5.Final]
	at org.springframework.orm.jpa.vendor.SpringHibernateJpaPersistenceProvider.createContainerEntityManagerFactory(SpringHibernateJpaPersistenceProvider.java:93) ~[spring-orm-7.0.9.jar:7.0.9]
	at org.springframework.orm.jpa.LocalContainerEntityManagerFactoryBean.createNativeEntityManagerFactory(LocalContainerEntityManagerFactoryBean.java:443) ~[spring-orm-7.0.9.jar:7.0.9]
	at org.springframework.orm.jpa.AbstractEntityManagerFactoryBean.buildNativeEntityManagerFactory(AbstractEntityManagerFactoryBean.java:436) ~[spring-orm-7.0.9.jar:7.0.9]
	... 24 common frames omitted
Caused by: java.lang.reflect.InvocationTargetException
	at java.base/jdk.internal.reflect.NativeConstructorAccessorImpl.newInstance0(Native Method) ~[na:na]
	at java.base/jdk.internal.reflect.NativeConstructorAccessorImpl.newInstance(NativeConstructorAccessorImpl.java:77) ~[na:na]
	at java.base/jdk.internal.reflect.DelegatingConstructorAccessorImpl.newInstance(DelegatingConstructorAccessorImpl.java:45) ~[na:na]
	at java.base/java.lang.reflect.Constructor.newInstanceWithCaller(Constructor.java:499) ~[na:na]
	at java.base/java.lang.reflect.Constructor.newInstance(Constructor.java:480) ~[na:na]
	at org.hibernate.metamodel.internal.EntityInstantiatorPojoStandard.instantiate(EntityInstantiatorPojoStandard.java:98) ~[hibernate-core-7.4.5.Final.jar:7.4.5.Final]
	... 44 common frames omitted
Caused by: java.lang.Error: Unresolved compilation problem: 
	The declared package "com.aloha.rest.domain" does not match the expected package "com.aloha.mvc.domain"

	at com.aloha.mvc.domain.Posts.<init>(Posts.java:1) ~[main/:na]
	... 50 common frames omitted

2026-09-14T16:09:44.869+09:00  INFO 472 --- [mvc] [restartedMain] com.aloha.mvc.MvcApplication             : Starting MvcApplication using Java 17.0.12 with PID 472 (C:\ALOHA\GITHUB\AIOT7_SPRINGBOOT\mvc\bin\main started by Admin in C:\ALOHA\GITHUB\AIOT7_SPRINGBOOT)
2026-09-14T16:09:44.870+09:00  INFO 472 --- [mvc] [restartedMain] com.aloha.mvc.MvcApplication             : No active profile set, falling back to 1 default profile: "default"
2026-09-14T16:09:45.701+09:00  INFO 472 --- [mvc] [restartedMain] .s.d.r.c.RepositoryConfigurationDelegate : Bootstrapping Spring Data JPA repositories in DEFAULT mode.
2026-09-14T16:09:45.764+09:00  INFO 472 --- [mvc] [restartedMain] .s.d.r.c.RepositoryConfigurationDelegate : Finished Spring Data repository scanning in 17 ms. Found 1 JPA repository interface.
2026-09-14T16:09:46.013+09:00  INFO 472 --- [mvc] [restartedMain] o.s.boot.tomcat.TomcatWebServer          : Tomcat initialized with port 8080 (http)
2026-09-14T16:09:46.014+09:00  INFO 472 --- [mvc] [restartedMain] o.apache.catalina.core.StandardService   : Starting service [Tomcat]
2026-09-14T16:09:46.014+09:00  INFO 472 --- [mvc] [restartedMain] o.apache.catalina.core.StandardEngine    : Starting Servlet engine: [Apache Tomcat/11.0.24]
2026-09-14T16:09:46.035+09:00  INFO 472 --- [mvc] [restartedMain] b.w.c.s.WebApplicationContextInitializer : Root WebApplicationContext: initialization completed in 1160 ms
2026-09-14T16:09:46.134+09:00  INFO 472 --- [mvc] [restartedMain] org.hibernate.orm.jpa                    : HHH008540: Processing PersistenceUnitInfo [name: default]
2026-09-14T16:09:46.568+09:00  INFO 472 --- [mvc] [restartedMain] o.s.o.j.p.SpringPersistenceUnitInfo      : No LoadTimeWeaver setup: ignoring JPA class transformer
2026-09-14T16:09:46.571+09:00  INFO 472 --- [mvc] [restartedMain] com.zaxxer.hikari.HikariDataSource       : HikariPool-6 - Starting...
2026-09-14T16:09:46.575+09:00  INFO 472 --- [mvc] [restartedMain] com.zaxxer.hikari.pool.HikariPool        : HikariPool-6 - Added connection com.mysql.cj.jdbc.ConnectionImpl@536261a
2026-09-14T16:09:46.576+09:00  INFO 472 --- [mvc] [restartedMain] com.zaxxer.hikari.HikariDataSource       : HikariPool-6 - Start completed.
2026-09-14T16:09:46.578+09:00  INFO 472 --- [mvc] [restartedMain] org.hibernate.orm.connections.pooling    : HHH10001005: Database info:
	Database JDBC URL [jdbc:mysql://localhost:3306/aloha?serverTimezone=Asia/Seoul&allowPublicKeyRetrieval=true&useSSL=false]
	Database driver: MySQL Connector/J
	Database dialect: MySQLDialect
	Database version: 8.0.46
	Default catalog/schema: aloha/undefined
	Autocommit mode: undefined/unknown
	Isolation level: REPEATABLE_READ [default REPEATABLE_READ]
	JDBC fetch size: none
	Pool: DataSourceConnectionProvider
	Minimum pool size: undefined/unknown
	Maximum pool size: undefined/unknown
2026-09-14T16:09:46.682+09:00 ERROR 472 --- [mvc] [restartedMain] j.LocalContainerEntityManagerFactoryBean : Failed to initialize JPA EntityManagerFactory: Unable to build Hibernate SessionFactory  [persistence unit: default] ; nested exception is org.hibernate.InstantiationException: Could not instantiate entity 'com.aloha.mvc.domain.Posts' due to: null
2026-09-14T16:09:46.682+09:00  WARN 472 --- [mvc] [restartedMain] ConfigServletWebServerApplicationContext : Exception encountered during context initialization - cancelling refresh attempt: org.springframework.beans.factory.BeanCreationException: Error creating bean with name 'entityManagerFactory' defined in class path resource [org/springframework/boot/hibernate/autoconfigure/HibernateJpaConfiguration.class]: Unable to build Hibernate SessionFactory  [persistence unit: default] ; nested exception is org.hibernate.InstantiationException: Could not instantiate entity 'com.aloha.mvc.domain.Posts' due to: null
2026-09-14T16:09:46.682+09:00  INFO 472 --- [mvc] [restartedMain] com.zaxxer.hikari.HikariDataSource       : HikariPool-6 - Shutdown initiated...
2026-09-14T16:09:46.683+09:00  INFO 472 --- [mvc] [restartedMain] com.zaxxer.hikari.HikariDataSource       : HikariPool-6 - Shutdown completed.
2026-09-14T16:09:46.684+09:00  INFO 472 --- [mvc] [restartedMain] o.apache.catalina.core.StandardService   : Stopping service [Tomcat]
2026-09-14T16:09:46.706+09:00  INFO 472 --- [mvc] [restartedMain] .s.b.a.l.ConditionEvaluationReportLogger : 

Error starting ApplicationContext. To display the condition evaluation report re-run your application with 'debug' enabled.
2026-09-14T16:09:46.762+09:00 ERROR 472 --- [mvc] [restartedMain] o.s.boot.SpringApplication               : Application run failed

org.springframework.beans.factory.BeanCreationException: Error creating bean with name 'entityManagerFactory' defined in class path resource [org/springframework/boot/hibernate/autoconfigure/HibernateJpaConfiguration.class]: Unable to build Hibernate SessionFactory  [persistence unit: default] ; nested exception is org.hibernate.InstantiationException: Could not instantiate entity 'com.aloha.mvc.domain.Posts' due to: null
	at org.springframework.beans.factory.support.AbstractAutowireCapableBeanFactory.initializeBean(AbstractAutowireCapableBeanFactory.java:1815) ~[spring-beans-7.0.9.jar:7.0.9]
	at org.springframework.beans.factory.support.AbstractAutowireCapableBeanFactory.doCreateBean(AbstractAutowireCapableBeanFactory.java:603) ~[spring-beans-7.0.9.jar:7.0.9]
	at org.springframework.beans.factory.support.AbstractAutowireCapableBeanFactory.createBean(AbstractAutowireCapableBeanFactory.java:525) ~[spring-beans-7.0.9.jar:7.0.9]
	at org.springframework.beans.factory.support.AbstractBeanFactory.lambda$doGetBean$0(AbstractBeanFactory.java:333) ~[spring-beans-7.0.9.jar:7.0.9]
	at org.springframework.beans.factory.support.DefaultSingletonBeanRegistry.getSingleton(DefaultSingletonBeanRegistry.java:371) ~[spring-beans-7.0.9.jar:7.0.9]
	at org.springframework.beans.factory.support.AbstractBeanFactory.doGetBean(AbstractBeanFactory.java:331) ~[spring-beans-7.0.9.jar:7.0.9]
	at org.springframework.beans.factory.support.AbstractBeanFactory.getBean(AbstractBeanFactory.java:201) ~[spring-beans-7.0.9.jar:7.0.9]
	at org.springframework.context.support.AbstractApplicationContext.finishBeanFactoryInitialization(AbstractApplicationContext.java:977) ~[spring-context-7.0.9.jar:7.0.9]
	at org.springframework.context.support.AbstractApplicationContext.refresh(AbstractApplicationContext.java:621) ~[spring-context-7.0.9.jar:7.0.9]
	at org.springframework.boot.web.server.servlet.context.ServletWebServerApplicationContext.refresh(ServletWebServerApplicationContext.java:143) ~[spring-boot-web-server-4.1.1.jar:4.1.1]
	at org.springframework.boot.SpringApplication.refresh(SpringApplication.java:756) ~[spring-boot-4.1.1.jar:4.1.1]
	at org.springframework.boot.SpringApplication.refreshContext(SpringApplication.java:445) ~[spring-boot-4.1.1.jar:4.1.1]
	at org.springframework.boot.SpringApplication.run(SpringApplication.java:321) ~[spring-boot-4.1.1.jar:4.1.1]
	at org.springframework.boot.SpringApplication.run(SpringApplication.java:1365) ~[spring-boot-4.1.1.jar:4.1.1]
	at org.springframework.boot.SpringApplication.run(SpringApplication.java:1354) ~[spring-boot-4.1.1.jar:4.1.1]
	at com.aloha.mvc.MvcApplication.main(MvcApplication.java:10) ~[main/:na]
	at java.base/jdk.internal.reflect.NativeMethodAccessorImpl.invoke0(Native Method) ~[na:na]
	at java.base/jdk.internal.reflect.NativeMethodAccessorImpl.invoke(NativeMethodAccessorImpl.java:77) ~[na:na]
	at java.base/jdk.internal.reflect.DelegatingMethodAccessorImpl.invoke(DelegatingMethodAccessorImpl.java:43) ~[na:na]
	at java.base/java.lang.reflect.Method.invoke(Method.java:568) ~[na:na]
	at org.springframework.boot.devtools.restart.RestartLauncher.run(RestartLauncher.java:52) ~[spring-boot-devtools-4.1.1.jar:4.1.1]
Caused by: jakarta.persistence.PersistenceException: Unable to build Hibernate SessionFactory  [persistence unit: default] ; nested exception is org.hibernate.InstantiationException: Could not instantiate entity 'com.aloha.mvc.domain.Posts' due to: null
	at org.springframework.orm.jpa.AbstractEntityManagerFactoryBean.buildNativeEntityManagerFactory(AbstractEntityManagerFactoryBean.java:448) ~[spring-orm-7.0.9.jar:7.0.9]
	at org.springframework.orm.jpa.AbstractEntityManagerFactoryBean.afterPropertiesSet(AbstractEntityManagerFactoryBean.java:411) ~[spring-orm-7.0.9.jar:7.0.9]
	at org.springframework.orm.jpa.LocalContainerEntityManagerFactoryBean.afterPropertiesSet(LocalContainerEntityManagerFactoryBean.java:419) ~[spring-orm-7.0.9.jar:7.0.9]
	at org.springframework.beans.factory.support.AbstractAutowireCapableBeanFactory.invokeInitMethods(AbstractAutowireCapableBeanFactory.java:1862) ~[spring-beans-7.0.9.jar:7.0.9]
	at org.springframework.beans.factory.support.AbstractAutowireCapableBeanFactory.initializeBean(AbstractAutowireCapableBeanFactory.java:1811) ~[spring-beans-7.0.9.jar:7.0.9]
	... 20 common frames omitted
Caused by: org.hibernate.InstantiationException: Could not instantiate entity 'com.aloha.mvc.domain.Posts' due to: null
	at org.hibernate.metamodel.internal.EntityInstantiatorPojoStandard.instantiate(EntityInstantiatorPojoStandard.java:101) ~[hibernate-core-7.4.5.Final.jar:7.4.5.Final]
	at org.hibernate.engine.internal.UnsavedValueFactory.inferUnsavedIdentifierValue(UnsavedValueFactory.java:54) ~[hibernate-core-7.4.5.Final.jar:7.4.5.Final]
	at org.hibernate.engine.internal.UnsavedValueFactory.getUnsavedIdentifierValue(UnsavedValueFactory.java:39) ~[hibernate-core-7.4.5.Final.jar:7.4.5.Final]
	at org.hibernate.metamodel.mapping.internal.BasicEntityIdentifierMappingImpl.<init>(BasicEntityIdentifierMappingImpl.java:144) ~[hibernate-core-7.4.5.Final.jar:7.4.5.Final]
	at org.hibernate.persister.entity.AbstractEntityPersister.generateIdentifierMapping(AbstractEntityPersister.java:5404) ~[hibernate-core-7.4.5.Final.jar:7.4.5.Final]
	at org.hibernate.persister.entity.AbstractEntityPersister.lambda$prepareMappingModel$0(AbstractEntityPersister.java:5047) ~[hibernate-core-7.4.5.Final.jar:7.4.5.Final]
	at org.hibernate.metamodel.mapping.internal.MappingModelCreationProcess.processSubPart(MappingModelCreationProcess.java:170) ~[hibernate-core-7.4.5.Final.jar:7.4.5.Final]
	at org.hibernate.persister.entity.AbstractEntityPersister.prepareMappingModel(AbstractEntityPersister.java:5046) ~[hibernate-core-7.4.5.Final.jar:7.4.5.Final]
	at org.hibernate.persister.entity.AbstractEntityPersister.initializeSpecialAttributeMappings(AbstractEntityPersister.java:4868) ~[hibernate-core-7.4.5.Final.jar:7.4.5.Final]
	at org.hibernate.persister.entity.AbstractEntityPersister.prepareMappings(AbstractEntityPersister.java:4849) ~[hibernate-core-7.4.5.Final.jar:7.4.5.Final]
	at org.hibernate.persister.entity.AbstractEntityPersister.prepareMappingModel(AbstractEntityPersister.java:4817) ~[hibernate-core-7.4.5.Final.jar:7.4.5.Final]
	at org.hibernate.metamodel.mapping.internal.MappingModelCreationProcess.execute(MappingModelCreationProcess.java:88) ~[hibernate-core-7.4.5.Final.jar:7.4.5.Final]
	at org.hibernate.metamodel.mapping.internal.MappingModelCreationProcess.process(MappingModelCreationProcess.java:43) ~[hibernate-core-7.4.5.Final.jar:7.4.5.Final]
	at org.hibernate.metamodel.model.domain.internal.MappingMetamodelImpl.finishInitialization(MappingMetamodelImpl.java:166) ~[hibernate-core-7.4.5.Final.jar:7.4.5.Final]
	at org.hibernate.internal.SessionFactoryImpl.<init>(SessionFactoryImpl.java:287) ~[hibernate-core-7.4.5.Final.jar:7.4.5.Final]
	at org.hibernate.internal.SessionFactoryRegistry.instantiateSessionFactory(SessionFactoryRegistry.java:64) ~[hibernate-core-7.4.5.Final.jar:7.4.5.Final]
	at org.hibernate.boot.internal.SessionFactoryBuilderImpl.build(SessionFactoryBuilderImpl.java:458) ~[hibernate-core-7.4.5.Final.jar:7.4.5.Final]
	at org.hibernate.jpa.boot.internal.EntityManagerFactoryBuilderImpl.build(EntityManagerFactoryBuilderImpl.java:1452) ~[hibernate-core-7.4.5.Final.jar:7.4.5.Final]
	at org.springframework.orm.jpa.vendor.SpringHibernateJpaPersistenceProvider.createContainerEntityManagerFactory(SpringHibernateJpaPersistenceProvider.java:93) ~[spring-orm-7.0.9.jar:7.0.9]
	at org.springframework.orm.jpa.LocalContainerEntityManagerFactoryBean.createNativeEntityManagerFactory(LocalContainerEntityManagerFactoryBean.java:443) ~[spring-orm-7.0.9.jar:7.0.9]
	at org.springframework.orm.jpa.AbstractEntityManagerFactoryBean.buildNativeEntityManagerFactory(AbstractEntityManagerFactoryBean.java:436) ~[spring-orm-7.0.9.jar:7.0.9]
	... 24 common frames omitted
Caused by: java.lang.reflect.InvocationTargetException
	at java.base/jdk.internal.reflect.NativeConstructorAccessorImpl.newInstance0(Native Method) ~[na:na]
	at java.base/jdk.internal.reflect.NativeConstructorAccessorImpl.newInstance(NativeConstructorAccessorImpl.java:77) ~[na:na]
	at java.base/jdk.internal.reflect.DelegatingConstructorAccessorImpl.newInstance(DelegatingConstructorAccessorImpl.java:45) ~[na:na]
	at java.base/java.lang.reflect.Constructor.newInstanceWithCaller(Constructor.java:499) ~[na:na]
	at java.base/java.lang.reflect.Constructor.newInstance(Constructor.java:480) ~[na:na]
	at org.hibernate.metamodel.internal.EntityInstantiatorPojoStandard.instantiate(EntityInstantiatorPojoStandard.java:98) ~[hibernate-core-7.4.5.Final.jar:7.4.5.Final]
	... 44 common frames omitted
Caused by: java.lang.Error: Unresolved compilation problem: 
	The declared package "com.aloha.rest.domain" does not match the expected package "com.aloha.mvc.domain"

	at com.aloha.mvc.domain.Posts.<init>(Posts.java:1) ~[main/:na]
	... 50 common frames omitted

2026-09-14T16:09:52.554+09:00  INFO 472 --- [mvc] [restartedMain] com.aloha.mvc.MvcApplication             : Starting MvcApplication using Java 17.0.12 with PID 472 (C:\ALOHA\GITHUB\AIOT7_SPRINGBOOT\mvc\bin\main started by Admin in C:\ALOHA\GITHUB\AIOT7_SPRINGBOOT)
2026-09-14T16:09:52.567+09:00  INFO 472 --- [mvc] [restartedMain] com.aloha.mvc.MvcApplication             : No active profile set, falling back to 1 default profile: "default"
2026-09-14T16:09:53.433+09:00  INFO 472 --- [mvc] [restartedMain] .s.d.r.c.RepositoryConfigurationDelegate : Bootstrapping Spring Data JPA repositories in DEFAULT mode.
2026-09-14T16:09:53.467+09:00  INFO 472 --- [mvc] [restartedMain] .s.d.r.c.RepositoryConfigurationDelegate : Finished Spring Data repository scanning in 20 ms. Found 1 JPA repository interface.
2026-09-14T16:09:53.829+09:00  INFO 472 --- [mvc] [restartedMain] o.s.boot.tomcat.TomcatWebServer          : Tomcat initialized with port 8080 (http)
2026-09-14T16:09:53.831+09:00  INFO 472 --- [mvc] [restartedMain] o.apache.catalina.core.StandardService   : Starting service [Tomcat]
2026-09-14T16:09:53.832+09:00  INFO 472 --- [mvc] [restartedMain] o.apache.catalina.core.StandardEngine    : Starting Servlet engine: [Apache Tomcat/11.0.24]
2026-09-14T16:09:53.919+09:00  INFO 472 --- [mvc] [restartedMain] b.w.c.s.WebApplicationContextInitializer : Root WebApplicationContext: initialization completed in 1337 ms
2026-09-14T16:09:54.009+09:00  INFO 472 --- [mvc] [restartedMain] org.hibernate.orm.jpa                    : HHH008540: Processing PersistenceUnitInfo [name: default]
2026-09-14T16:09:54.264+09:00  INFO 472 --- [mvc] [restartedMain] o.s.o.j.p.SpringPersistenceUnitInfo      : No LoadTimeWeaver setup: ignoring JPA class transformer
2026-09-14T16:09:54.269+09:00  INFO 472 --- [mvc] [restartedMain] com.zaxxer.hikari.HikariDataSource       : HikariPool-7 - Starting...
2026-09-14T16:09:54.285+09:00  INFO 472 --- [mvc] [restartedMain] com.zaxxer.hikari.pool.HikariPool        : HikariPool-7 - Added connection com.mysql.cj.jdbc.ConnectionImpl@4cdd0200
2026-09-14T16:09:54.300+09:00  INFO 472 --- [mvc] [restartedMain] com.zaxxer.hikari.HikariDataSource       : HikariPool-7 - Start completed.
2026-09-14T16:09:54.302+09:00  INFO 472 --- [mvc] [restartedMain] org.hibernate.orm.connections.pooling    : HHH10001005: Database info:
	Database JDBC URL [jdbc:mysql://localhost:3306/aloha?serverTimezone=Asia/Seoul&allowPublicKeyRetrieval=true&useSSL=false]
	Database driver: MySQL Connector/J
	Database dialect: MySQLDialect
	Database version: 8.0.46
	Default catalog/schema: aloha/undefined
	Autocommit mode: undefined/unknown
	Isolation level: REPEATABLE_READ [default REPEATABLE_READ]
	JDBC fetch size: none
	Pool: DataSourceConnectionProvider
	Minimum pool size: undefined/unknown
	Maximum pool size: undefined/unknown
2026-09-14T16:09:54.452+09:00  INFO 472 --- [mvc] [restartedMain] org.hibernate.orm.core                   : HHH000489: No JTA platform available (set 'hibernate.transaction.jta.platform' to enable JTA platform integration)
2026-09-14T16:09:54.463+09:00  INFO 472 --- [mvc] [restartedMain] j.LocalContainerEntityManagerFactoryBean : Initialized JPA EntityManagerFactory for persistence unit 'default'
2026-09-14T16:09:54.517+09:00  WARN 472 --- [mvc] [restartedMain] ConfigServletWebServerApplicationContext : Exception encountered during context initialization - cancelling refresh attempt: org.springframework.beans.factory.BeanCreationException: Error creating bean with name 'postServiceImpl': Lookup method resolution failed
2026-09-14T16:09:54.529+09:00  INFO 472 --- [mvc] [restartedMain] j.LocalContainerEntityManagerFactoryBean : Closing JPA EntityManagerFactory for persistence unit 'default'
2026-09-14T16:09:54.530+09:00  INFO 472 --- [mvc] [restartedMain] com.zaxxer.hikari.HikariDataSource       : HikariPool-7 - Shutdown initiated...
2026-09-14T16:09:54.538+09:00  INFO 472 --- [mvc] [restartedMain] com.zaxxer.hikari.HikariDataSource       : HikariPool-7 - Shutdown completed.
2026-09-14T16:09:54.541+09:00  INFO 472 --- [mvc] [restartedMain] o.apache.catalina.core.StandardService   : Stopping service [Tomcat]
2026-09-14T16:09:54.547+09:00  INFO 472 --- [mvc] [restartedMain] .s.b.a.l.ConditionEvaluationReportLogger : 

Error starting ApplicationContext. To display the condition evaluation report re-run your application with 'debug' enabled.
2026-09-14T16:09:54.554+09:00 ERROR 472 --- [mvc] [restartedMain] o.s.boot.SpringApplication               : Application run failed

org.springframework.beans.factory.BeanCreationException: Error creating bean with name 'postServiceImpl': Lookup method resolution failed
	at org.springframework.beans.factory.annotation.AutowiredAnnotationBeanPostProcessor.checkLookupMethods(AutowiredAnnotationBeanPostProcessor.java:482) ~[spring-beans-7.0.9.jar:7.0.9]
	at org.springframework.beans.factory.annotation.AutowiredAnnotationBeanPostProcessor.determineCandidateConstructors(AutowiredAnnotationBeanPostProcessor.java:352) ~[spring-beans-7.0.9.jar:7.0.9]
	at org.springframework.beans.factory.support.AbstractAutowireCapableBeanFactory.determineConstructorsFromBeanPostProcessors(AbstractAutowireCapableBeanFactory.java:1319) ~[spring-beans-7.0.9.jar:7.0.9]
	at org.springframework.beans.factory.support.AbstractAutowireCapableBeanFactory.createBeanInstance(AbstractAutowireCapableBeanFactory.java:1216) ~[spring-beans-7.0.9.jar:7.0.9]
	at org.springframework.beans.factory.support.AbstractAutowireCapableBeanFactory.doCreateBean(AbstractAutowireCapableBeanFactory.java:565) ~[spring-beans-7.0.9.jar:7.0.9]
	at org.springframework.beans.factory.support.AbstractAutowireCapableBeanFactory.createBean(AbstractAutowireCapableBeanFactory.java:525) ~[spring-beans-7.0.9.jar:7.0.9]
	at org.springframework.beans.factory.support.AbstractBeanFactory.lambda$doGetBean$0(AbstractBeanFactory.java:333) ~[spring-beans-7.0.9.jar:7.0.9]
	at org.springframework.beans.factory.support.DefaultSingletonBeanRegistry.getSingleton(DefaultSingletonBeanRegistry.java:371) ~[spring-beans-7.0.9.jar:7.0.9]
	at org.springframework.beans.factory.support.AbstractBeanFactory.doGetBean(AbstractBeanFactory.java:331) ~[spring-beans-7.0.9.jar:7.0.9]
	at org.springframework.beans.factory.support.AbstractBeanFactory.getBean(AbstractBeanFactory.java:196) ~[spring-beans-7.0.9.jar:7.0.9]
	at org.springframework.beans.factory.support.DefaultListableBeanFactory.instantiateSingleton(DefaultListableBeanFactory.java:1225) ~[spring-beans-7.0.9.jar:7.0.9]
	at org.springframework.beans.factory.support.DefaultListableBeanFactory.preInstantiateSingleton(DefaultListableBeanFactory.java:1191) ~[spring-beans-7.0.9.jar:7.0.9]
	at org.springframework.beans.factory.support.DefaultListableBeanFactory.preInstantiateSingletons(DefaultListableBeanFactory.java:1121) ~[spring-beans-7.0.9.jar:7.0.9]
	at org.springframework.context.support.AbstractApplicationContext.finishBeanFactoryInitialization(AbstractApplicationContext.java:994) ~[spring-context-7.0.9.jar:7.0.9]
	at org.springframework.context.support.AbstractApplicationContext.refresh(AbstractApplicationContext.java:621) ~[spring-context-7.0.9.jar:7.0.9]
	at org.springframework.boot.web.server.servlet.context.ServletWebServerApplicationContext.refresh(ServletWebServerApplicationContext.java:143) ~[spring-boot-web-server-4.1.1.jar:4.1.1]
	at org.springframework.boot.SpringApplication.refresh(SpringApplication.java:756) ~[spring-boot-4.1.1.jar:4.1.1]
	at org.springframework.boot.SpringApplication.refreshContext(SpringApplication.java:445) ~[spring-boot-4.1.1.jar:4.1.1]
	at org.springframework.boot.SpringApplication.run(SpringApplication.java:321) ~[spring-boot-4.1.1.jar:4.1.1]
	at org.springframework.boot.SpringApplication.run(SpringApplication.java:1365) ~[spring-boot-4.1.1.jar:4.1.1]
	at org.springframework.boot.SpringApplication.run(SpringApplication.java:1354) ~[spring-boot-4.1.1.jar:4.1.1]
	at com.aloha.mvc.MvcApplication.main(MvcApplication.java:10) ~[main/:na]
	at java.base/jdk.internal.reflect.NativeMethodAccessorImpl.invoke0(Native Method) ~[na:na]
	at java.base/jdk.internal.reflect.NativeMethodAccessorImpl.invoke(NativeMethodAccessorImpl.java:77) ~[na:na]
	at java.base/jdk.internal.reflect.DelegatingMethodAccessorImpl.invoke(DelegatingMethodAccessorImpl.java:43) ~[na:na]
	at java.base/java.lang.reflect.Method.invoke(Method.java:568) ~[na:na]
	at org.springframework.boot.devtools.restart.RestartLauncher.run(RestartLauncher.java:52) ~[spring-boot-devtools-4.1.1.jar:4.1.1]
Caused by: java.lang.IllegalStateException: Failed to introspect Class [com.aloha.mvc.service.PostServiceImpl] from ClassLoader [org.springframework.boot.devtools.restart.classloader.RestartClassLoader@32dade99]
	at org.springframework.util.ReflectionUtils.getDeclaredMethods(ReflectionUtils.java:483) ~[spring-core-7.0.9.jar:7.0.9]
	at org.springframework.util.ReflectionUtils.doWithLocalMethods(ReflectionUtils.java:320) ~[spring-core-7.0.9.jar:7.0.9]
	at org.springframework.beans.factory.annotation.AutowiredAnnotationBeanPostProcessor.checkLookupMethods(AutowiredAnnotationBeanPostProcessor.java:460) ~[spring-beans-7.0.9.jar:7.0.9]
	... 26 common frames omitted
Caused by: java.lang.NoClassDefFoundError: Posts
	at java.base/java.lang.Class.getDeclaredMethods0(Native Method) ~[na:na]
	at java.base/java.lang.Class.privateGetDeclaredMethods(Class.java:3402) ~[na:na]
	at java.base/java.lang.Class.getDeclaredMethods(Class.java:2504) ~[na:na]
	at org.springframework.util.ReflectionUtils.getDeclaredMethods(ReflectionUtils.java:465) ~[spring-core-7.0.9.jar:7.0.9]
	... 28 common frames omitted
Caused by: java.lang.ClassNotFoundException: Posts
	at java.base/jdk.internal.loader.BuiltinClassLoader.loadClass(BuiltinClassLoader.java:641) ~[na:na]
	at java.base/jdk.internal.loader.ClassLoaders$AppClassLoader.loadClass(ClassLoaders.java:188) ~[na:na]
	at java.base/java.lang.ClassLoader.loadClass(ClassLoader.java:525) ~[na:na]
	at java.base/java.lang.Class.forName0(Native Method) ~[na:na]
	at java.base/java.lang.Class.forName(Class.java:467) ~[na:na]
	at org.springframework.boot.devtools.restart.classloader.RestartClassLoader.loadClass(RestartClassLoader.java:123) ~[spring-boot-devtools-4.1.1.jar:4.1.1]
	at java.base/java.lang.ClassLoader.loadClass(ClassLoader.java:525) ~[na:na]
	... 32 common frames omitted

2026-09-14T16:09:59.282+09:00  INFO 472 --- [mvc] [restartedMain] com.aloha.mvc.MvcApplication             : Starting MvcApplication using Java 17.0.12 with PID 472 (C:\ALOHA\GITHUB\AIOT7_SPRINGBOOT\mvc\bin\main started by Admin in C:\ALOHA\GITHUB\AIOT7_SPRINGBOOT)
2026-09-14T16:09:59.289+09:00  INFO 472 --- [mvc] [restartedMain] com.aloha.mvc.MvcApplication             : No active profile set, falling back to 1 default profile: "default"
2026-09-14T16:09:59.618+09:00  INFO 472 --- [mvc] [restartedMain] .s.d.r.c.RepositoryConfigurationDelegate : Bootstrapping Spring Data JPA repositories in DEFAULT mode.
2026-09-14T16:09:59.632+09:00  INFO 472 --- [mvc] [restartedMain] .s.d.r.c.RepositoryConfigurationDelegate : Finished Spring Data repository scanning in 11 ms. Found 2 JPA repository interfaces.
2026-09-14T16:09:59.837+09:00  INFO 472 --- [mvc] [restartedMain] o.s.boot.tomcat.TomcatWebServer          : Tomcat initialized with port 8080 (http)
2026-09-14T16:09:59.843+09:00  INFO 472 --- [mvc] [restartedMain] o.apache.catalina.core.StandardService   : Starting service [Tomcat]
2026-09-14T16:09:59.849+09:00  INFO 472 --- [mvc] [restartedMain] o.apache.catalina.core.StandardEngine    : Starting Servlet engine: [Apache Tomcat/11.0.24]
2026-09-14T16:09:59.941+09:00  INFO 472 --- [mvc] [restartedMain] b.w.c.s.WebApplicationContextInitializer : Root WebApplicationContext: initialization completed in 630 ms
2026-09-14T16:10:00.060+09:00  INFO 472 --- [mvc] [restartedMain] org.hibernate.orm.jpa                    : HHH008540: Processing PersistenceUnitInfo [name: default]
2026-09-14T16:10:00.134+09:00  INFO 472 --- [mvc] [restartedMain] o.s.o.j.p.SpringPersistenceUnitInfo      : No LoadTimeWeaver setup: ignoring JPA class transformer
2026-09-14T16:10:00.136+09:00  INFO 472 --- [mvc] [restartedMain] com.zaxxer.hikari.HikariDataSource       : HikariPool-8 - Starting...
2026-09-14T16:10:00.143+09:00  INFO 472 --- [mvc] [restartedMain] com.zaxxer.hikari.pool.HikariPool        : HikariPool-8 - Added connection com.mysql.cj.jdbc.ConnectionImpl@76b11747
2026-09-14T16:10:00.144+09:00  INFO 472 --- [mvc] [restartedMain] com.zaxxer.hikari.HikariDataSource       : HikariPool-8 - Start completed.
2026-09-14T16:10:00.147+09:00  INFO 472 --- [mvc] [restartedMain] org.hibernate.orm.connections.pooling    : HHH10001005: Database info:
	Database JDBC URL [jdbc:mysql://localhost:3306/aloha?serverTimezone=Asia/Seoul&allowPublicKeyRetrieval=true&useSSL=false]
	Database driver: MySQL Connector/J
	Database dialect: MySQLDialect
	Database version: 8.0.46
	Default catalog/schema: aloha/undefined
	Autocommit mode: undefined/unknown
	Isolation level: REPEATABLE_READ [default REPEATABLE_READ]
	JDBC fetch size: none
	Pool: DataSourceConnectionProvider
	Minimum pool size: undefined/unknown
	Maximum pool size: undefined/unknown
2026-09-14T16:10:00.246+09:00  INFO 472 --- [mvc] [restartedMain] org.hibernate.orm.core                   : HHH000489: No JTA platform available (set 'hibernate.transaction.jta.platform' to enable JTA platform integration)
2026-09-14T16:10:00.256+09:00  INFO 472 --- [mvc] [restartedMain] j.LocalContainerEntityManagerFactoryBean : Initialized JPA EntityManagerFactory for persistence unit 'default'
2026-09-14T16:10:00.329+09:00  WARN 472 --- [mvc] [restartedMain] ConfigServletWebServerApplicationContext : Exception encountered during context initialization - cancelling refresh attempt: org.springframework.beans.factory.BeanCreationException: Error creating bean with name 'postServiceImpl': Lookup method resolution failed
2026-09-14T16:10:00.331+09:00  INFO 472 --- [mvc] [restartedMain] j.LocalContainerEntityManagerFactoryBean : Closing JPA EntityManagerFactory for persistence unit 'default'
2026-09-14T16:10:00.332+09:00  INFO 472 --- [mvc] [restartedMain] com.zaxxer.hikari.HikariDataSource       : HikariPool-8 - Shutdown initiated...
2026-09-14T16:10:00.340+09:00  INFO 472 --- [mvc] [restartedMain] com.zaxxer.hikari.HikariDataSource       : HikariPool-8 - Shutdown completed.
2026-09-14T16:10:00.348+09:00  INFO 472 --- [mvc] [restartedMain] o.apache.catalina.core.StandardService   : Stopping service [Tomcat]
2026-09-14T16:10:00.357+09:00  INFO 472 --- [mvc] [restartedMain] .s.b.a.l.ConditionEvaluationReportLogger : 

Error starting ApplicationContext. To display the condition evaluation report re-run your application with 'debug' enabled.
2026-09-14T16:10:00.364+09:00 ERROR 472 --- [mvc] [restartedMain] o.s.boot.SpringApplication               : Application run failed

org.springframework.beans.factory.BeanCreationException: Error creating bean with name 'postServiceImpl': Lookup method resolution failed
	at org.springframework.beans.factory.annotation.AutowiredAnnotationBeanPostProcessor.checkLookupMethods(AutowiredAnnotationBeanPostProcessor.java:482) ~[spring-beans-7.0.9.jar:7.0.9]
	at org.springframework.beans.factory.annotation.AutowiredAnnotationBeanPostProcessor.determineCandidateConstructors(AutowiredAnnotationBeanPostProcessor.java:352) ~[spring-beans-7.0.9.jar:7.0.9]
	at org.springframework.beans.factory.support.AbstractAutowireCapableBeanFactory.determineConstructorsFromBeanPostProcessors(AbstractAutowireCapableBeanFactory.java:1319) ~[spring-beans-7.0.9.jar:7.0.9]
	at org.springframework.beans.factory.support.AbstractAutowireCapableBeanFactory.createBeanInstance(AbstractAutowireCapableBeanFactory.java:1216) ~[spring-beans-7.0.9.jar:7.0.9]
	at org.springframework.beans.factory.support.AbstractAutowireCapableBeanFactory.doCreateBean(AbstractAutowireCapableBeanFactory.java:565) ~[spring-beans-7.0.9.jar:7.0.9]
	at org.springframework.beans.factory.support.AbstractAutowireCapableBeanFactory.createBean(AbstractAutowireCapableBeanFactory.java:525) ~[spring-beans-7.0.9.jar:7.0.9]
	at org.springframework.beans.factory.support.AbstractBeanFactory.lambda$doGetBean$0(AbstractBeanFactory.java:333) ~[spring-beans-7.0.9.jar:7.0.9]
	at org.springframework.beans.factory.support.DefaultSingletonBeanRegistry.getSingleton(DefaultSingletonBeanRegistry.java:371) ~[spring-beans-7.0.9.jar:7.0.9]
	at org.springframework.beans.factory.support.AbstractBeanFactory.doGetBean(AbstractBeanFactory.java:331) ~[spring-beans-7.0.9.jar:7.0.9]
	at org.springframework.beans.factory.support.AbstractBeanFactory.getBean(AbstractBeanFactory.java:196) ~[spring-beans-7.0.9.jar:7.0.9]
	at org.springframework.beans.factory.support.DefaultListableBeanFactory.instantiateSingleton(DefaultListableBeanFactory.java:1225) ~[spring-beans-7.0.9.jar:7.0.9]
	at org.springframework.beans.factory.support.DefaultListableBeanFactory.preInstantiateSingleton(DefaultListableBeanFactory.java:1191) ~[spring-beans-7.0.9.jar:7.0.9]
	at org.springframework.beans.factory.support.DefaultListableBeanFactory.preInstantiateSingletons(DefaultListableBeanFactory.java:1121) ~[spring-beans-7.0.9.jar:7.0.9]
	at org.springframework.context.support.AbstractApplicationContext.finishBeanFactoryInitialization(AbstractApplicationContext.java:994) ~[spring-context-7.0.9.jar:7.0.9]
	at org.springframework.context.support.AbstractApplicationContext.refresh(AbstractApplicationContext.java:621) ~[spring-context-7.0.9.jar:7.0.9]
	at org.springframework.boot.web.server.servlet.context.ServletWebServerApplicationContext.refresh(ServletWebServerApplicationContext.java:143) ~[spring-boot-web-server-4.1.1.jar:4.1.1]
	at org.springframework.boot.SpringApplication.refresh(SpringApplication.java:756) ~[spring-boot-4.1.1.jar:4.1.1]
	at org.springframework.boot.SpringApplication.refreshContext(SpringApplication.java:445) ~[spring-boot-4.1.1.jar:4.1.1]
	at org.springframework.boot.SpringApplication.run(SpringApplication.java:321) ~[spring-boot-4.1.1.jar:4.1.1]
	at org.springframework.boot.SpringApplication.run(SpringApplication.java:1365) ~[spring-boot-4.1.1.jar:4.1.1]
	at org.springframework.boot.SpringApplication.run(SpringApplication.java:1354) ~[spring-boot-4.1.1.jar:4.1.1]
	at com.aloha.mvc.MvcApplication.main(MvcApplication.java:10) ~[main/:na]
	at java.base/jdk.internal.reflect.NativeMethodAccessorImpl.invoke0(Native Method) ~[na:na]
	at java.base/jdk.internal.reflect.NativeMethodAccessorImpl.invoke(NativeMethodAccessorImpl.java:77) ~[na:na]
	at java.base/jdk.internal.reflect.DelegatingMethodAccessorImpl.invoke(DelegatingMethodAccessorImpl.java:43) ~[na:na]
	at java.base/java.lang.reflect.Method.invoke(Method.java:568) ~[na:na]
	at org.springframework.boot.devtools.restart.RestartLauncher.run(RestartLauncher.java:52) ~[spring-boot-devtools-4.1.1.jar:4.1.1]
Caused by: java.lang.IllegalStateException: Failed to introspect Class [com.aloha.mvc.service.PostServiceImpl] from ClassLoader [org.springframework.boot.devtools.restart.classloader.RestartClassLoader@292f3d80]
	at org.springframework.util.ReflectionUtils.getDeclaredMethods(ReflectionUtils.java:483) ~[spring-core-7.0.9.jar:7.0.9]
	at org.springframework.util.ReflectionUtils.doWithLocalMethods(ReflectionUtils.java:320) ~[spring-core-7.0.9.jar:7.0.9]
	at org.springframework.beans.factory.annotation.AutowiredAnnotationBeanPostProcessor.checkLookupMethods(AutowiredAnnotationBeanPostProcessor.java:460) ~[spring-beans-7.0.9.jar:7.0.9]
	... 26 common frames omitted
Caused by: java.lang.NoClassDefFoundError: Posts
	at java.base/java.lang.Class.getDeclaredMethods0(Native Method) ~[na:na]
	at java.base/java.lang.Class.privateGetDeclaredMethods(Class.java:3402) ~[na:na]
	at java.base/java.lang.Class.getDeclaredMethods(Class.java:2504) ~[na:na]
	at org.springframework.util.ReflectionUtils.getDeclaredMethods(ReflectionUtils.java:465) ~[spring-core-7.0.9.jar:7.0.9]
	... 28 common frames omitted
Caused by: java.lang.ClassNotFoundException: Posts
	at java.base/jdk.internal.loader.BuiltinClassLoader.loadClass(BuiltinClassLoader.java:641) ~[na:na]
	at java.base/jdk.internal.loader.ClassLoaders$AppClassLoader.loadClass(ClassLoaders.java:188) ~[na:na]
	at java.base/java.lang.ClassLoader.loadClass(ClassLoader.java:525) ~[na:na]
	at java.base/java.lang.Class.forName0(Native Method) ~[na:na]
	at java.base/java.lang.Class.forName(Class.java:467) ~[na:na]
	at org.springframework.boot.devtools.restart.classloader.RestartClassLoader.loadClass(RestartClassLoader.java:123) ~[spring-boot-devtools-4.1.1.jar:4.1.1]
	at java.base/java.lang.ClassLoader.loadClass(ClassLoader.java:525) ~[na:na]
	... 32 common frames omitted

2026-09-14T16:10:04.010+09:00  INFO 472 --- [mvc] [restartedMain] com.aloha.mvc.MvcApplication             : Starting MvcApplication using Java 17.0.12 with PID 472 (C:\ALOHA\GITHUB\AIOT7_SPRINGBOOT\mvc\bin\main started by Admin in C:\ALOHA\GITHUB\AIOT7_SPRINGBOOT)
2026-09-14T16:10:04.010+09:00  INFO 472 --- [mvc] [restartedMain] com.aloha.mvc.MvcApplication             : No active profile set, falling back to 1 default profile: "default"
2026-09-14T16:10:04.313+09:00  INFO 472 --- [mvc] [restartedMain] .s.d.r.c.RepositoryConfigurationDelegate : Bootstrapping Spring Data JPA repositories in DEFAULT mode.
2026-09-14T16:10:04.333+09:00  INFO 472 --- [mvc] [restartedMain] .s.d.r.c.RepositoryConfigurationDelegate : Finished Spring Data repository scanning in 18 ms. Found 2 JPA repository interfaces.
2026-09-14T16:10:04.524+09:00  INFO 472 --- [mvc] [restartedMain] o.s.boot.tomcat.TomcatWebServer          : Tomcat initialized with port 8080 (http)
2026-09-14T16:10:04.526+09:00  INFO 472 --- [mvc] [restartedMain] o.apache.catalina.core.StandardService   : Starting service [Tomcat]
2026-09-14T16:10:04.529+09:00  INFO 472 --- [mvc] [restartedMain] o.apache.catalina.core.StandardEngine    : Starting Servlet engine: [Apache Tomcat/11.0.24]
2026-09-14T16:10:04.552+09:00  INFO 472 --- [mvc] [restartedMain] b.w.c.s.WebApplicationContextInitializer : Root WebApplicationContext: initialization completed in 540 ms
2026-09-14T16:10:04.736+09:00  INFO 472 --- [mvc] [restartedMain] org.hibernate.orm.jpa                    : HHH008540: Processing PersistenceUnitInfo [name: default]
2026-09-14T16:10:04.833+09:00  INFO 472 --- [mvc] [restartedMain] o.s.o.j.p.SpringPersistenceUnitInfo      : No LoadTimeWeaver setup: ignoring JPA class transformer
2026-09-14T16:10:04.847+09:00  INFO 472 --- [mvc] [restartedMain] com.zaxxer.hikari.HikariDataSource       : HikariPool-9 - Starting...
2026-09-14T16:10:04.850+09:00  INFO 472 --- [mvc] [restartedMain] com.zaxxer.hikari.pool.HikariPool        : HikariPool-9 - Added connection com.mysql.cj.jdbc.ConnectionImpl@3fcc4990
2026-09-14T16:10:04.860+09:00  INFO 472 --- [mvc] [restartedMain] com.zaxxer.hikari.HikariDataSource       : HikariPool-9 - Start completed.
2026-09-14T16:10:04.863+09:00  INFO 472 --- [mvc] [restartedMain] org.hibernate.orm.connections.pooling    : HHH10001005: Database info:
	Database JDBC URL [jdbc:mysql://localhost:3306/aloha?serverTimezone=Asia/Seoul&allowPublicKeyRetrieval=true&useSSL=false]
	Database driver: MySQL Connector/J
	Database dialect: MySQLDialect
	Database version: 8.0.46
	Default catalog/schema: aloha/undefined
	Autocommit mode: undefined/unknown
	Isolation level: REPEATABLE_READ [default REPEATABLE_READ]
	JDBC fetch size: none
	Pool: DataSourceConnectionProvider
	Minimum pool size: undefined/unknown
	Maximum pool size: undefined/unknown
2026-09-14T16:10:05.002+09:00  INFO 472 --- [mvc] [restartedMain] org.hibernate.orm.core                   : HHH000489: No JTA platform available (set 'hibernate.transaction.jta.platform' to enable JTA platform integration)
2026-09-14T16:10:05.018+09:00  INFO 472 --- [mvc] [restartedMain] j.LocalContainerEntityManagerFactoryBean : Initialized JPA EntityManagerFactory for persistence unit 'default'
2026-09-14T16:10:05.066+09:00  WARN 472 --- [mvc] [restartedMain] ConfigServletWebServerApplicationContext : Exception encountered during context initialization - cancelling refresh attempt: org.springframework.beans.factory.BeanCreationException: Error creating bean with name 'postServiceImpl': Lookup method resolution failed
2026-09-14T16:10:05.066+09:00  INFO 472 --- [mvc] [restartedMain] j.LocalContainerEntityManagerFactoryBean : Closing JPA EntityManagerFactory for persistence unit 'default'
2026-09-14T16:10:05.068+09:00  INFO 472 --- [mvc] [restartedMain] com.zaxxer.hikari.HikariDataSource       : HikariPool-9 - Shutdown initiated...
2026-09-14T16:10:05.071+09:00  INFO 472 --- [mvc] [restartedMain] com.zaxxer.hikari.HikariDataSource       : HikariPool-9 - Shutdown completed.
2026-09-14T16:10:05.080+09:00  INFO 472 --- [mvc] [restartedMain] o.apache.catalina.core.StandardService   : Stopping service [Tomcat]
2026-09-14T16:10:05.087+09:00  INFO 472 --- [mvc] [restartedMain] .s.b.a.l.ConditionEvaluationReportLogger : 

Error starting ApplicationContext. To display the condition evaluation report re-run your application with 'debug' enabled.
2026-09-14T16:10:05.102+09:00 ERROR 472 --- [mvc] [restartedMain] o.s.boot.SpringApplication               : Application run failed

org.springframework.beans.factory.BeanCreationException: Error creating bean with name 'postServiceImpl': Lookup method resolution failed
	at org.springframework.beans.factory.annotation.AutowiredAnnotationBeanPostProcessor.checkLookupMethods(AutowiredAnnotationBeanPostProcessor.java:482) ~[spring-beans-7.0.9.jar:7.0.9]
	at org.springframework.beans.factory.annotation.AutowiredAnnotationBeanPostProcessor.determineCandidateConstructors(AutowiredAnnotationBeanPostProcessor.java:352) ~[spring-beans-7.0.9.jar:7.0.9]
	at org.springframework.beans.factory.support.AbstractAutowireCapableBeanFactory.determineConstructorsFromBeanPostProcessors(AbstractAutowireCapableBeanFactory.java:1319) ~[spring-beans-7.0.9.jar:7.0.9]
	at org.springframework.beans.factory.support.AbstractAutowireCapableBeanFactory.createBeanInstance(AbstractAutowireCapableBeanFactory.java:1216) ~[spring-beans-7.0.9.jar:7.0.9]
	at org.springframework.beans.factory.support.AbstractAutowireCapableBeanFactory.doCreateBean(AbstractAutowireCapableBeanFactory.java:565) ~[spring-beans-7.0.9.jar:7.0.9]
	at org.springframework.beans.factory.support.AbstractAutowireCapableBeanFactory.createBean(AbstractAutowireCapableBeanFactory.java:525) ~[spring-beans-7.0.9.jar:7.0.9]
	at org.springframework.beans.factory.support.AbstractBeanFactory.lambda$doGetBean$0(AbstractBeanFactory.java:333) ~[spring-beans-7.0.9.jar:7.0.9]
	at org.springframework.beans.factory.support.DefaultSingletonBeanRegistry.getSingleton(DefaultSingletonBeanRegistry.java:371) ~[spring-beans-7.0.9.jar:7.0.9]
	at org.springframework.beans.factory.support.AbstractBeanFactory.doGetBean(AbstractBeanFactory.java:331) ~[spring-beans-7.0.9.jar:7.0.9]
	at org.springframework.beans.factory.support.AbstractBeanFactory.getBean(AbstractBeanFactory.java:196) ~[spring-beans-7.0.9.jar:7.0.9]
	at org.springframework.beans.factory.support.DefaultListableBeanFactory.instantiateSingleton(DefaultListableBeanFactory.java:1225) ~[spring-beans-7.0.9.jar:7.0.9]
	at org.springframework.beans.factory.support.DefaultListableBeanFactory.preInstantiateSingleton(DefaultListableBeanFactory.java:1191) ~[spring-beans-7.0.9.jar:7.0.9]
	at org.springframework.beans.factory.support.DefaultListableBeanFactory.preInstantiateSingletons(DefaultListableBeanFactory.java:1121) ~[spring-beans-7.0.9.jar:7.0.9]
	at org.springframework.context.support.AbstractApplicationContext.finishBeanFactoryInitialization(AbstractApplicationContext.java:994) ~[spring-context-7.0.9.jar:7.0.9]
	at org.springframework.context.support.AbstractApplicationContext.refresh(AbstractApplicationContext.java:621) ~[spring-context-7.0.9.jar:7.0.9]
	at org.springframework.boot.web.server.servlet.context.ServletWebServerApplicationContext.refresh(ServletWebServerApplicationContext.java:143) ~[spring-boot-web-server-4.1.1.jar:4.1.1]
	at org.springframework.boot.SpringApplication.refresh(SpringApplication.java:756) ~[spring-boot-4.1.1.jar:4.1.1]
	at org.springframework.boot.SpringApplication.refreshContext(SpringApplication.java:445) ~[spring-boot-4.1.1.jar:4.1.1]
	at org.springframework.boot.SpringApplication.run(SpringApplication.java:321) ~[spring-boot-4.1.1.jar:4.1.1]
	at org.springframework.boot.SpringApplication.run(SpringApplication.java:1365) ~[spring-boot-4.1.1.jar:4.1.1]
	at org.springframework.boot.SpringApplication.run(SpringApplication.java:1354) ~[spring-boot-4.1.1.jar:4.1.1]
	at com.aloha.mvc.MvcApplication.main(MvcApplication.java:10) ~[main/:na]
	at java.base/jdk.internal.reflect.NativeMethodAccessorImpl.invoke0(Native Method) ~[na:na]
	at java.base/jdk.internal.reflect.NativeMethodAccessorImpl.invoke(NativeMethodAccessorImpl.java:77) ~[na:na]
	at java.base/jdk.internal.reflect.DelegatingMethodAccessorImpl.invoke(DelegatingMethodAccessorImpl.java:43) ~[na:na]
	at java.base/java.lang.reflect.Method.invoke(Method.java:568) ~[na:na]
	at org.springframework.boot.devtools.restart.RestartLauncher.run(RestartLauncher.java:52) ~[spring-boot-devtools-4.1.1.jar:4.1.1]
Caused by: java.lang.IllegalStateException: Failed to introspect Class [com.aloha.mvc.service.PostServiceImpl] from ClassLoader [org.springframework.boot.devtools.restart.classloader.RestartClassLoader@636128e4]
	at org.springframework.util.ReflectionUtils.getDeclaredMethods(ReflectionUtils.java:483) ~[spring-core-7.0.9.jar:7.0.9]
	at org.springframework.util.ReflectionUtils.doWithLocalMethods(ReflectionUtils.java:320) ~[spring-core-7.0.9.jar:7.0.9]
	at org.springframework.beans.factory.annotation.AutowiredAnnotationBeanPostProcessor.checkLookupMethods(AutowiredAnnotationBeanPostProcessor.java:460) ~[spring-beans-7.0.9.jar:7.0.9]
	... 26 common frames omitted
Caused by: java.lang.NoClassDefFoundError: Posts
	at java.base/java.lang.Class.getDeclaredMethods0(Native Method) ~[na:na]
	at java.base/java.lang.Class.privateGetDeclaredMethods(Class.java:3402) ~[na:na]
	at java.base/java.lang.Class.getDeclaredMethods(Class.java:2504) ~[na:na]
	at org.springframework.util.ReflectionUtils.getDeclaredMethods(ReflectionUtils.java:465) ~[spring-core-7.0.9.jar:7.0.9]
	... 28 common frames omitted
Caused by: java.lang.ClassNotFoundException: Posts
	at java.base/jdk.internal.loader.BuiltinClassLoader.loadClass(BuiltinClassLoader.java:641) ~[na:na]
	at java.base/jdk.internal.loader.ClassLoaders$AppClassLoader.loadClass(ClassLoaders.java:188) ~[na:na]
	at java.base/java.lang.ClassLoader.loadClass(ClassLoader.java:525) ~[na:na]
	at java.base/java.lang.Class.forName0(Native Method) ~[na:na]
	at java.base/java.lang.Class.forName(Class.java:467) ~[na:na]
	at org.springframework.boot.devtools.restart.classloader.RestartClassLoader.loadClass(RestartClassLoader.java:123) ~[spring-boot-devtools-4.1.1.jar:4.1.1]
	at java.base/java.lang.ClassLoader.loadClass(ClassLoader.java:525) ~[na:na]
	... 32 common frames omitted

2026-09-14T16:10:07.680+09:00  INFO 472 --- [mvc] [restartedMain] com.aloha.mvc.MvcApplication             : Starting MvcApplication using Java 17.0.12 with PID 472 (C:\ALOHA\GITHUB\AIOT7_SPRINGBOOT\mvc\bin\main started by Admin in C:\ALOHA\GITHUB\AIOT7_SPRINGBOOT)
2026-09-14T16:10:07.682+09:00  INFO 472 --- [mvc] [restartedMain] com.aloha.mvc.MvcApplication             : No active profile set, falling back to 1 default profile: "default"
2026-09-14T16:10:08.284+09:00  INFO 472 --- [mvc] [restartedMain] .s.d.r.c.RepositoryConfigurationDelegate : Bootstrapping Spring Data JPA repositories in DEFAULT mode.
2026-09-14T16:10:08.317+09:00  INFO 472 --- [mvc] [restartedMain] .s.d.r.c.RepositoryConfigurationDelegate : Finished Spring Data repository scanning in 30 ms. Found 2 JPA repository interfaces.
2026-09-14T16:10:08.551+09:00  INFO 472 --- [mvc] [restartedMain] o.s.boot.tomcat.TomcatWebServer          : Tomcat initialized with port 8080 (http)
2026-09-14T16:10:08.552+09:00  INFO 472 --- [mvc] [restartedMain] o.apache.catalina.core.StandardService   : Starting service [Tomcat]
2026-09-14T16:10:08.554+09:00  INFO 472 --- [mvc] [restartedMain] o.apache.catalina.core.StandardEngine    : Starting Servlet engine: [Apache Tomcat/11.0.24]
2026-09-14T16:10:08.582+09:00  INFO 472 --- [mvc] [restartedMain] b.w.c.s.WebApplicationContextInitializer : Root WebApplicationContext: initialization completed in 893 ms
2026-09-14T16:10:08.669+09:00  INFO 472 --- [mvc] [restartedMain] org.hibernate.orm.jpa                    : HHH008540: Processing PersistenceUnitInfo [name: default]
2026-09-14T16:10:08.824+09:00  INFO 472 --- [mvc] [restartedMain] o.s.o.j.p.SpringPersistenceUnitInfo      : No LoadTimeWeaver setup: ignoring JPA class transformer
2026-09-14T16:10:08.826+09:00  INFO 472 --- [mvc] [restartedMain] com.zaxxer.hikari.HikariDataSource       : HikariPool-10 - Starting...
2026-09-14T16:10:08.830+09:00  INFO 472 --- [mvc] [restartedMain] com.zaxxer.hikari.pool.HikariPool        : HikariPool-10 - Added connection com.mysql.cj.jdbc.ConnectionImpl@1f346af6
2026-09-14T16:10:08.830+09:00  INFO 472 --- [mvc] [restartedMain] com.zaxxer.hikari.HikariDataSource       : HikariPool-10 - Start completed.
2026-09-14T16:10:08.832+09:00  INFO 472 --- [mvc] [restartedMain] org.hibernate.orm.connections.pooling    : HHH10001005: Database info:
	Database JDBC URL [jdbc:mysql://localhost:3306/aloha?serverTimezone=Asia/Seoul&allowPublicKeyRetrieval=true&useSSL=false]
	Database driver: MySQL Connector/J
	Database dialect: MySQLDialect
	Database version: 8.0.46
	Default catalog/schema: aloha/undefined
	Autocommit mode: undefined/unknown
	Isolation level: REPEATABLE_READ [default REPEATABLE_READ]
	JDBC fetch size: none
	Pool: DataSourceConnectionProvider
	Minimum pool size: undefined/unknown
	Maximum pool size: undefined/unknown
2026-09-14T16:10:09.000+09:00  INFO 472 --- [mvc] [restartedMain] org.hibernate.orm.core                   : HHH000489: No JTA platform available (set 'hibernate.transaction.jta.platform' to enable JTA platform integration)
2026-09-14T16:10:09.014+09:00  INFO 472 --- [mvc] [restartedMain] j.LocalContainerEntityManagerFactoryBean : Initialized JPA EntityManagerFactory for persistence unit 'default'
2026-09-14T16:10:09.097+09:00  WARN 472 --- [mvc] [restartedMain] JpaBaseConfiguration$JpaWebConfiguration : spring.jpa.open-in-view is enabled by default. Therefore, database queries may be performed during view rendering. Explicitly configure spring.jpa.open-in-view to disable this warning
2026-09-14T16:10:09.142+09:00  WARN 472 --- [mvc] [restartedMain] .s.a.UserDetailsServiceAutoConfiguration : 

Using generated security password: eaadc443-588a-4985-b49f-3a22f0dd548c

This generated password is for development use only. Your security configuration must be updated before running your application in production.

2026-09-14T16:10:09.145+09:00  INFO 472 --- [mvc] [restartedMain] r$InitializeUserDetailsManagerConfigurer : Global AuthenticationManager configured with UserDetailsService bean with name inMemoryUserDetailsManager
2026-09-14T16:10:09.188+09:00  INFO 472 --- [mvc] [restartedMain] o.s.b.w.a.WelcomePageHandlerMapping      : Adding welcome page template: index
2026-09-14T16:10:09.252+09:00  INFO 472 --- [mvc] [restartedMain] o.s.boot.tomcat.TomcatWebServer          : Tomcat started on port 8080 (http) with context path '/'
2026-09-14T16:10:09.256+09:00  INFO 472 --- [mvc] [restartedMain] com.aloha.mvc.MvcApplication             : Started MvcApplication in 1.621 seconds (process running for 819.294)
2026-09-14T16:10:09.257+09:00  INFO 472 --- [mvc] [restartedMain] .ConditionEvaluationDeltaLoggingListener : Condition evaluation unchanged
2026-09-14T16:12:04.449+09:00  INFO 472 --- [mvc] [File Watcher] rtingClassPathChangeChangedEventListener : Restarting due to 1 class path change (1 addition, 0 deletions, 0 modifications)
2026-09-14T16:12:04.450+09:00  INFO 472 --- [mvc] [Thread-13] o.s.boot.tomcat.GracefulShutdown         : Commencing graceful shutdown. Waiting for active requests to complete
2026-09-14T16:12:04.620+09:00  INFO 472 --- [mvc] [tomcat-shutdown] o.s.boot.tomcat.GracefulShutdown         : Graceful shutdown complete
2026-09-14T16:12:04.627+09:00  INFO 472 --- [mvc] [Thread-13] j.LocalContainerEntityManagerFactoryBean : Closing JPA EntityManagerFactory for persistence unit 'default'
2026-09-14T16:12:04.628+09:00  INFO 472 --- [mvc] [Thread-13] com.zaxxer.hikari.HikariDataSource       : HikariPool-10 - Shutdown initiated...
2026-09-14T16:12:04.632+09:00  INFO 472 --- [mvc] [Thread-13] com.zaxxer.hikari.HikariDataSource       : HikariPool-10 - Shutdown completed.
2026-09-14T16:12:04.814+09:00  INFO 472 --- [mvc] [restartedMain] com.aloha.mvc.MvcApplication             : Starting MvcApplication using Java 17.0.12 with PID 472 (C:\ALOHA\GITHUB\AIOT7_SPRINGBOOT\mvc\bin\main started by Admin in C:\ALOHA\GITHUB\AIOT7_SPRINGBOOT)
2026-09-14T16:12:04.814+09:00  INFO 472 --- [mvc] [restartedMain] com.aloha.mvc.MvcApplication             : No active profile set, falling back to 1 default profile: "default"
2026-09-14T16:12:05.093+09:00  INFO 472 --- [mvc] [restartedMain] .s.d.r.c.RepositoryConfigurationDelegate : Bootstrapping Spring Data JPA repositories in DEFAULT mode.
2026-09-14T16:12:05.112+09:00  INFO 472 --- [mvc] [restartedMain] .s.d.r.c.RepositoryConfigurationDelegate : Finished Spring Data repository scanning in 16 ms. Found 2 JPA repository interfaces.
2026-09-14T16:12:05.358+09:00  INFO 472 --- [mvc] [restartedMain] o.s.boot.tomcat.TomcatWebServer          : Tomcat initialized with port 8080 (http)
2026-09-14T16:12:05.358+09:00  INFO 472 --- [mvc] [restartedMain] o.apache.catalina.core.StandardService   : Starting service [Tomcat]
2026-09-14T16:12:05.359+09:00  INFO 472 --- [mvc] [restartedMain] o.apache.catalina.core.StandardEngine    : Starting Servlet engine: [Apache Tomcat/11.0.24]
2026-09-14T16:12:05.380+09:00  INFO 472 --- [mvc] [restartedMain] b.w.c.s.WebApplicationContextInitializer : Root WebApplicationContext: initialization completed in 563 ms
2026-09-14T16:12:05.448+09:00  INFO 472 --- [mvc] [restartedMain] org.hibernate.orm.jpa                    : HHH008540: Processing PersistenceUnitInfo [name: default]
2026-09-14T16:12:05.551+09:00  INFO 472 --- [mvc] [restartedMain] o.s.o.j.p.SpringPersistenceUnitInfo      : No LoadTimeWeaver setup: ignoring JPA class transformer
2026-09-14T16:12:05.555+09:00  INFO 472 --- [mvc] [restartedMain] com.zaxxer.hikari.HikariDataSource       : HikariPool-11 - Starting...
2026-09-14T16:12:05.562+09:00  INFO 472 --- [mvc] [restartedMain] com.zaxxer.hikari.pool.HikariPool        : HikariPool-11 - Added connection com.mysql.cj.jdbc.ConnectionImpl@7957e329
2026-09-14T16:12:05.563+09:00  INFO 472 --- [mvc] [restartedMain] com.zaxxer.hikari.HikariDataSource       : HikariPool-11 - Start completed.
2026-09-14T16:12:05.564+09:00  INFO 472 --- [mvc] [restartedMain] org.hibernate.orm.connections.pooling    : HHH10001005: Database info:
	Database JDBC URL [jdbc:mysql://localhost:3306/aloha?serverTimezone=Asia/Seoul&allowPublicKeyRetrieval=true&useSSL=false]
	Database driver: MySQL Connector/J
	Database dialect: MySQLDialect
	Database version: 8.0.46
	Default catalog/schema: aloha/undefined
	Autocommit mode: undefined/unknown
	Isolation level: REPEATABLE_READ [default REPEATABLE_READ]
	JDBC fetch size: none
	Pool: DataSourceConnectionProvider
	Minimum pool size: undefined/unknown
	Maximum pool size: undefined/unknown
2026-09-14T16:12:05.630+09:00  INFO 472 --- [mvc] [restartedMain] org.hibernate.orm.core                   : HHH000489: No JTA platform available (set 'hibernate.transaction.jta.platform' to enable JTA platform integration)
2026-09-14T16:12:05.641+09:00  INFO 472 --- [mvc] [restartedMain] j.LocalContainerEntityManagerFactoryBean : Initialized JPA EntityManagerFactory for persistence unit 'default'
2026-09-14T16:12:05.700+09:00  WARN 472 --- [mvc] [restartedMain] JpaBaseConfiguration$JpaWebConfiguration : spring.jpa.open-in-view is enabled by default. Therefore, database queries may be performed during view rendering. Explicitly configure spring.jpa.open-in-view to disable this warning
2026-09-14T16:12:05.755+09:00  WARN 472 --- [mvc] [restartedMain] .s.a.UserDetailsServiceAutoConfiguration : 

Using generated security password: d90b1450-0132-43f3-83e4-cabcca87291c

This generated password is for development use only. Your security configuration must be updated before running your application in production.

2026-09-14T16:12:05.757+09:00  INFO 472 --- [mvc] [restartedMain] r$InitializeUserDetailsManagerConfigurer : Global AuthenticationManager configured with UserDetailsService bean with name inMemoryUserDetailsManager
2026-09-14T16:12:05.805+09:00  INFO 472 --- [mvc] [restartedMain] o.s.b.w.a.WelcomePageHandlerMapping      : Adding welcome page template: index
2026-09-14T16:12:05.871+09:00  INFO 472 --- [mvc] [restartedMain] o.s.boot.tomcat.TomcatWebServer          : Tomcat started on port 8080 (http) with context path '/'
2026-09-14T16:12:05.873+09:00  INFO 472 --- [mvc] [restartedMain] com.aloha.mvc.MvcApplication             : Started MvcApplication in 1.093 seconds (process running for 935.911)
2026-09-14T16:12:05.874+09:00  INFO 472 --- [mvc] [restartedMain] .ConditionEvaluationDeltaLoggingListener : Condition evaluation unchanged
2026-09-14T16:12:17.670+09:00  INFO 472 --- [mvc] [File Watcher] rtingClassPathChangeChangedEventListener : Restarting due to 1 class path change (0 additions, 0 deletions, 1 modification)
2026-09-14T16:12:17.672+09:00  INFO 472 --- [mvc] [Thread-35] o.s.boot.tomcat.GracefulShutdown         : Commencing graceful shutdown. Waiting for active requests to complete
2026-09-14T16:12:17.803+09:00  INFO 472 --- [mvc] [tomcat-shutdown] o.s.boot.tomcat.GracefulShutdown         : Graceful shutdown complete
2026-09-14T16:12:17.805+09:00  INFO 472 --- [mvc] [Thread-35] j.LocalContainerEntityManagerFactoryBean : Closing JPA EntityManagerFactory for persistence unit 'default'
2026-09-14T16:12:17.805+09:00  INFO 472 --- [mvc] [Thread-35] com.zaxxer.hikari.HikariDataSource       : HikariPool-11 - Shutdown initiated...
2026-09-14T16:12:17.807+09:00  INFO 472 --- [mvc] [Thread-35] com.zaxxer.hikari.HikariDataSource       : HikariPool-11 - Shutdown completed.
2026-09-14T16:12:18.019+09:00  INFO 472 --- [mvc] [restartedMain] com.aloha.mvc.MvcApplication             : Starting MvcApplication using Java 17.0.12 with PID 472 (C:\ALOHA\GITHUB\AIOT7_SPRINGBOOT\mvc\bin\main started by Admin in C:\ALOHA\GITHUB\AIOT7_SPRINGBOOT)
2026-09-14T16:12:18.019+09:00  INFO 472 --- [mvc] [restartedMain] com.aloha.mvc.MvcApplication             : No active profile set, falling back to 1 default profile: "default"
2026-09-14T16:12:18.349+09:00  INFO 472 --- [mvc] [restartedMain] .s.d.r.c.RepositoryConfigurationDelegate : Bootstrapping Spring Data JPA repositories in DEFAULT mode.
2026-09-14T16:12:18.388+09:00  INFO 472 --- [mvc] [restartedMain] .s.d.r.c.RepositoryConfigurationDelegate : Finished Spring Data repository scanning in 37 ms. Found 2 JPA repository interfaces.
2026-09-14T16:12:18.524+09:00  INFO 472 --- [mvc] [restartedMain] o.s.boot.tomcat.TomcatWebServer          : Tomcat initialized with port 8080 (http)
2026-09-14T16:12:18.527+09:00  INFO 472 --- [mvc] [restartedMain] o.apache.catalina.core.StandardService   : Starting service [Tomcat]
2026-09-14T16:12:18.527+09:00  INFO 472 --- [mvc] [restartedMain] o.apache.catalina.core.StandardEngine    : Starting Servlet engine: [Apache Tomcat/11.0.24]
2026-09-14T16:12:18.579+09:00  INFO 472 --- [mvc] [restartedMain] b.w.c.s.WebApplicationContextInitializer : Root WebApplicationContext: initialization completed in 557 ms
2026-09-14T16:12:18.696+09:00  INFO 472 --- [mvc] [restartedMain] org.hibernate.orm.jpa                    : HHH008540: Processing PersistenceUnitInfo [name: default]
2026-09-14T16:12:18.808+09:00  INFO 472 --- [mvc] [restartedMain] o.s.o.j.p.SpringPersistenceUnitInfo      : No LoadTimeWeaver setup: ignoring JPA class transformer
2026-09-14T16:12:18.810+09:00  INFO 472 --- [mvc] [restartedMain] com.zaxxer.hikari.HikariDataSource       : HikariPool-12 - Starting...
2026-09-14T16:12:18.813+09:00  INFO 472 --- [mvc] [restartedMain] com.zaxxer.hikari.pool.HikariPool        : HikariPool-12 - Added connection com.mysql.cj.jdbc.ConnectionImpl@2a945725
2026-09-14T16:12:18.813+09:00  INFO 472 --- [mvc] [restartedMain] com.zaxxer.hikari.HikariDataSource       : HikariPool-12 - Start completed.
2026-09-14T16:12:18.815+09:00  INFO 472 --- [mvc] [restartedMain] org.hibernate.orm.connections.pooling    : HHH10001005: Database info:
	Database JDBC URL [jdbc:mysql://localhost:3306/aloha?serverTimezone=Asia/Seoul&allowPublicKeyRetrieval=true&useSSL=false]
	Database driver: MySQL Connector/J
	Database dialect: MySQLDialect
	Database version: 8.0.46
	Default catalog/schema: aloha/undefined
	Autocommit mode: undefined/unknown
	Isolation level: REPEATABLE_READ [default REPEATABLE_READ]
	JDBC fetch size: none
	Pool: DataSourceConnectionProvider
	Minimum pool size: undefined/unknown
	Maximum pool size: undefined/unknown
2026-09-14T16:12:18.902+09:00  INFO 472 --- [mvc] [restartedMain] org.hibernate.orm.core                   : HHH000489: No JTA platform available (set 'hibernate.transaction.jta.platform' to enable JTA platform integration)
2026-09-14T16:12:18.928+09:00  INFO 472 --- [mvc] [restartedMain] j.LocalContainerEntityManagerFactoryBean : Initialized JPA EntityManagerFactory for persistence unit 'default'
2026-09-14T16:12:19.034+09:00  WARN 472 --- [mvc] [restartedMain] JpaBaseConfiguration$JpaWebConfiguration : spring.jpa.open-in-view is enabled by default. Therefore, database queries may be performed during view rendering. Explicitly configure spring.jpa.open-in-view to disable this warning
2026-09-14T16:12:19.064+09:00  WARN 472 --- [mvc] [restartedMain] .s.a.UserDetailsServiceAutoConfiguration : 

Using generated security password: 96d2cc39-a366-4473-ae16-041d74f3316e

This generated password is for development use only. Your security configuration must be updated before running your application in production.

2026-09-14T16:12:19.067+09:00  INFO 472 --- [mvc] [restartedMain] r$InitializeUserDetailsManagerConfigurer : Global AuthenticationManager configured with UserDetailsService bean with name inMemoryUserDetailsManager
2026-09-14T16:12:19.355+09:00  INFO 472 --- [mvc] [restartedMain] o.s.b.w.a.WelcomePageHandlerMapping      : Adding welcome page template: index
2026-09-14T16:12:19.582+09:00  INFO 472 --- [mvc] [restartedMain] o.s.boot.tomcat.TomcatWebServer          : Tomcat started on port 8080 (http) with context path '/'
2026-09-14T16:12:19.688+09:00  INFO 472 --- [mvc] [restartedMain] com.aloha.mvc.MvcApplication             : Started MvcApplication in 1.694 seconds (process running for 949.727)
2026-09-14T16:12:19.690+09:00  INFO 472 --- [mvc] [restartedMain] .ConditionEvaluationDeltaLoggingListener : Condition evaluation unchanged
2026-09-14T16:12:22.059+09:00  INFO 472 --- [mvc] [File Watcher] rtingClassPathChangeChangedEventListener : Restarting due to 1 class path change (0 additions, 0 deletions, 1 modification)
2026-09-14T16:12:22.060+09:00  INFO 472 --- [mvc] [Thread-39] o.s.boot.tomcat.GracefulShutdown         : Commencing graceful shutdown. Waiting for active requests to complete
2026-09-14T16:12:22.233+09:00  INFO 472 --- [mvc] [tomcat-shutdown] o.s.boot.tomcat.GracefulShutdown         : Graceful shutdown complete
2026-09-14T16:12:22.236+09:00  INFO 472 --- [mvc] [Thread-39] j.LocalContainerEntityManagerFactoryBean : Closing JPA EntityManagerFactory for persistence unit 'default'
2026-09-14T16:12:22.236+09:00  INFO 472 --- [mvc] [Thread-39] com.zaxxer.hikari.HikariDataSource       : HikariPool-12 - Shutdown initiated...
2026-09-14T16:12:22.240+09:00  INFO 472 --- [mvc] [Thread-39] com.zaxxer.hikari.HikariDataSource       : HikariPool-12 - Shutdown completed.
2026-09-14T16:12:22.420+09:00  INFO 472 --- [mvc] [restartedMain] com.aloha.mvc.MvcApplication             : Starting MvcApplication using Java 17.0.12 with PID 472 (C:\ALOHA\GITHUB\AIOT7_SPRINGBOOT\mvc\bin\main started by Admin in C:\ALOHA\GITHUB\AIOT7_SPRINGBOOT)
2026-09-14T16:12:22.431+09:00  INFO 472 --- [mvc] [restartedMain] com.aloha.mvc.MvcApplication             : No active profile set, falling back to 1 default profile: "default"
2026-09-14T16:12:22.700+09:00  INFO 472 --- [mvc] [restartedMain] .s.d.r.c.RepositoryConfigurationDelegate : Bootstrapping Spring Data JPA repositories in DEFAULT mode.
2026-09-14T16:12:22.713+09:00  INFO 472 --- [mvc] [restartedMain] .s.d.r.c.RepositoryConfigurationDelegate : Finished Spring Data repository scanning in 12 ms. Found 2 JPA repository interfaces.
2026-09-14T16:12:22.818+09:00  INFO 472 --- [mvc] [restartedMain] o.s.boot.tomcat.TomcatWebServer          : Tomcat initialized with port 8080 (http)
2026-09-14T16:12:22.819+09:00  INFO 472 --- [mvc] [restartedMain] o.apache.catalina.core.StandardService   : Starting service [Tomcat]
2026-09-14T16:12:22.820+09:00  INFO 472 --- [mvc] [restartedMain] o.apache.catalina.core.StandardEngine    : Starting Servlet engine: [Apache Tomcat/11.0.24]
2026-09-14T16:12:22.848+09:00  INFO 472 --- [mvc] [restartedMain] b.w.c.s.WebApplicationContextInitializer : Root WebApplicationContext: initialization completed in 408 ms
2026-09-14T16:12:22.883+09:00  INFO 472 --- [mvc] [restartedMain] org.hibernate.orm.jpa                    : HHH008540: Processing PersistenceUnitInfo [name: default]
2026-09-14T16:12:22.941+09:00  INFO 472 --- [mvc] [restartedMain] o.s.o.j.p.SpringPersistenceUnitInfo      : No LoadTimeWeaver setup: ignoring JPA class transformer
2026-09-14T16:12:22.944+09:00  INFO 472 --- [mvc] [restartedMain] com.zaxxer.hikari.HikariDataSource       : HikariPool-13 - Starting...
2026-09-14T16:12:22.946+09:00  INFO 472 --- [mvc] [restartedMain] com.zaxxer.hikari.pool.HikariPool        : HikariPool-13 - Added connection com.mysql.cj.jdbc.ConnectionImpl@2e8a139c
2026-09-14T16:12:22.946+09:00  INFO 472 --- [mvc] [restartedMain] com.zaxxer.hikari.HikariDataSource       : HikariPool-13 - Start completed.
2026-09-14T16:12:22.947+09:00  INFO 472 --- [mvc] [restartedMain] org.hibernate.orm.connections.pooling    : HHH10001005: Database info:
	Database JDBC URL [jdbc:mysql://localhost:3306/aloha?serverTimezone=Asia/Seoul&allowPublicKeyRetrieval=true&useSSL=false]
	Database driver: MySQL Connector/J
	Database dialect: MySQLDialect
	Database version: 8.0.46
	Default catalog/schema: aloha/undefined
	Autocommit mode: undefined/unknown
	Isolation level: REPEATABLE_READ [default REPEATABLE_READ]
	JDBC fetch size: none
	Pool: DataSourceConnectionProvider
	Minimum pool size: undefined/unknown
	Maximum pool size: undefined/unknown
2026-09-14T16:12:23.162+09:00  INFO 472 --- [mvc] [restartedMain] org.hibernate.orm.core                   : HHH000489: No JTA platform available (set 'hibernate.transaction.jta.platform' to enable JTA platform integration)
2026-09-14T16:12:23.176+09:00  INFO 472 --- [mvc] [restartedMain] j.LocalContainerEntityManagerFactoryBean : Initialized JPA EntityManagerFactory for persistence unit 'default'
2026-09-14T16:12:23.262+09:00  WARN 472 --- [mvc] [restartedMain] JpaBaseConfiguration$JpaWebConfiguration : spring.jpa.open-in-view is enabled by default. Therefore, database queries may be performed during view rendering. Explicitly configure spring.jpa.open-in-view to disable this warning
2026-09-14T16:12:23.290+09:00  WARN 472 --- [mvc] [restartedMain] .s.a.UserDetailsServiceAutoConfiguration : 

Using generated security password: 6260ca1b-7099-4c6a-bb54-5a48de01cbc5

This generated password is for development use only. Your security configuration must be updated before running your application in production.

2026-09-14T16:12:23.292+09:00  INFO 472 --- [mvc] [restartedMain] r$InitializeUserDetailsManagerConfigurer : Global AuthenticationManager configured with UserDetailsService bean with name inMemoryUserDetailsManager
2026-09-14T16:12:23.332+09:00  INFO 472 --- [mvc] [restartedMain] o.s.b.w.a.WelcomePageHandlerMapping      : Adding welcome page template: index
2026-09-14T16:12:23.404+09:00  INFO 472 --- [mvc] [restartedMain] o.s.boot.tomcat.TomcatWebServer          : Tomcat started on port 8080 (http) with context path '/'
2026-09-14T16:12:23.413+09:00  INFO 472 --- [mvc] [restartedMain] com.aloha.mvc.MvcApplication             : Started MvcApplication in 1.019 seconds (process running for 953.452)
2026-09-14T16:12:23.416+09:00  INFO 472 --- [mvc] [restartedMain] .ConditionEvaluationDeltaLoggingListener : Condition evaluation unchanged
2026-09-14T16:12:29.961+09:00  INFO 472 --- [mvc] [File Watcher] rtingClassPathChangeChangedEventListener : Restarting due to 1 class path change (0 additions, 0 deletions, 1 modification)
2026-09-14T16:12:29.962+09:00  INFO 472 --- [mvc] [Thread-43] o.s.boot.tomcat.GracefulShutdown         : Commencing graceful shutdown. Waiting for active requests to complete
2026-09-14T16:12:30.096+09:00  INFO 472 --- [mvc] [tomcat-shutdown] o.s.boot.tomcat.GracefulShutdown         : Graceful shutdown complete
2026-09-14T16:12:30.097+09:00  INFO 472 --- [mvc] [Thread-43] j.LocalContainerEntityManagerFactoryBean : Closing JPA EntityManagerFactory for persistence unit 'default'
2026-09-14T16:12:30.098+09:00  INFO 472 --- [mvc] [Thread-43] com.zaxxer.hikari.HikariDataSource       : HikariPool-13 - Shutdown initiated...
2026-09-14T16:12:30.098+09:00  INFO 472 --- [mvc] [Thread-43] com.zaxxer.hikari.HikariDataSource       : HikariPool-13 - Shutdown completed.
2026-09-14T16:12:30.170+09:00  INFO 472 --- [mvc] [restartedMain] com.aloha.mvc.MvcApplication             : Starting MvcApplication using Java 17.0.12 with PID 472 (C:\ALOHA\GITHUB\AIOT7_SPRINGBOOT\mvc\bin\main started by Admin in C:\ALOHA\GITHUB\AIOT7_SPRINGBOOT)
2026-09-14T16:12:30.171+09:00  INFO 472 --- [mvc] [restartedMain] com.aloha.mvc.MvcApplication             : No active profile set, falling back to 1 default profile: "default"
2026-09-14T16:12:30.412+09:00  INFO 472 --- [mvc] [restartedMain] .s.d.r.c.RepositoryConfigurationDelegate : Bootstrapping Spring Data JPA repositories in DEFAULT mode.
2026-09-14T16:12:30.437+09:00  INFO 472 --- [mvc] [restartedMain] .s.d.r.c.RepositoryConfigurationDelegate : Finished Spring Data repository scanning in 23 ms. Found 2 JPA repository interfaces.
2026-09-14T16:12:30.549+09:00  INFO 472 --- [mvc] [restartedMain] o.s.boot.tomcat.TomcatWebServer          : Tomcat initialized with port 8080 (http)
2026-09-14T16:12:30.550+09:00  INFO 472 --- [mvc] [restartedMain] o.apache.catalina.core.StandardService   : Starting service [Tomcat]
2026-09-14T16:12:30.550+09:00  INFO 472 --- [mvc] [restartedMain] o.apache.catalina.core.StandardEngine    : Starting Servlet engine: [Apache Tomcat/11.0.24]
2026-09-14T16:12:30.580+09:00  INFO 472 --- [mvc] [restartedMain] b.w.c.s.WebApplicationContextInitializer : Root WebApplicationContext: initialization completed in 406 ms
2026-09-14T16:12:30.621+09:00  INFO 472 --- [mvc] [restartedMain] org.hibernate.orm.jpa                    : HHH008540: Processing PersistenceUnitInfo [name: default]
2026-09-14T16:12:30.691+09:00  INFO 472 --- [mvc] [restartedMain] o.s.o.j.p.SpringPersistenceUnitInfo      : No LoadTimeWeaver setup: ignoring JPA class transformer
2026-09-14T16:12:30.695+09:00  INFO 472 --- [mvc] [restartedMain] com.zaxxer.hikari.HikariDataSource       : HikariPool-14 - Starting...
2026-09-14T16:12:30.703+09:00  INFO 472 --- [mvc] [restartedMain] com.zaxxer.hikari.pool.HikariPool        : HikariPool-14 - Added connection com.mysql.cj.jdbc.ConnectionImpl@31a191a6
2026-09-14T16:12:30.703+09:00  INFO 472 --- [mvc] [restartedMain] com.zaxxer.hikari.HikariDataSource       : HikariPool-14 - Start completed.
2026-09-14T16:12:30.705+09:00  INFO 472 --- [mvc] [restartedMain] org.hibernate.orm.connections.pooling    : HHH10001005: Database info:
	Database JDBC URL [jdbc:mysql://localhost:3306/aloha?serverTimezone=Asia/Seoul&allowPublicKeyRetrieval=true&useSSL=false]
	Database driver: MySQL Connector/J
	Database dialect: MySQLDialect
	Database version: 8.0.46
	Default catalog/schema: aloha/undefined
	Autocommit mode: undefined/unknown
	Isolation level: REPEATABLE_READ [default REPEATABLE_READ]
	JDBC fetch size: none
	Pool: DataSourceConnectionProvider
	Minimum pool size: undefined/unknown
	Maximum pool size: undefined/unknown
2026-09-14T16:12:30.777+09:00  INFO 472 --- [mvc] [restartedMain] org.hibernate.orm.core                   : HHH000489: No JTA platform available (set 'hibernate.transaction.jta.platform' to enable JTA platform integration)
2026-09-14T16:12:30.786+09:00  INFO 472 --- [mvc] [restartedMain] j.LocalContainerEntityManagerFactoryBean : Initialized JPA EntityManagerFactory for persistence unit 'default'
2026-09-14T16:12:30.850+09:00  WARN 472 --- [mvc] [restartedMain] JpaBaseConfiguration$JpaWebConfiguration : spring.jpa.open-in-view is enabled by default. Therefore, database queries may be performed during view rendering. Explicitly configure spring.jpa.open-in-view to disable this warning
2026-09-14T16:12:30.878+09:00  WARN 472 --- [mvc] [restartedMain] .s.a.UserDetailsServiceAutoConfiguration : 

Using generated security password: d99f047f-cd8b-499e-8351-96edb8787d34

This generated password is for development use only. Your security configuration must be updated before running your application in production.

2026-09-14T16:12:30.878+09:00  INFO 472 --- [mvc] [restartedMain] r$InitializeUserDetailsManagerConfigurer : Global AuthenticationManager configured with UserDetailsService bean with name inMemoryUserDetailsManager
2026-09-14T16:12:30.923+09:00  INFO 472 --- [mvc] [restartedMain] o.s.b.w.a.WelcomePageHandlerMapping      : Adding welcome page template: index
2026-09-14T16:12:30.970+09:00  INFO 472 --- [mvc] [restartedMain] o.s.boot.tomcat.TomcatWebServer          : Tomcat started on port 8080 (http) with context path '/'
2026-09-14T16:12:30.978+09:00  INFO 472 --- [mvc] [restartedMain] com.aloha.mvc.MvcApplication             : Started MvcApplication in 0.832 seconds (process running for 961.016)
2026-09-14T16:12:30.978+09:00  INFO 472 --- [mvc] [restartedMain] .ConditionEvaluationDeltaLoggingListener : Condition evaluation unchanged
2026-09-14T16:13:38.192+09:00  INFO 472 --- [mvc] [File Watcher] rtingClassPathChangeChangedEventListener : Restarting due to 1 class path change (0 additions, 0 deletions, 1 modification)
2026-09-14T16:13:38.193+09:00  INFO 472 --- [mvc] [Thread-47] o.s.boot.tomcat.GracefulShutdown         : Commencing graceful shutdown. Waiting for active requests to complete
2026-09-14T16:13:38.276+09:00  INFO 472 --- [mvc] [tomcat-shutdown] o.s.boot.tomcat.GracefulShutdown         : Graceful shutdown complete
2026-09-14T16:13:38.277+09:00  INFO 472 --- [mvc] [Thread-47] j.LocalContainerEntityManagerFactoryBean : Closing JPA EntityManagerFactory for persistence unit 'default'
2026-09-14T16:13:38.278+09:00  INFO 472 --- [mvc] [Thread-47] com.zaxxer.hikari.HikariDataSource       : HikariPool-14 - Shutdown initiated...
2026-09-14T16:13:38.279+09:00  INFO 472 --- [mvc] [Thread-47] com.zaxxer.hikari.HikariDataSource       : HikariPool-14 - Shutdown completed.
2026-09-14T16:13:38.374+09:00  INFO 472 --- [mvc] [restartedMain] com.aloha.mvc.MvcApplication             : Starting MvcApplication using Java 17.0.12 with PID 472 (C:\ALOHA\GITHUB\AIOT7_SPRINGBOOT\mvc\bin\main started by Admin in C:\ALOHA\GITHUB\AIOT7_SPRINGBOOT)
2026-09-14T16:13:38.374+09:00  INFO 472 --- [mvc] [restartedMain] com.aloha.mvc.MvcApplication             : No active profile set, falling back to 1 default profile: "default"
2026-09-14T16:13:38.667+09:00  INFO 472 --- [mvc] [restartedMain] .s.d.r.c.RepositoryConfigurationDelegate : Bootstrapping Spring Data JPA repositories in DEFAULT mode.
2026-09-14T16:13:38.679+09:00  INFO 472 --- [mvc] [restartedMain] .s.d.r.c.RepositoryConfigurationDelegate : Finished Spring Data repository scanning in 10 ms. Found 2 JPA repository interfaces.
2026-09-14T16:13:38.780+09:00  INFO 472 --- [mvc] [restartedMain] o.s.boot.tomcat.TomcatWebServer          : Tomcat initialized with port 8080 (http)
2026-09-14T16:13:38.781+09:00  INFO 472 --- [mvc] [restartedMain] o.apache.catalina.core.StandardService   : Starting service [Tomcat]
2026-09-14T16:13:38.781+09:00  INFO 472 --- [mvc] [restartedMain] o.apache.catalina.core.StandardEngine    : Starting Servlet engine: [Apache Tomcat/11.0.24]
2026-09-14T16:13:38.807+09:00  INFO 472 --- [mvc] [restartedMain] b.w.c.s.WebApplicationContextInitializer : Root WebApplicationContext: initialization completed in 431 ms
2026-09-14T16:13:38.848+09:00  INFO 472 --- [mvc] [restartedMain] org.hibernate.orm.jpa                    : HHH008540: Processing PersistenceUnitInfo [name: default]
2026-09-14T16:13:38.913+09:00  INFO 472 --- [mvc] [restartedMain] o.s.o.j.p.SpringPersistenceUnitInfo      : No LoadTimeWeaver setup: ignoring JPA class transformer
2026-09-14T16:13:38.914+09:00  INFO 472 --- [mvc] [restartedMain] com.zaxxer.hikari.HikariDataSource       : HikariPool-15 - Starting...
2026-09-14T16:13:38.920+09:00  INFO 472 --- [mvc] [restartedMain] com.zaxxer.hikari.pool.HikariPool        : HikariPool-15 - Added connection com.mysql.cj.jdbc.ConnectionImpl@7b351191
2026-09-14T16:13:38.920+09:00  INFO 472 --- [mvc] [restartedMain] com.zaxxer.hikari.HikariDataSource       : HikariPool-15 - Start completed.
2026-09-14T16:13:38.922+09:00  INFO 472 --- [mvc] [restartedMain] org.hibernate.orm.connections.pooling    : HHH10001005: Database info:
	Database JDBC URL [jdbc:mysql://localhost:3306/aloha?serverTimezone=Asia/Seoul&allowPublicKeyRetrieval=true&useSSL=false]
	Database driver: MySQL Connector/J
	Database dialect: MySQLDialect
	Database version: 8.0.46
	Default catalog/schema: aloha/undefined
	Autocommit mode: undefined/unknown
	Isolation level: REPEATABLE_READ [default REPEATABLE_READ]
	JDBC fetch size: none
	Pool: DataSourceConnectionProvider
	Minimum pool size: undefined/unknown
	Maximum pool size: undefined/unknown
2026-09-14T16:13:39.027+09:00  INFO 472 --- [mvc] [restartedMain] org.hibernate.orm.core                   : HHH000489: No JTA platform available (set 'hibernate.transaction.jta.platform' to enable JTA platform integration)
2026-09-14T16:13:39.049+09:00  INFO 472 --- [mvc] [restartedMain] j.LocalContainerEntityManagerFactoryBean : Initialized JPA EntityManagerFactory for persistence unit 'default'
2026-09-14T16:13:39.112+09:00  WARN 472 --- [mvc] [restartedMain] JpaBaseConfiguration$JpaWebConfiguration : spring.jpa.open-in-view is enabled by default. Therefore, database queries may be performed during view rendering. Explicitly configure spring.jpa.open-in-view to disable this warning
2026-09-14T16:13:39.133+09:00  WARN 472 --- [mvc] [restartedMain] .s.a.UserDetailsServiceAutoConfiguration : 

Using generated security password: 23ba1028-7a15-446a-a868-9f31ebf34126

This generated password is for development use only. Your security configuration must be updated before running your application in production.

2026-09-14T16:13:39.136+09:00  INFO 472 --- [mvc] [restartedMain] r$InitializeUserDetailsManagerConfigurer : Global AuthenticationManager configured with UserDetailsService bean with name inMemoryUserDetailsManager
2026-09-14T16:13:39.195+09:00  INFO 472 --- [mvc] [restartedMain] o.s.b.w.a.WelcomePageHandlerMapping      : Adding welcome page template: index
2026-09-14T16:13:39.283+09:00  INFO 472 --- [mvc] [restartedMain] o.s.boot.tomcat.TomcatWebServer          : Tomcat started on port 8080 (http) with context path '/'
2026-09-14T16:13:39.287+09:00  INFO 472 --- [mvc] [restartedMain] com.aloha.mvc.MvcApplication             : Started MvcApplication in 0.938 seconds (process running for 1029.326)
2026-09-14T16:13:39.289+09:00  INFO 472 --- [mvc] [restartedMain] .ConditionEvaluationDeltaLoggingListener : Condition evaluation unchanged
2026-09-14T16:13:58.144+09:00  INFO 472 --- [mvc] [File Watcher] rtingClassPathChangeChangedEventListener : Restarting due to 1 class path change (0 additions, 0 deletions, 1 modification)
2026-09-14T16:13:58.145+09:00  INFO 472 --- [mvc] [Thread-51] o.s.boot.tomcat.GracefulShutdown         : Commencing graceful shutdown. Waiting for active requests to complete
2026-09-14T16:13:58.243+09:00  INFO 472 --- [mvc] [tomcat-shutdown] o.s.boot.tomcat.GracefulShutdown         : Graceful shutdown complete
2026-09-14T16:13:58.244+09:00  INFO 472 --- [mvc] [Thread-51] j.LocalContainerEntityManagerFactoryBean : Closing JPA EntityManagerFactory for persistence unit 'default'
2026-09-14T16:13:58.245+09:00  INFO 472 --- [mvc] [Thread-51] com.zaxxer.hikari.HikariDataSource       : HikariPool-15 - Shutdown initiated...
2026-09-14T16:13:58.246+09:00  INFO 472 --- [mvc] [Thread-51] com.zaxxer.hikari.HikariDataSource       : HikariPool-15 - Shutdown completed.
2026-09-14T16:13:58.347+09:00  INFO 472 --- [mvc] [restartedMain] com.aloha.mvc.MvcApplication             : Starting MvcApplication using Java 17.0.12 with PID 472 (C:\ALOHA\GITHUB\AIOT7_SPRINGBOOT\mvc\bin\main started by Admin in C:\ALOHA\GITHUB\AIOT7_SPRINGBOOT)
2026-09-14T16:13:58.348+09:00  INFO 472 --- [mvc] [restartedMain] com.aloha.mvc.MvcApplication             : No active profile set, falling back to 1 default profile: "default"
2026-09-14T16:13:58.599+09:00  INFO 472 --- [mvc] [restartedMain] .s.d.r.c.RepositoryConfigurationDelegate : Bootstrapping Spring Data JPA repositories in DEFAULT mode.
2026-09-14T16:13:58.615+09:00  INFO 472 --- [mvc] [restartedMain] .s.d.r.c.RepositoryConfigurationDelegate : Finished Spring Data repository scanning in 14 ms. Found 2 JPA repository interfaces.
2026-09-14T16:13:58.715+09:00  INFO 472 --- [mvc] [restartedMain] o.s.boot.tomcat.TomcatWebServer          : Tomcat initialized with port 8080 (http)
2026-09-14T16:13:58.717+09:00  INFO 472 --- [mvc] [restartedMain] o.apache.catalina.core.StandardService   : Starting service [Tomcat]
2026-09-14T16:13:58.717+09:00  INFO 472 --- [mvc] [restartedMain] o.apache.catalina.core.StandardEngine    : Starting Servlet engine: [Apache Tomcat/11.0.24]
2026-09-14T16:13:58.739+09:00  INFO 472 --- [mvc] [restartedMain] b.w.c.s.WebApplicationContextInitializer : Root WebApplicationContext: initialization completed in 389 ms
2026-09-14T16:13:58.793+09:00  INFO 472 --- [mvc] [restartedMain] org.hibernate.orm.jpa                    : HHH008540: Processing PersistenceUnitInfo [name: default]
2026-09-14T16:13:58.923+09:00  INFO 472 --- [mvc] [restartedMain] o.s.o.j.p.SpringPersistenceUnitInfo      : No LoadTimeWeaver setup: ignoring JPA class transformer
2026-09-14T16:13:58.928+09:00  INFO 472 --- [mvc] [restartedMain] com.zaxxer.hikari.HikariDataSource       : HikariPool-16 - Starting...
2026-09-14T16:13:58.931+09:00  INFO 472 --- [mvc] [restartedMain] com.zaxxer.hikari.pool.HikariPool        : HikariPool-16 - Added connection com.mysql.cj.jdbc.ConnectionImpl@3a7e7478
2026-09-14T16:13:58.931+09:00  INFO 472 --- [mvc] [restartedMain] com.zaxxer.hikari.HikariDataSource       : HikariPool-16 - Start completed.
2026-09-14T16:13:58.932+09:00  INFO 472 --- [mvc] [restartedMain] org.hibernate.orm.connections.pooling    : HHH10001005: Database info:
	Database JDBC URL [jdbc:mysql://localhost:3306/aloha?serverTimezone=Asia/Seoul&allowPublicKeyRetrieval=true&useSSL=false]
	Database driver: MySQL Connector/J
	Database dialect: MySQLDialect
	Database version: 8.0.46
	Default catalog/schema: aloha/undefined
	Autocommit mode: undefined/unknown
	Isolation level: REPEATABLE_READ [default REPEATABLE_READ]
	JDBC fetch size: none
	Pool: DataSourceConnectionProvider
	Minimum pool size: undefined/unknown
	Maximum pool size: undefined/unknown
2026-09-14T16:13:58.997+09:00  INFO 472 --- [mvc] [restartedMain] org.hibernate.orm.core                   : HHH000489: No JTA platform available (set 'hibernate.transaction.jta.platform' to enable JTA platform integration)
2026-09-14T16:13:59.006+09:00  INFO 472 --- [mvc] [restartedMain] j.LocalContainerEntityManagerFactoryBean : Initialized JPA EntityManagerFactory for persistence unit 'default'
2026-09-14T16:13:59.066+09:00  WARN 472 --- [mvc] [restartedMain] JpaBaseConfiguration$JpaWebConfiguration : spring.jpa.open-in-view is enabled by default. Therefore, database queries may be performed during view rendering. Explicitly configure spring.jpa.open-in-view to disable this warning
2026-09-14T16:13:59.091+09:00  WARN 472 --- [mvc] [restartedMain] .s.a.UserDetailsServiceAutoConfiguration : 

Using generated security password: 3238f3f8-06b4-4bd3-b67d-a4a77d9c3290

This generated password is for development use only. Your security configuration must be updated before running your application in production.

2026-09-14T16:13:59.095+09:00  INFO 472 --- [mvc] [restartedMain] r$InitializeUserDetailsManagerConfigurer : Global AuthenticationManager configured with UserDetailsService bean with name inMemoryUserDetailsManager
2026-09-14T16:13:59.166+09:00  INFO 472 --- [mvc] [restartedMain] o.s.b.w.a.WelcomePageHandlerMapping      : Adding welcome page template: index
2026-09-14T16:13:59.297+09:00  INFO 472 --- [mvc] [restartedMain] o.s.boot.tomcat.TomcatWebServer          : Tomcat started on port 8080 (http) with context path '/'
2026-09-14T16:13:59.308+09:00  INFO 472 --- [mvc] [restartedMain] com.aloha.mvc.MvcApplication             : Started MvcApplication in 0.99 seconds (process running for 1049.347)
2026-09-14T16:13:59.309+09:00  INFO 472 --- [mvc] [restartedMain] .ConditionEvaluationDeltaLoggingListener : Condition evaluation unchanged
2026-09-14T16:14:02.838+09:00  INFO 472 --- [mvc] [File Watcher] rtingClassPathChangeChangedEventListener : Restarting due to 1 class path change (0 additions, 0 deletions, 1 modification)
2026-09-14T16:14:02.847+09:00  INFO 472 --- [mvc] [Thread-55] o.s.boot.tomcat.GracefulShutdown         : Commencing graceful shutdown. Waiting for active requests to complete
2026-09-14T16:14:03.241+09:00  INFO 472 --- [mvc] [tomcat-shutdown] o.s.boot.tomcat.GracefulShutdown         : Graceful shutdown complete
2026-09-14T16:14:03.244+09:00  INFO 472 --- [mvc] [Thread-55] j.LocalContainerEntityManagerFactoryBean : Closing JPA EntityManagerFactory for persistence unit 'default'
2026-09-14T16:14:03.245+09:00  INFO 472 --- [mvc] [Thread-55] com.zaxxer.hikari.HikariDataSource       : HikariPool-16 - Shutdown initiated...
2026-09-14T16:14:03.247+09:00  INFO 472 --- [mvc] [Thread-55] com.zaxxer.hikari.HikariDataSource       : HikariPool-16 - Shutdown completed.
2026-09-14T16:14:03.452+09:00  INFO 472 --- [mvc] [restartedMain] com.aloha.mvc.MvcApplication             : Starting MvcApplication using Java 17.0.12 with PID 472 (C:\ALOHA\GITHUB\AIOT7_SPRINGBOOT\mvc\bin\main started by Admin in C:\ALOHA\GITHUB\AIOT7_SPRINGBOOT)
2026-09-14T16:14:03.455+09:00  INFO 472 --- [mvc] [restartedMain] com.aloha.mvc.MvcApplication             : No active profile set, falling back to 1 default profile: "default"
2026-09-14T16:14:03.810+09:00  INFO 472 --- [mvc] [restartedMain] .s.d.r.c.RepositoryConfigurationDelegate : Bootstrapping Spring Data JPA repositories in DEFAULT mode.
2026-09-14T16:14:03.832+09:00  INFO 472 --- [mvc] [restartedMain] .s.d.r.c.RepositoryConfigurationDelegate : Finished Spring Data repository scanning in 20 ms. Found 2 JPA repository interfaces.
2026-09-14T16:14:03.946+09:00  INFO 472 --- [mvc] [restartedMain] o.s.boot.tomcat.TomcatWebServer          : Tomcat initialized with port 8080 (http)
2026-09-14T16:14:03.947+09:00  INFO 472 --- [mvc] [restartedMain] o.apache.catalina.core.StandardService   : Starting service [Tomcat]
2026-09-14T16:14:03.947+09:00  INFO 472 --- [mvc] [restartedMain] o.apache.catalina.core.StandardEngine    : Starting Servlet engine: [Apache Tomcat/11.0.24]
2026-09-14T16:14:03.965+09:00  INFO 472 --- [mvc] [restartedMain] b.w.c.s.WebApplicationContextInitializer : Root WebApplicationContext: initialization completed in 506 ms
2026-09-14T16:14:04.016+09:00  INFO 472 --- [mvc] [restartedMain] org.hibernate.orm.jpa                    : HHH008540: Processing PersistenceUnitInfo [name: default]
2026-09-14T16:14:04.137+09:00  INFO 472 --- [mvc] [restartedMain] o.s.o.j.p.SpringPersistenceUnitInfo      : No LoadTimeWeaver setup: ignoring JPA class transformer
2026-09-14T16:14:04.260+09:00  INFO 472 --- [mvc] [restartedMain] com.zaxxer.hikari.HikariDataSource       : HikariPool-17 - Starting...
2026-09-14T16:14:04.288+09:00  INFO 472 --- [mvc] [restartedMain] com.zaxxer.hikari.pool.HikariPool        : HikariPool-17 - Added connection com.mysql.cj.jdbc.ConnectionImpl@717a695
2026-09-14T16:14:04.289+09:00  INFO 472 --- [mvc] [restartedMain] com.zaxxer.hikari.HikariDataSource       : HikariPool-17 - Start completed.
2026-09-14T16:14:04.291+09:00  INFO 472 --- [mvc] [restartedMain] org.hibernate.orm.connections.pooling    : HHH10001005: Database info:
	Database JDBC URL [jdbc:mysql://localhost:3306/aloha?serverTimezone=Asia/Seoul&allowPublicKeyRetrieval=true&useSSL=false]
	Database driver: MySQL Connector/J
	Database dialect: MySQLDialect
	Database version: 8.0.46
	Default catalog/schema: aloha/undefined
	Autocommit mode: undefined/unknown
	Isolation level: REPEATABLE_READ [default REPEATABLE_READ]
	JDBC fetch size: none
	Pool: DataSourceConnectionProvider
	Minimum pool size: undefined/unknown
	Maximum pool size: undefined/unknown
2026-09-14T16:14:04.763+09:00  INFO 472 --- [mvc] [restartedMain] org.hibernate.orm.core                   : HHH000489: No JTA platform available (set 'hibernate.transaction.jta.platform' to enable JTA platform integration)
2026-09-14T16:14:04.798+09:00  INFO 472 --- [mvc] [restartedMain] j.LocalContainerEntityManagerFactoryBean : Initialized JPA EntityManagerFactory for persistence unit 'default'
2026-09-14T16:14:04.911+09:00  WARN 472 --- [mvc] [restartedMain] JpaBaseConfiguration$JpaWebConfiguration : spring.jpa.open-in-view is enabled by default. Therefore, database queries may be performed during view rendering. Explicitly configure spring.jpa.open-in-view to disable this warning
2026-09-14T16:14:04.950+09:00  WARN 472 --- [mvc] [restartedMain] .s.a.UserDetailsServiceAutoConfiguration : 

Using generated security password: fdfc8d00-16d3-4042-a469-e5ff37e31799

This generated password is for development use only. Your security configuration must be updated before running your application in production.

2026-09-14T16:14:04.964+09:00  INFO 472 --- [mvc] [restartedMain] r$InitializeUserDetailsManagerConfigurer : Global AuthenticationManager configured with UserDetailsService bean with name inMemoryUserDetailsManager
2026-09-14T16:14:05.065+09:00  INFO 472 --- [mvc] [restartedMain] o.s.b.w.a.WelcomePageHandlerMapping      : Adding welcome page template: index
2026-09-14T16:14:05.206+09:00  INFO 472 --- [mvc] [restartedMain] o.s.boot.tomcat.TomcatWebServer          : Tomcat started on port 8080 (http) with context path '/'
2026-09-14T16:14:05.210+09:00  INFO 472 --- [mvc] [restartedMain] com.aloha.mvc.MvcApplication             : Started MvcApplication in 1.844 seconds (process running for 1055.248)
2026-09-14T16:14:05.212+09:00  INFO 472 --- [mvc] [restartedMain] .ConditionEvaluationDeltaLoggingListener : Condition evaluation unchanged
2026-09-14T16:14:06.638+09:00  INFO 472 --- [mvc] [File Watcher] rtingClassPathChangeChangedEventListener : Restarting due to 1 class path change (0 additions, 0 deletions, 1 modification)
2026-09-14T16:14:06.639+09:00  INFO 472 --- [mvc] [Thread-59] o.s.boot.tomcat.GracefulShutdown         : Commencing graceful shutdown. Waiting for active requests to complete
2026-09-14T16:14:06.727+09:00  INFO 472 --- [mvc] [tomcat-shutdown] o.s.boot.tomcat.GracefulShutdown         : Graceful shutdown complete
2026-09-14T16:14:06.728+09:00  INFO 472 --- [mvc] [Thread-59] j.LocalContainerEntityManagerFactoryBean : Closing JPA EntityManagerFactory for persistence unit 'default'
2026-09-14T16:14:06.728+09:00  INFO 472 --- [mvc] [Thread-59] com.zaxxer.hikari.HikariDataSource       : HikariPool-17 - Shutdown initiated...
2026-09-14T16:14:06.730+09:00  INFO 472 --- [mvc] [Thread-59] com.zaxxer.hikari.HikariDataSource       : HikariPool-17 - Shutdown completed.
2026-09-14T16:14:06.841+09:00  INFO 472 --- [mvc] [restartedMain] com.aloha.mvc.MvcApplication             : Starting MvcApplication using Java 17.0.12 with PID 472 (C:\ALOHA\GITHUB\AIOT7_SPRINGBOOT\mvc\bin\main started by Admin in C:\ALOHA\GITHUB\AIOT7_SPRINGBOOT)
2026-09-14T16:14:06.844+09:00  INFO 472 --- [mvc] [restartedMain] com.aloha.mvc.MvcApplication             : No active profile set, falling back to 1 default profile: "default"
2026-09-14T16:14:07.027+09:00  INFO 472 --- [mvc] [restartedMain] .s.d.r.c.RepositoryConfigurationDelegate : Bootstrapping Spring Data JPA repositories in DEFAULT mode.
2026-09-14T16:14:07.038+09:00  INFO 472 --- [mvc] [restartedMain] .s.d.r.c.RepositoryConfigurationDelegate : Finished Spring Data repository scanning in 10 ms. Found 2 JPA repository interfaces.
2026-09-14T16:14:07.109+09:00  INFO 472 --- [mvc] [restartedMain] o.s.boot.tomcat.TomcatWebServer          : Tomcat initialized with port 8080 (http)
2026-09-14T16:14:07.109+09:00  INFO 472 --- [mvc] [restartedMain] o.apache.catalina.core.StandardService   : Starting service [Tomcat]
2026-09-14T16:14:07.109+09:00  INFO 472 --- [mvc] [restartedMain] o.apache.catalina.core.StandardEngine    : Starting Servlet engine: [Apache Tomcat/11.0.24]
2026-09-14T16:14:07.128+09:00  INFO 472 --- [mvc] [restartedMain] b.w.c.s.WebApplicationContextInitializer : Root WebApplicationContext: initialization completed in 280 ms
2026-09-14T16:14:07.158+09:00  INFO 472 --- [mvc] [restartedMain] org.hibernate.orm.jpa                    : HHH008540: Processing PersistenceUnitInfo [name: default]
2026-09-14T16:14:07.207+09:00  INFO 472 --- [mvc] [restartedMain] o.s.o.j.p.SpringPersistenceUnitInfo      : No LoadTimeWeaver setup: ignoring JPA class transformer
2026-09-14T16:14:07.208+09:00  INFO 472 --- [mvc] [restartedMain] com.zaxxer.hikari.HikariDataSource       : HikariPool-18 - Starting...
2026-09-14T16:14:07.211+09:00  INFO 472 --- [mvc] [restartedMain] com.zaxxer.hikari.pool.HikariPool        : HikariPool-18 - Added connection com.mysql.cj.jdbc.ConnectionImpl@6066a4e5
2026-09-14T16:14:07.211+09:00  INFO 472 --- [mvc] [restartedMain] com.zaxxer.hikari.HikariDataSource       : HikariPool-18 - Start completed.
2026-09-14T16:14:07.212+09:00  INFO 472 --- [mvc] [restartedMain] org.hibernate.orm.connections.pooling    : HHH10001005: Database info:
	Database JDBC URL [jdbc:mysql://localhost:3306/aloha?serverTimezone=Asia/Seoul&allowPublicKeyRetrieval=true&useSSL=false]
	Database driver: MySQL Connector/J
	Database dialect: MySQLDialect
	Database version: 8.0.46
	Default catalog/schema: aloha/undefined
	Autocommit mode: undefined/unknown
	Isolation level: REPEATABLE_READ [default REPEATABLE_READ]
	JDBC fetch size: none
	Pool: DataSourceConnectionProvider
	Minimum pool size: undefined/unknown
	Maximum pool size: undefined/unknown
2026-09-14T16:14:07.275+09:00  INFO 472 --- [mvc] [restartedMain] org.hibernate.orm.core                   : HHH000489: No JTA platform available (set 'hibernate.transaction.jta.platform' to enable JTA platform integration)
2026-09-14T16:14:07.282+09:00  INFO 472 --- [mvc] [restartedMain] j.LocalContainerEntityManagerFactoryBean : Initialized JPA EntityManagerFactory for persistence unit 'default'
2026-09-14T16:14:07.338+09:00  WARN 472 --- [mvc] [restartedMain] JpaBaseConfiguration$JpaWebConfiguration : spring.jpa.open-in-view is enabled by default. Therefore, database queries may be performed during view rendering. Explicitly configure spring.jpa.open-in-view to disable this warning
2026-09-14T16:14:07.358+09:00  WARN 472 --- [mvc] [restartedMain] .s.a.UserDetailsServiceAutoConfiguration : 

Using generated security password: eaae83ab-073a-4f76-a2d9-d870e316f3b6

This generated password is for development use only. Your security configuration must be updated before running your application in production.

2026-09-14T16:14:07.359+09:00  INFO 472 --- [mvc] [restartedMain] r$InitializeUserDetailsManagerConfigurer : Global AuthenticationManager configured with UserDetailsService bean with name inMemoryUserDetailsManager
2026-09-14T16:14:07.403+09:00  INFO 472 --- [mvc] [restartedMain] o.s.b.w.a.WelcomePageHandlerMapping      : Adding welcome page template: index
2026-09-14T16:14:07.465+09:00  INFO 472 --- [mvc] [restartedMain] o.s.boot.tomcat.TomcatWebServer          : Tomcat started on port 8080 (http) with context path '/'
2026-09-14T16:14:07.475+09:00  INFO 472 --- [mvc] [restartedMain] com.aloha.mvc.MvcApplication             : Started MvcApplication in 0.667 seconds (process running for 1057.513)
2026-09-14T16:14:07.478+09:00  INFO 472 --- [mvc] [restartedMain] .ConditionEvaluationDeltaLoggingListener : Condition evaluation unchanged
2026-09-14T16:14:16.035+09:00  INFO 472 --- [mvc] [File Watcher] rtingClassPathChangeChangedEventListener : Restarting due to 1 class path change (0 additions, 0 deletions, 1 modification)
2026-09-14T16:14:16.041+09:00  INFO 472 --- [mvc] [Thread-63] o.s.boot.tomcat.GracefulShutdown         : Commencing graceful shutdown. Waiting for active requests to complete
2026-09-14T16:14:16.129+09:00  INFO 472 --- [mvc] [tomcat-shutdown] o.s.boot.tomcat.GracefulShutdown         : Graceful shutdown complete
2026-09-14T16:14:16.131+09:00  INFO 472 --- [mvc] [Thread-63] j.LocalContainerEntityManagerFactoryBean : Closing JPA EntityManagerFactory for persistence unit 'default'
2026-09-14T16:14:16.131+09:00  INFO 472 --- [mvc] [Thread-63] com.zaxxer.hikari.HikariDataSource       : HikariPool-18 - Shutdown initiated...
2026-09-14T16:14:16.132+09:00  INFO 472 --- [mvc] [Thread-63] com.zaxxer.hikari.HikariDataSource       : HikariPool-18 - Shutdown completed.
2026-09-14T16:14:16.245+09:00  INFO 472 --- [mvc] [restartedMain] com.aloha.mvc.MvcApplication             : Starting MvcApplication using Java 17.0.12 with PID 472 (C:\ALOHA\GITHUB\AIOT7_SPRINGBOOT\mvc\bin\main started by Admin in C:\ALOHA\GITHUB\AIOT7_SPRINGBOOT)
2026-09-14T16:14:16.248+09:00  INFO 472 --- [mvc] [restartedMain] com.aloha.mvc.MvcApplication             : No active profile set, falling back to 1 default profile: "default"
2026-09-14T16:14:16.738+09:00  INFO 472 --- [mvc] [restartedMain] .s.d.r.c.RepositoryConfigurationDelegate : Bootstrapping Spring Data JPA repositories in DEFAULT mode.
2026-09-14T16:14:16.756+09:00  INFO 472 --- [mvc] [restartedMain] .s.d.r.c.RepositoryConfigurationDelegate : Finished Spring Data repository scanning in 17 ms. Found 2 JPA repository interfaces.
2026-09-14T16:14:16.907+09:00  INFO 472 --- [mvc] [restartedMain] o.s.boot.tomcat.TomcatWebServer          : Tomcat initialized with port 8080 (http)
2026-09-14T16:14:16.908+09:00  INFO 472 --- [mvc] [restartedMain] o.apache.catalina.core.StandardService   : Starting service [Tomcat]
2026-09-14T16:14:16.908+09:00  INFO 472 --- [mvc] [restartedMain] o.apache.catalina.core.StandardEngine    : Starting Servlet engine: [Apache Tomcat/11.0.24]
2026-09-14T16:14:16.964+09:00  INFO 472 --- [mvc] [restartedMain] b.w.c.s.WebApplicationContextInitializer : Root WebApplicationContext: initialization completed in 714 ms
2026-09-14T16:14:17.005+09:00  INFO 472 --- [mvc] [restartedMain] org.hibernate.orm.jpa                    : HHH008540: Processing PersistenceUnitInfo [name: default]
2026-09-14T16:14:17.080+09:00  INFO 472 --- [mvc] [restartedMain] o.s.o.j.p.SpringPersistenceUnitInfo      : No LoadTimeWeaver setup: ignoring JPA class transformer
2026-09-14T16:14:17.082+09:00  INFO 472 --- [mvc] [restartedMain] com.zaxxer.hikari.HikariDataSource       : HikariPool-19 - Starting...
2026-09-14T16:14:17.085+09:00  INFO 472 --- [mvc] [restartedMain] com.zaxxer.hikari.pool.HikariPool        : HikariPool-19 - Added connection com.mysql.cj.jdbc.ConnectionImpl@6e864448
2026-09-14T16:14:17.086+09:00  INFO 472 --- [mvc] [restartedMain] com.zaxxer.hikari.HikariDataSource       : HikariPool-19 - Start completed.
2026-09-14T16:14:17.088+09:00  INFO 472 --- [mvc] [restartedMain] org.hibernate.orm.connections.pooling    : HHH10001005: Database info:
	Database JDBC URL [jdbc:mysql://localhost:3306/aloha?serverTimezone=Asia/Seoul&allowPublicKeyRetrieval=true&useSSL=false]
	Database driver: MySQL Connector/J
	Database dialect: MySQLDialect
	Database version: 8.0.46
	Default catalog/schema: aloha/undefined
	Autocommit mode: undefined/unknown
	Isolation level: REPEATABLE_READ [default REPEATABLE_READ]
	JDBC fetch size: none
	Pool: DataSourceConnectionProvider
	Minimum pool size: undefined/unknown
	Maximum pool size: undefined/unknown
2026-09-14T16:14:17.198+09:00  INFO 472 --- [mvc] [restartedMain] org.hibernate.orm.core                   : HHH000489: No JTA platform available (set 'hibernate.transaction.jta.platform' to enable JTA platform integration)
2026-09-14T16:14:17.210+09:00  INFO 472 --- [mvc] [restartedMain] j.LocalContainerEntityManagerFactoryBean : Initialized JPA EntityManagerFactory for persistence unit 'default'
2026-09-14T16:14:17.275+09:00  WARN 472 --- [mvc] [restartedMain] JpaBaseConfiguration$JpaWebConfiguration : spring.jpa.open-in-view is enabled by default. Therefore, database queries may be performed during view rendering. Explicitly configure spring.jpa.open-in-view to disable this warning
2026-09-14T16:14:17.302+09:00  WARN 472 --- [mvc] [restartedMain] .s.a.UserDetailsServiceAutoConfiguration : 

Using generated security password: a4923079-6b07-4b0a-baef-d89d50220406

This generated password is for development use only. Your security configuration must be updated before running your application in production.

2026-09-14T16:14:17.305+09:00  INFO 472 --- [mvc] [restartedMain] r$InitializeUserDetailsManagerConfigurer : Global AuthenticationManager configured with UserDetailsService bean with name inMemoryUserDetailsManager
2026-09-14T16:14:17.346+09:00  INFO 472 --- [mvc] [restartedMain] o.s.b.w.a.WelcomePageHandlerMapping      : Adding welcome page template: index
2026-09-14T16:14:17.458+09:00  INFO 472 --- [mvc] [restartedMain] o.s.boot.tomcat.TomcatWebServer          : Tomcat started on port 8080 (http) with context path '/'
2026-09-14T16:14:17.466+09:00  INFO 472 --- [mvc] [restartedMain] com.aloha.mvc.MvcApplication             : Started MvcApplication in 1.263 seconds (process running for 1067.504)
2026-09-14T16:14:17.468+09:00  INFO 472 --- [mvc] [restartedMain] .ConditionEvaluationDeltaLoggingListener : Condition evaluation unchanged
2026-09-14T16:14:22.090+09:00  INFO 472 --- [mvc] [File Watcher] rtingClassPathChangeChangedEventListener : Restarting due to 1 class path change (0 additions, 0 deletions, 1 modification)
2026-09-14T16:14:22.134+09:00  INFO 472 --- [mvc] [Thread-67] o.s.boot.tomcat.GracefulShutdown         : Commencing graceful shutdown. Waiting for active requests to complete
2026-09-14T16:14:22.437+09:00  INFO 472 --- [mvc] [tomcat-shutdown] o.s.boot.tomcat.GracefulShutdown         : Graceful shutdown complete
2026-09-14T16:14:22.438+09:00  INFO 472 --- [mvc] [Thread-67] j.LocalContainerEntityManagerFactoryBean : Closing JPA EntityManagerFactory for persistence unit 'default'
2026-09-14T16:14:22.438+09:00  INFO 472 --- [mvc] [Thread-67] com.zaxxer.hikari.HikariDataSource       : HikariPool-19 - Shutdown initiated...
2026-09-14T16:14:22.439+09:00  INFO 472 --- [mvc] [Thread-67] com.zaxxer.hikari.HikariDataSource       : HikariPool-19 - Shutdown completed.
2026-09-14T16:14:22.533+09:00  INFO 472 --- [mvc] [restartedMain] com.aloha.mvc.MvcApplication             : Starting MvcApplication using Java 17.0.12 with PID 472 (C:\ALOHA\GITHUB\AIOT7_SPRINGBOOT\mvc\bin\main started by Admin in C:\ALOHA\GITHUB\AIOT7_SPRINGBOOT)
2026-09-14T16:14:22.534+09:00  INFO 472 --- [mvc] [restartedMain] com.aloha.mvc.MvcApplication             : No active profile set, falling back to 1 default profile: "default"
2026-09-14T16:14:22.803+09:00  INFO 472 --- [mvc] [restartedMain] .s.d.r.c.RepositoryConfigurationDelegate : Bootstrapping Spring Data JPA repositories in DEFAULT mode.
2026-09-14T16:14:22.833+09:00  INFO 472 --- [mvc] [restartedMain] .s.d.r.c.RepositoryConfigurationDelegate : Finished Spring Data repository scanning in 27 ms. Found 2 JPA repository interfaces.
2026-09-14T16:14:23.312+09:00  INFO 472 --- [mvc] [restartedMain] o.s.boot.tomcat.TomcatWebServer          : Tomcat initialized with port 8080 (http)
2026-09-14T16:14:23.325+09:00  INFO 472 --- [mvc] [restartedMain] o.apache.catalina.core.StandardService   : Starting service [Tomcat]
2026-09-14T16:14:23.334+09:00  INFO 472 --- [mvc] [restartedMain] o.apache.catalina.core.StandardEngine    : Starting Servlet engine: [Apache Tomcat/11.0.24]
2026-09-14T16:14:23.417+09:00  INFO 472 --- [mvc] [restartedMain] b.w.c.s.WebApplicationContextInitializer : Root WebApplicationContext: initialization completed in 880 ms
2026-09-14T16:14:23.571+09:00  INFO 472 --- [mvc] [restartedMain] org.hibernate.orm.jpa                    : HHH008540: Processing PersistenceUnitInfo [name: default]
2026-09-14T16:14:23.665+09:00  INFO 472 --- [mvc] [restartedMain] o.s.o.j.p.SpringPersistenceUnitInfo      : No LoadTimeWeaver setup: ignoring JPA class transformer
2026-09-14T16:14:23.667+09:00  INFO 472 --- [mvc] [restartedMain] com.zaxxer.hikari.HikariDataSource       : HikariPool-20 - Starting...
2026-09-14T16:14:23.671+09:00  INFO 472 --- [mvc] [restartedMain] com.zaxxer.hikari.pool.HikariPool        : HikariPool-20 - Added connection com.mysql.cj.jdbc.ConnectionImpl@2a236b98
2026-09-14T16:14:23.671+09:00  INFO 472 --- [mvc] [restartedMain] com.zaxxer.hikari.HikariDataSource       : HikariPool-20 - Start completed.
2026-09-14T16:14:23.673+09:00  INFO 472 --- [mvc] [restartedMain] org.hibernate.orm.connections.pooling    : HHH10001005: Database info:
	Database JDBC URL [jdbc:mysql://localhost:3306/aloha?serverTimezone=Asia/Seoul&allowPublicKeyRetrieval=true&useSSL=false]
	Database driver: MySQL Connector/J
	Database dialect: MySQLDialect
	Database version: 8.0.46
	Default catalog/schema: aloha/undefined
	Autocommit mode: undefined/unknown
	Isolation level: REPEATABLE_READ [default REPEATABLE_READ]
	JDBC fetch size: none
	Pool: DataSourceConnectionProvider
	Minimum pool size: undefined/unknown
	Maximum pool size: undefined/unknown
2026-09-14T16:14:23.749+09:00  INFO 472 --- [mvc] [restartedMain] org.hibernate.orm.core                   : HHH000489: No JTA platform available (set 'hibernate.transaction.jta.platform' to enable JTA platform integration)
2026-09-14T16:14:23.762+09:00  INFO 472 --- [mvc] [restartedMain] j.LocalContainerEntityManagerFactoryBean : Initialized JPA EntityManagerFactory for persistence unit 'default'
2026-09-14T16:14:23.815+09:00  WARN 472 --- [mvc] [restartedMain] JpaBaseConfiguration$JpaWebConfiguration : spring.jpa.open-in-view is enabled by default. Therefore, database queries may be performed during view rendering. Explicitly configure spring.jpa.open-in-view to disable this warning
2026-09-14T16:14:23.880+09:00  WARN 472 --- [mvc] [restartedMain] .s.a.UserDetailsServiceAutoConfiguration : 

Using generated security password: b2bfa638-b0cd-4eaa-807c-e562228975fb

This generated password is for development use only. Your security configuration must be updated before running your application in production.

2026-09-14T16:14:23.881+09:00  INFO 472 --- [mvc] [restartedMain] r$InitializeUserDetailsManagerConfigurer : Global AuthenticationManager configured with UserDetailsService bean with name inMemoryUserDetailsManager
2026-09-14T16:14:23.934+09:00  INFO 472 --- [mvc] [restartedMain] o.s.b.w.a.WelcomePageHandlerMapping      : Adding welcome page template: index
2026-09-14T16:14:24.007+09:00  INFO 472 --- [mvc] [restartedMain] o.s.boot.tomcat.TomcatWebServer          : Tomcat started on port 8080 (http) with context path '/'
2026-09-14T16:14:24.010+09:00  INFO 472 --- [mvc] [restartedMain] com.aloha.mvc.MvcApplication             : Started MvcApplication in 1.498 seconds (process running for 1074.048)
2026-09-14T16:14:24.011+09:00  INFO 472 --- [mvc] [restartedMain] .ConditionEvaluationDeltaLoggingListener : Condition evaluation unchanged
2026-09-14T16:14:35.735+09:00  INFO 472 --- [mvc] [File Watcher] rtingClassPathChangeChangedEventListener : Restarting due to 1 class path change (0 additions, 0 deletions, 1 modification)
2026-09-14T16:14:35.738+09:00  INFO 472 --- [mvc] [Thread-71] o.s.boot.tomcat.GracefulShutdown         : Commencing graceful shutdown. Waiting for active requests to complete
2026-09-14T16:14:35.817+09:00  INFO 472 --- [mvc] [tomcat-shutdown] o.s.boot.tomcat.GracefulShutdown         : Graceful shutdown complete
2026-09-14T16:14:35.819+09:00  INFO 472 --- [mvc] [Thread-71] j.LocalContainerEntityManagerFactoryBean : Closing JPA EntityManagerFactory for persistence unit 'default'
2026-09-14T16:14:35.820+09:00  INFO 472 --- [mvc] [Thread-71] com.zaxxer.hikari.HikariDataSource       : HikariPool-20 - Shutdown initiated...
2026-09-14T16:14:35.821+09:00  INFO 472 --- [mvc] [Thread-71] com.zaxxer.hikari.HikariDataSource       : HikariPool-20 - Shutdown completed.
2026-09-14T16:14:35.921+09:00  INFO 472 --- [mvc] [restartedMain] com.aloha.mvc.MvcApplication             : Starting MvcApplication using Java 17.0.12 with PID 472 (C:\ALOHA\GITHUB\AIOT7_SPRINGBOOT\mvc\bin\main started by Admin in C:\ALOHA\GITHUB\AIOT7_SPRINGBOOT)
2026-09-14T16:14:35.922+09:00  INFO 472 --- [mvc] [restartedMain] com.aloha.mvc.MvcApplication             : No active profile set, falling back to 1 default profile: "default"
2026-09-14T16:14:36.127+09:00  INFO 472 --- [mvc] [restartedMain] .s.d.r.c.RepositoryConfigurationDelegate : Bootstrapping Spring Data JPA repositories in DEFAULT mode.
2026-09-14T16:14:36.140+09:00  INFO 472 --- [mvc] [restartedMain] .s.d.r.c.RepositoryConfigurationDelegate : Finished Spring Data repository scanning in 12 ms. Found 2 JPA repository interfaces.
2026-09-14T16:14:36.242+09:00  INFO 472 --- [mvc] [restartedMain] o.s.boot.tomcat.TomcatWebServer          : Tomcat initialized with port 8080 (http)
2026-09-14T16:14:36.243+09:00  INFO 472 --- [mvc] [restartedMain] o.apache.catalina.core.StandardService   : Starting service [Tomcat]
2026-09-14T16:14:36.243+09:00  INFO 472 --- [mvc] [restartedMain] o.apache.catalina.core.StandardEngine    : Starting Servlet engine: [Apache Tomcat/11.0.24]
2026-09-14T16:14:36.297+09:00  INFO 472 --- [mvc] [restartedMain] b.w.c.s.WebApplicationContextInitializer : Root WebApplicationContext: initialization completed in 373 ms
2026-09-14T16:14:36.358+09:00  INFO 472 --- [mvc] [restartedMain] org.hibernate.orm.jpa                    : HHH008540: Processing PersistenceUnitInfo [name: default]
2026-09-14T16:14:36.645+09:00  INFO 472 --- [mvc] [restartedMain] o.s.o.j.p.SpringPersistenceUnitInfo      : No LoadTimeWeaver setup: ignoring JPA class transformer
2026-09-14T16:14:36.647+09:00  INFO 472 --- [mvc] [restartedMain] com.zaxxer.hikari.HikariDataSource       : HikariPool-21 - Starting...
2026-09-14T16:14:36.651+09:00  INFO 472 --- [mvc] [restartedMain] com.zaxxer.hikari.pool.HikariPool        : HikariPool-21 - Added connection com.mysql.cj.jdbc.ConnectionImpl@5c6b98b
2026-09-14T16:14:36.652+09:00  INFO 472 --- [mvc] [restartedMain] com.zaxxer.hikari.HikariDataSource       : HikariPool-21 - Start completed.
2026-09-14T16:14:36.654+09:00  INFO 472 --- [mvc] [restartedMain] org.hibernate.orm.connections.pooling    : HHH10001005: Database info:
	Database JDBC URL [jdbc:mysql://localhost:3306/aloha?serverTimezone=Asia/Seoul&allowPublicKeyRetrieval=true&useSSL=false]
	Database driver: MySQL Connector/J
	Database dialect: MySQLDialect
	Database version: 8.0.46
	Default catalog/schema: aloha/undefined
	Autocommit mode: undefined/unknown
	Isolation level: REPEATABLE_READ [default REPEATABLE_READ]
	JDBC fetch size: none
	Pool: DataSourceConnectionProvider
	Minimum pool size: undefined/unknown
	Maximum pool size: undefined/unknown
2026-09-14T16:14:36.723+09:00  INFO 472 --- [mvc] [restartedMain] org.hibernate.orm.core                   : HHH000489: No JTA platform available (set 'hibernate.transaction.jta.platform' to enable JTA platform integration)
2026-09-14T16:14:36.737+09:00  INFO 472 --- [mvc] [restartedMain] j.LocalContainerEntityManagerFactoryBean : Initialized JPA EntityManagerFactory for persistence unit 'default'
2026-09-14T16:14:36.797+09:00  WARN 472 --- [mvc] [restartedMain] JpaBaseConfiguration$JpaWebConfiguration : spring.jpa.open-in-view is enabled by default. Therefore, database queries may be performed during view rendering. Explicitly configure spring.jpa.open-in-view to disable this warning
2026-09-14T16:14:36.825+09:00  WARN 472 --- [mvc] [restartedMain] .s.a.UserDetailsServiceAutoConfiguration : 

Using generated security password: 80e0a8dd-74fe-467e-942a-720a751aa655

This generated password is for development use only. Your security configuration must be updated before running your application in production.

2026-09-14T16:14:36.835+09:00  INFO 472 --- [mvc] [restartedMain] r$InitializeUserDetailsManagerConfigurer : Global AuthenticationManager configured with UserDetailsService bean with name inMemoryUserDetailsManager
2026-09-14T16:14:37.001+09:00  INFO 472 --- [mvc] [restartedMain] o.s.b.w.a.WelcomePageHandlerMapping      : Adding welcome page template: index
2026-09-14T16:14:37.098+09:00  INFO 472 --- [mvc] [restartedMain] o.s.boot.tomcat.TomcatWebServer          : Tomcat started on port 8080 (http) with context path '/'
2026-09-14T16:14:37.100+09:00  INFO 472 --- [mvc] [restartedMain] com.aloha.mvc.MvcApplication             : Started MvcApplication in 1.203 seconds (process running for 1087.138)
2026-09-14T16:14:37.103+09:00  INFO 472 --- [mvc] [restartedMain] .ConditionEvaluationDeltaLoggingListener : Condition evaluation unchanged
2026-09-14T16:14:46.747+09:00  INFO 472 --- [mvc] [File Watcher] rtingClassPathChangeChangedEventListener : Restarting due to 1 class path change (0 additions, 0 deletions, 1 modification)
2026-09-14T16:14:46.765+09:00  INFO 472 --- [mvc] [Thread-75] o.s.boot.tomcat.GracefulShutdown         : Commencing graceful shutdown. Waiting for active requests to complete
2026-09-14T16:14:47.038+09:00  INFO 472 --- [mvc] [tomcat-shutdown] o.s.boot.tomcat.GracefulShutdown         : Graceful shutdown complete
2026-09-14T16:14:47.040+09:00  INFO 472 --- [mvc] [Thread-75] j.LocalContainerEntityManagerFactoryBean : Closing JPA EntityManagerFactory for persistence unit 'default'
2026-09-14T16:14:47.041+09:00  INFO 472 --- [mvc] [Thread-75] com.zaxxer.hikari.HikariDataSource       : HikariPool-21 - Shutdown initiated...
2026-09-14T16:14:47.042+09:00  INFO 472 --- [mvc] [Thread-75] com.zaxxer.hikari.HikariDataSource       : HikariPool-21 - Shutdown completed.
2026-09-14T16:14:47.238+09:00  INFO 472 --- [mvc] [restartedMain] com.aloha.mvc.MvcApplication             : Starting MvcApplication using Java 17.0.12 with PID 472 (C:\ALOHA\GITHUB\AIOT7_SPRINGBOOT\mvc\bin\main started by Admin in C:\ALOHA\GITHUB\AIOT7_SPRINGBOOT)
2026-09-14T16:14:47.238+09:00  INFO 472 --- [mvc] [restartedMain] com.aloha.mvc.MvcApplication             : No active profile set, falling back to 1 default profile: "default"
2026-09-14T16:14:47.776+09:00  INFO 472 --- [mvc] [restartedMain] .s.d.r.c.RepositoryConfigurationDelegate : Bootstrapping Spring Data JPA repositories in DEFAULT mode.
2026-09-14T16:14:47.832+09:00  INFO 472 --- [mvc] [restartedMain] .s.d.r.c.RepositoryConfigurationDelegate : Finished Spring Data repository scanning in 54 ms. Found 2 JPA repository interfaces.
2026-09-14T16:14:47.963+09:00  INFO 472 --- [mvc] [restartedMain] o.s.boot.tomcat.TomcatWebServer          : Tomcat initialized with port 8080 (http)
2026-09-14T16:14:47.964+09:00  INFO 472 --- [mvc] [restartedMain] o.apache.catalina.core.StandardService   : Starting service [Tomcat]
2026-09-14T16:14:47.964+09:00  INFO 472 --- [mvc] [restartedMain] o.apache.catalina.core.StandardEngine    : Starting Servlet engine: [Apache Tomcat/11.0.24]
2026-09-14T16:14:47.991+09:00  INFO 472 --- [mvc] [restartedMain] b.w.c.s.WebApplicationContextInitializer : Root WebApplicationContext: initialization completed in 751 ms
2026-09-14T16:14:48.029+09:00  INFO 472 --- [mvc] [restartedMain] org.hibernate.orm.jpa                    : HHH008540: Processing PersistenceUnitInfo [name: default]
2026-09-14T16:14:48.121+09:00  INFO 472 --- [mvc] [restartedMain] o.s.o.j.p.SpringPersistenceUnitInfo      : No LoadTimeWeaver setup: ignoring JPA class transformer
2026-09-14T16:14:48.124+09:00  INFO 472 --- [mvc] [restartedMain] com.zaxxer.hikari.HikariDataSource       : HikariPool-22 - Starting...
2026-09-14T16:14:48.127+09:00  INFO 472 --- [mvc] [restartedMain] com.zaxxer.hikari.pool.HikariPool        : HikariPool-22 - Added connection com.mysql.cj.jdbc.ConnectionImpl@501089de
2026-09-14T16:14:48.128+09:00  INFO 472 --- [mvc] [restartedMain] com.zaxxer.hikari.HikariDataSource       : HikariPool-22 - Start completed.
2026-09-14T16:14:48.130+09:00  INFO 472 --- [mvc] [restartedMain] org.hibernate.orm.connections.pooling    : HHH10001005: Database info:
	Database JDBC URL [jdbc:mysql://localhost:3306/aloha?serverTimezone=Asia/Seoul&allowPublicKeyRetrieval=true&useSSL=false]
	Database driver: MySQL Connector/J
	Database dialect: MySQLDialect
	Database version: 8.0.46
	Default catalog/schema: aloha/undefined
	Autocommit mode: undefined/unknown
	Isolation level: REPEATABLE_READ [default REPEATABLE_READ]
	JDBC fetch size: none
	Pool: DataSourceConnectionProvider
	Minimum pool size: undefined/unknown
	Maximum pool size: undefined/unknown
2026-09-14T16:14:48.200+09:00  INFO 472 --- [mvc] [restartedMain] org.hibernate.orm.core                   : HHH000489: No JTA platform available (set 'hibernate.transaction.jta.platform' to enable JTA platform integration)
2026-09-14T16:14:48.213+09:00  INFO 472 --- [mvc] [restartedMain] j.LocalContainerEntityManagerFactoryBean : Initialized JPA EntityManagerFactory for persistence unit 'default'
2026-09-14T16:14:48.278+09:00  WARN 472 --- [mvc] [restartedMain] JpaBaseConfiguration$JpaWebConfiguration : spring.jpa.open-in-view is enabled by default. Therefore, database queries may be performed during view rendering. Explicitly configure spring.jpa.open-in-view to disable this warning
2026-09-14T16:14:48.346+09:00  WARN 472 --- [mvc] [restartedMain] .s.a.UserDetailsServiceAutoConfiguration : 

Using generated security password: 23bb8a88-d0f9-40b5-a947-dc836e470fc6

This generated password is for development use only. Your security configuration must be updated before running your application in production.

2026-09-14T16:14:48.414+09:00  INFO 472 --- [mvc] [restartedMain] r$InitializeUserDetailsManagerConfigurer : Global AuthenticationManager configured with UserDetailsService bean with name inMemoryUserDetailsManager
2026-09-14T16:14:48.664+09:00  INFO 472 --- [mvc] [restartedMain] o.s.b.w.a.WelcomePageHandlerMapping      : Adding welcome page template: index
2026-09-14T16:14:48.810+09:00  INFO 472 --- [mvc] [restartedMain] o.s.boot.tomcat.TomcatWebServer          : Tomcat started on port 8080 (http) with context path '/'
2026-09-14T16:14:48.812+09:00  INFO 472 --- [mvc] [restartedMain] com.aloha.mvc.MvcApplication             : Started MvcApplication in 1.613 seconds (process running for 1098.85)
2026-09-14T16:14:48.812+09:00  INFO 472 --- [mvc] [restartedMain] .ConditionEvaluationDeltaLoggingListener : Condition evaluation unchanged
2026-09-14T16:14:50.333+09:00  INFO 472 --- [mvc] [File Watcher] rtingClassPathChangeChangedEventListener : Restarting due to 1 class path change (0 additions, 0 deletions, 1 modification)
2026-09-14T16:14:50.359+09:00  INFO 472 --- [mvc] [Thread-79] o.s.boot.tomcat.GracefulShutdown         : Commencing graceful shutdown. Waiting for active requests to complete
2026-09-14T16:14:50.678+09:00  INFO 472 --- [mvc] [tomcat-shutdown] o.s.boot.tomcat.GracefulShutdown         : Graceful shutdown complete
2026-09-14T16:14:50.679+09:00  INFO 472 --- [mvc] [Thread-79] j.LocalContainerEntityManagerFactoryBean : Closing JPA EntityManagerFactory for persistence unit 'default'
2026-09-14T16:14:50.679+09:00  INFO 472 --- [mvc] [Thread-79] com.zaxxer.hikari.HikariDataSource       : HikariPool-22 - Shutdown initiated...
2026-09-14T16:14:50.681+09:00  INFO 472 --- [mvc] [Thread-79] com.zaxxer.hikari.HikariDataSource       : HikariPool-22 - Shutdown completed.
2026-09-14T16:14:50.804+09:00  INFO 472 --- [mvc] [restartedMain] com.aloha.mvc.MvcApplication             : Starting MvcApplication using Java 17.0.12 with PID 472 (C:\ALOHA\GITHUB\AIOT7_SPRINGBOOT\mvc\bin\main started by Admin in C:\ALOHA\GITHUB\AIOT7_SPRINGBOOT)
2026-09-14T16:14:50.805+09:00  INFO 472 --- [mvc] [restartedMain] com.aloha.mvc.MvcApplication             : No active profile set, falling back to 1 default profile: "default"
2026-09-14T16:14:51.064+09:00  INFO 472 --- [mvc] [restartedMain] .s.d.r.c.RepositoryConfigurationDelegate : Bootstrapping Spring Data JPA repositories in DEFAULT mode.
2026-09-14T16:14:51.078+09:00  INFO 472 --- [mvc] [restartedMain] .s.d.r.c.RepositoryConfigurationDelegate : Finished Spring Data repository scanning in 12 ms. Found 2 JPA repository interfaces.
2026-09-14T16:14:51.191+09:00  INFO 472 --- [mvc] [restartedMain] o.s.boot.tomcat.TomcatWebServer          : Tomcat initialized with port 8080 (http)
2026-09-14T16:14:51.193+09:00  INFO 472 --- [mvc] [restartedMain] o.apache.catalina.core.StandardService   : Starting service [Tomcat]
2026-09-14T16:14:51.193+09:00  INFO 472 --- [mvc] [restartedMain] o.apache.catalina.core.StandardEngine    : Starting Servlet engine: [Apache Tomcat/11.0.24]
2026-09-14T16:14:51.213+09:00  INFO 472 --- [mvc] [restartedMain] b.w.c.s.WebApplicationContextInitializer : Root WebApplicationContext: initialization completed in 407 ms
2026-09-14T16:14:51.290+09:00  INFO 472 --- [mvc] [restartedMain] org.hibernate.orm.jpa                    : HHH008540: Processing PersistenceUnitInfo [name: default]
2026-09-14T16:14:51.522+09:00  INFO 472 --- [mvc] [restartedMain] o.s.o.j.p.SpringPersistenceUnitInfo      : No LoadTimeWeaver setup: ignoring JPA class transformer
2026-09-14T16:14:51.531+09:00  INFO 472 --- [mvc] [restartedMain] com.zaxxer.hikari.HikariDataSource       : HikariPool-23 - Starting...
2026-09-14T16:14:51.534+09:00  INFO 472 --- [mvc] [restartedMain] com.zaxxer.hikari.pool.HikariPool        : HikariPool-23 - Added connection com.mysql.cj.jdbc.ConnectionImpl@56934153
2026-09-14T16:14:51.536+09:00  INFO 472 --- [mvc] [restartedMain] com.zaxxer.hikari.HikariDataSource       : HikariPool-23 - Start completed.
2026-09-14T16:14:51.539+09:00  INFO 472 --- [mvc] [restartedMain] org.hibernate.orm.connections.pooling    : HHH10001005: Database info:
	Database JDBC URL [jdbc:mysql://localhost:3306/aloha?serverTimezone=Asia/Seoul&allowPublicKeyRetrieval=true&useSSL=false]
	Database driver: MySQL Connector/J
	Database dialect: MySQLDialect
	Database version: 8.0.46
	Default catalog/schema: aloha/undefined
	Autocommit mode: undefined/unknown
	Isolation level: REPEATABLE_READ [default REPEATABLE_READ]
	JDBC fetch size: none
	Pool: DataSourceConnectionProvider
	Minimum pool size: undefined/unknown
	Maximum pool size: undefined/unknown
2026-09-14T16:14:51.641+09:00  INFO 472 --- [mvc] [restartedMain] org.hibernate.orm.core                   : HHH000489: No JTA platform available (set 'hibernate.transaction.jta.platform' to enable JTA platform integration)
2026-09-14T16:14:51.657+09:00  INFO 472 --- [mvc] [restartedMain] j.LocalContainerEntityManagerFactoryBean : Initialized JPA EntityManagerFactory for persistence unit 'default'
2026-09-14T16:14:51.727+09:00  WARN 472 --- [mvc] [restartedMain] JpaBaseConfiguration$JpaWebConfiguration : spring.jpa.open-in-view is enabled by default. Therefore, database queries may be performed during view rendering. Explicitly configure spring.jpa.open-in-view to disable this warning
2026-09-14T16:14:51.795+09:00  WARN 472 --- [mvc] [restartedMain] .s.a.UserDetailsServiceAutoConfiguration : 

Using generated security password: a2790306-3328-4a61-9351-983b0669fc6a

This generated password is for development use only. Your security configuration must be updated before running your application in production.

2026-09-14T16:14:51.805+09:00  INFO 472 --- [mvc] [restartedMain] r$InitializeUserDetailsManagerConfigurer : Global AuthenticationManager configured with UserDetailsService bean with name inMemoryUserDetailsManager
2026-09-14T16:14:51.897+09:00  INFO 472 --- [mvc] [restartedMain] o.s.b.w.a.WelcomePageHandlerMapping      : Adding welcome page template: index
2026-09-14T16:14:51.945+09:00  INFO 472 --- [mvc] [restartedMain] o.s.boot.tomcat.TomcatWebServer          : Tomcat started on port 8080 (http) with context path '/'
2026-09-14T16:14:51.947+09:00  INFO 472 --- [mvc] [restartedMain] com.aloha.mvc.MvcApplication             : Started MvcApplication in 1.17 seconds (process running for 1101.985)
2026-09-14T16:14:51.948+09:00  INFO 472 --- [mvc] [restartedMain] .ConditionEvaluationDeltaLoggingListener : Condition evaluation unchanged
2026-09-14T16:14:59.596+09:00  INFO 472 --- [mvc] [File Watcher] rtingClassPathChangeChangedEventListener : Restarting due to 1 class path change (0 additions, 0 deletions, 1 modification)
2026-09-14T16:14:59.596+09:00  INFO 472 --- [mvc] [Thread-83] o.s.boot.tomcat.GracefulShutdown         : Commencing graceful shutdown. Waiting for active requests to complete
2026-09-14T16:14:59.682+09:00  INFO 472 --- [mvc] [tomcat-shutdown] o.s.boot.tomcat.GracefulShutdown         : Graceful shutdown complete
2026-09-14T16:14:59.683+09:00  INFO 472 --- [mvc] [Thread-83] j.LocalContainerEntityManagerFactoryBean : Closing JPA EntityManagerFactory for persistence unit 'default'
2026-09-14T16:14:59.683+09:00  INFO 472 --- [mvc] [Thread-83] com.zaxxer.hikari.HikariDataSource       : HikariPool-23 - Shutdown initiated...
2026-09-14T16:14:59.686+09:00  INFO 472 --- [mvc] [Thread-83] com.zaxxer.hikari.HikariDataSource       : HikariPool-23 - Shutdown completed.
2026-09-14T16:14:59.770+09:00  INFO 472 --- [mvc] [restartedMain] com.aloha.mvc.MvcApplication             : Starting MvcApplication using Java 17.0.12 with PID 472 (C:\ALOHA\GITHUB\AIOT7_SPRINGBOOT\mvc\bin\main started by Admin in C:\ALOHA\GITHUB\AIOT7_SPRINGBOOT)
2026-09-14T16:14:59.771+09:00  INFO 472 --- [mvc] [restartedMain] com.aloha.mvc.MvcApplication             : No active profile set, falling back to 1 default profile: "default"
2026-09-14T16:15:00.360+09:00  INFO 472 --- [mvc] [restartedMain] .s.d.r.c.RepositoryConfigurationDelegate : Bootstrapping Spring Data JPA repositories in DEFAULT mode.
2026-09-14T16:15:00.436+09:00  INFO 472 --- [mvc] [restartedMain] .s.d.r.c.RepositoryConfigurationDelegate : Finished Spring Data repository scanning in 60 ms. Found 2 JPA repository interfaces.
2026-09-14T16:15:00.627+09:00  INFO 472 --- [mvc] [restartedMain] o.s.boot.tomcat.TomcatWebServer          : Tomcat initialized with port 8080 (http)
2026-09-14T16:15:00.628+09:00  INFO 472 --- [mvc] [restartedMain] o.apache.catalina.core.StandardService   : Starting service [Tomcat]
2026-09-14T16:15:00.628+09:00  INFO 472 --- [mvc] [restartedMain] o.apache.catalina.core.StandardEngine    : Starting Servlet engine: [Apache Tomcat/11.0.24]
2026-09-14T16:15:00.648+09:00  INFO 472 --- [mvc] [restartedMain] b.w.c.s.WebApplicationContextInitializer : Root WebApplicationContext: initialization completed in 875 ms
2026-09-14T16:15:00.681+09:00  INFO 472 --- [mvc] [restartedMain] org.hibernate.orm.jpa                    : HHH008540: Processing PersistenceUnitInfo [name: default]
2026-09-14T16:15:00.938+09:00  INFO 472 --- [mvc] [restartedMain] o.s.o.j.p.SpringPersistenceUnitInfo      : No LoadTimeWeaver setup: ignoring JPA class transformer
2026-09-14T16:15:00.940+09:00  INFO 472 --- [mvc] [restartedMain] com.zaxxer.hikari.HikariDataSource       : HikariPool-24 - Starting...
2026-09-14T16:15:00.944+09:00  INFO 472 --- [mvc] [restartedMain] com.zaxxer.hikari.pool.HikariPool        : HikariPool-24 - Added connection com.mysql.cj.jdbc.ConnectionImpl@151fe0a1
2026-09-14T16:15:00.944+09:00  INFO 472 --- [mvc] [restartedMain] com.zaxxer.hikari.HikariDataSource       : HikariPool-24 - Start completed.
2026-09-14T16:15:00.946+09:00  INFO 472 --- [mvc] [restartedMain] org.hibernate.orm.connections.pooling    : HHH10001005: Database info:
	Database JDBC URL [jdbc:mysql://localhost:3306/aloha?serverTimezone=Asia/Seoul&allowPublicKeyRetrieval=true&useSSL=false]
	Database driver: MySQL Connector/J
	Database dialect: MySQLDialect
	Database version: 8.0.46
	Default catalog/schema: aloha/undefined
	Autocommit mode: undefined/unknown
	Isolation level: REPEATABLE_READ [default REPEATABLE_READ]
	JDBC fetch size: none
	Pool: DataSourceConnectionProvider
	Minimum pool size: undefined/unknown
	Maximum pool size: undefined/unknown
2026-09-14T16:15:01.029+09:00  INFO 472 --- [mvc] [restartedMain] org.hibernate.orm.core                   : HHH000489: No JTA platform available (set 'hibernate.transaction.jta.platform' to enable JTA platform integration)
2026-09-14T16:15:01.038+09:00  INFO 472 --- [mvc] [restartedMain] j.LocalContainerEntityManagerFactoryBean : Initialized JPA EntityManagerFactory for persistence unit 'default'
2026-09-14T16:15:01.089+09:00  WARN 472 --- [mvc] [restartedMain] JpaBaseConfiguration$JpaWebConfiguration : spring.jpa.open-in-view is enabled by default. Therefore, database queries may be performed during view rendering. Explicitly configure spring.jpa.open-in-view to disable this warning
2026-09-14T16:15:01.122+09:00  WARN 472 --- [mvc] [restartedMain] .s.a.UserDetailsServiceAutoConfiguration : 

Using generated security password: af575c6b-34d7-4236-ac03-4fa220a93120

This generated password is for development use only. Your security configuration must be updated before running your application in production.

2026-09-14T16:15:01.127+09:00  INFO 472 --- [mvc] [restartedMain] r$InitializeUserDetailsManagerConfigurer : Global AuthenticationManager configured with UserDetailsService bean with name inMemoryUserDetailsManager
2026-09-14T16:15:01.182+09:00  INFO 472 --- [mvc] [restartedMain] o.s.b.w.a.WelcomePageHandlerMapping      : Adding welcome page template: index
2026-09-14T16:15:01.259+09:00  INFO 472 --- [mvc] [restartedMain] o.s.boot.tomcat.TomcatWebServer          : Tomcat started on port 8080 (http) with context path '/'
2026-09-14T16:15:01.261+09:00  INFO 472 --- [mvc] [restartedMain] com.aloha.mvc.MvcApplication             : Started MvcApplication in 1.516 seconds (process running for 1111.3)
2026-09-14T16:15:01.261+09:00  INFO 472 --- [mvc] [restartedMain] .ConditionEvaluationDeltaLoggingListener : Condition evaluation unchanged
2026-09-14T16:15:02.707+09:00  INFO 472 --- [mvc] [File Watcher] rtingClassPathChangeChangedEventListener : Restarting due to 1 class path change (0 additions, 0 deletions, 1 modification)
2026-09-14T16:15:02.712+09:00  INFO 472 --- [mvc] [Thread-87] o.s.boot.tomcat.GracefulShutdown         : Commencing graceful shutdown. Waiting for active requests to complete
2026-09-14T16:15:02.810+09:00  INFO 472 --- [mvc] [tomcat-shutdown] o.s.boot.tomcat.GracefulShutdown         : Graceful shutdown complete
2026-09-14T16:15:02.812+09:00  INFO 472 --- [mvc] [Thread-87] j.LocalContainerEntityManagerFactoryBean : Closing JPA EntityManagerFactory for persistence unit 'default'
2026-09-14T16:15:02.812+09:00  INFO 472 --- [mvc] [Thread-87] com.zaxxer.hikari.HikariDataSource       : HikariPool-24 - Shutdown initiated...
2026-09-14T16:15:02.814+09:00  INFO 472 --- [mvc] [Thread-87] com.zaxxer.hikari.HikariDataSource       : HikariPool-24 - Shutdown completed.
2026-09-14T16:15:02.905+09:00  INFO 472 --- [mvc] [restartedMain] com.aloha.mvc.MvcApplication             : Starting MvcApplication using Java 17.0.12 with PID 472 (C:\ALOHA\GITHUB\AIOT7_SPRINGBOOT\mvc\bin\main started by Admin in C:\ALOHA\GITHUB\AIOT7_SPRINGBOOT)
2026-09-14T16:15:02.906+09:00  INFO 472 --- [mvc] [restartedMain] com.aloha.mvc.MvcApplication             : No active profile set, falling back to 1 default profile: "default"
2026-09-14T16:15:03.171+09:00  INFO 472 --- [mvc] [restartedMain] .s.d.r.c.RepositoryConfigurationDelegate : Bootstrapping Spring Data JPA repositories in DEFAULT mode.
2026-09-14T16:15:03.189+09:00  INFO 472 --- [mvc] [restartedMain] .s.d.r.c.RepositoryConfigurationDelegate : Finished Spring Data repository scanning in 15 ms. Found 2 JPA repository interfaces.
2026-09-14T16:15:03.280+09:00  INFO 472 --- [mvc] [restartedMain] o.s.boot.tomcat.TomcatWebServer          : Tomcat initialized with port 8080 (http)
2026-09-14T16:15:03.281+09:00  INFO 472 --- [mvc] [restartedMain] o.apache.catalina.core.StandardService   : Starting service [Tomcat]
2026-09-14T16:15:03.281+09:00  INFO 472 --- [mvc] [restartedMain] o.apache.catalina.core.StandardEngine    : Starting Servlet engine: [Apache Tomcat/11.0.24]
2026-09-14T16:15:03.316+09:00  INFO 472 --- [mvc] [restartedMain] b.w.c.s.WebApplicationContextInitializer : Root WebApplicationContext: initialization completed in 405 ms
2026-09-14T16:15:03.347+09:00  INFO 472 --- [mvc] [restartedMain] org.hibernate.orm.jpa                    : HHH008540: Processing PersistenceUnitInfo [name: default]
2026-09-14T16:15:03.403+09:00  INFO 472 --- [mvc] [restartedMain] o.s.o.j.p.SpringPersistenceUnitInfo      : No LoadTimeWeaver setup: ignoring JPA class transformer
2026-09-14T16:15:03.406+09:00  INFO 472 --- [mvc] [restartedMain] com.zaxxer.hikari.HikariDataSource       : HikariPool-25 - Starting...
2026-09-14T16:15:03.408+09:00  INFO 472 --- [mvc] [restartedMain] com.zaxxer.hikari.pool.HikariPool        : HikariPool-25 - Added connection com.mysql.cj.jdbc.ConnectionImpl@46acadac
2026-09-14T16:15:03.408+09:00  INFO 472 --- [mvc] [restartedMain] com.zaxxer.hikari.HikariDataSource       : HikariPool-25 - Start completed.
2026-09-14T16:15:03.410+09:00  INFO 472 --- [mvc] [restartedMain] org.hibernate.orm.connections.pooling    : HHH10001005: Database info:
	Database JDBC URL [jdbc:mysql://localhost:3306/aloha?serverTimezone=Asia/Seoul&allowPublicKeyRetrieval=true&useSSL=false]
	Database driver: MySQL Connector/J
	Database dialect: MySQLDialect
	Database version: 8.0.46
	Default catalog/schema: aloha/undefined
	Autocommit mode: undefined/unknown
	Isolation level: REPEATABLE_READ [default REPEATABLE_READ]
	JDBC fetch size: none
	Pool: DataSourceConnectionProvider
	Minimum pool size: undefined/unknown
	Maximum pool size: undefined/unknown
2026-09-14T16:15:03.548+09:00  INFO 472 --- [mvc] [restartedMain] org.hibernate.orm.core                   : HHH000489: No JTA platform available (set 'hibernate.transaction.jta.platform' to enable JTA platform integration)
2026-09-14T16:15:03.559+09:00  INFO 472 --- [mvc] [restartedMain] j.LocalContainerEntityManagerFactoryBean : Initialized JPA EntityManagerFactory for persistence unit 'default'
2026-09-14T16:15:03.667+09:00  WARN 472 --- [mvc] [restartedMain] JpaBaseConfiguration$JpaWebConfiguration : spring.jpa.open-in-view is enabled by default. Therefore, database queries may be performed during view rendering. Explicitly configure spring.jpa.open-in-view to disable this warning
2026-09-14T16:15:03.720+09:00  WARN 472 --- [mvc] [restartedMain] .s.a.UserDetailsServiceAutoConfiguration : 

Using generated security password: 1c6a9832-9555-435a-87fe-0d0467eb0815

This generated password is for development use only. Your security configuration must be updated before running your application in production.

2026-09-14T16:15:03.720+09:00  INFO 472 --- [mvc] [restartedMain] r$InitializeUserDetailsManagerConfigurer : Global AuthenticationManager configured with UserDetailsService bean with name inMemoryUserDetailsManager
2026-09-14T16:15:03.757+09:00  INFO 472 --- [mvc] [restartedMain] o.s.b.w.a.WelcomePageHandlerMapping      : Adding welcome page template: index
2026-09-14T16:15:03.802+09:00  INFO 472 --- [mvc] [restartedMain] o.s.boot.tomcat.TomcatWebServer          : Tomcat started on port 8080 (http) with context path '/'
2026-09-14T16:15:03.806+09:00  INFO 472 --- [mvc] [restartedMain] com.aloha.mvc.MvcApplication             : Started MvcApplication in 0.924 seconds (process running for 1113.845)
2026-09-14T16:15:03.807+09:00  INFO 472 --- [mvc] [restartedMain] .ConditionEvaluationDeltaLoggingListener : Condition evaluation unchanged
2026-09-14T16:15:05.324+09:00  INFO 472 --- [mvc] [File Watcher] rtingClassPathChangeChangedEventListener : Restarting due to 1 class path change (0 additions, 0 deletions, 1 modification)
2026-09-14T16:15:05.327+09:00  INFO 472 --- [mvc] [Thread-91] o.s.boot.tomcat.GracefulShutdown         : Commencing graceful shutdown. Waiting for active requests to complete
2026-09-14T16:15:05.454+09:00  INFO 472 --- [mvc] [tomcat-shutdown] o.s.boot.tomcat.GracefulShutdown         : Graceful shutdown complete
2026-09-14T16:15:05.458+09:00  INFO 472 --- [mvc] [Thread-91] j.LocalContainerEntityManagerFactoryBean : Closing JPA EntityManagerFactory for persistence unit 'default'
2026-09-14T16:15:05.460+09:00  INFO 472 --- [mvc] [Thread-91] com.zaxxer.hikari.HikariDataSource       : HikariPool-25 - Shutdown initiated...
2026-09-14T16:15:05.465+09:00  INFO 472 --- [mvc] [Thread-91] com.zaxxer.hikari.HikariDataSource       : HikariPool-25 - Shutdown completed.
2026-09-14T16:15:05.581+09:00  INFO 472 --- [mvc] [restartedMain] com.aloha.mvc.MvcApplication             : Starting MvcApplication using Java 17.0.12 with PID 472 (C:\ALOHA\GITHUB\AIOT7_SPRINGBOOT\mvc\bin\main started by Admin in C:\ALOHA\GITHUB\AIOT7_SPRINGBOOT)
2026-09-14T16:15:05.583+09:00  INFO 472 --- [mvc] [restartedMain] com.aloha.mvc.MvcApplication             : No active profile set, falling back to 1 default profile: "default"
2026-09-14T16:15:05.770+09:00  INFO 472 --- [mvc] [restartedMain] .s.d.r.c.RepositoryConfigurationDelegate : Bootstrapping Spring Data JPA repositories in DEFAULT mode.
2026-09-14T16:15:05.782+09:00  INFO 472 --- [mvc] [restartedMain] .s.d.r.c.RepositoryConfigurationDelegate : Finished Spring Data repository scanning in 8 ms. Found 2 JPA repository interfaces.
2026-09-14T16:15:06.007+09:00  INFO 472 --- [mvc] [restartedMain] o.s.boot.tomcat.TomcatWebServer          : Tomcat initialized with port 8080 (http)
2026-09-14T16:15:06.009+09:00  INFO 472 --- [mvc] [restartedMain] o.apache.catalina.core.StandardService   : Starting service [Tomcat]
2026-09-14T16:15:06.009+09:00  INFO 472 --- [mvc] [restartedMain] o.apache.catalina.core.StandardEngine    : Starting Servlet engine: [Apache Tomcat/11.0.24]
2026-09-14T16:15:06.082+09:00  INFO 472 --- [mvc] [restartedMain] b.w.c.s.WebApplicationContextInitializer : Root WebApplicationContext: initialization completed in 495 ms
2026-09-14T16:15:06.148+09:00  INFO 472 --- [mvc] [restartedMain] org.hibernate.orm.jpa                    : HHH008540: Processing PersistenceUnitInfo [name: default]
2026-09-14T16:15:06.353+09:00  INFO 472 --- [mvc] [restartedMain] o.s.o.j.p.SpringPersistenceUnitInfo      : No LoadTimeWeaver setup: ignoring JPA class transformer
2026-09-14T16:15:06.356+09:00  INFO 472 --- [mvc] [restartedMain] com.zaxxer.hikari.HikariDataSource       : HikariPool-26 - Starting...
2026-09-14T16:15:06.360+09:00  INFO 472 --- [mvc] [restartedMain] com.zaxxer.hikari.pool.HikariPool        : HikariPool-26 - Added connection com.mysql.cj.jdbc.ConnectionImpl@63aac239
2026-09-14T16:15:06.361+09:00  INFO 472 --- [mvc] [restartedMain] com.zaxxer.hikari.HikariDataSource       : HikariPool-26 - Start completed.
2026-09-14T16:15:06.363+09:00  INFO 472 --- [mvc] [restartedMain] org.hibernate.orm.connections.pooling    : HHH10001005: Database info:
	Database JDBC URL [jdbc:mysql://localhost:3306/aloha?serverTimezone=Asia/Seoul&allowPublicKeyRetrieval=true&useSSL=false]
	Database driver: MySQL Connector/J
	Database dialect: MySQLDialect
	Database version: 8.0.46
	Default catalog/schema: aloha/undefined
	Autocommit mode: undefined/unknown
	Isolation level: REPEATABLE_READ [default REPEATABLE_READ]
	JDBC fetch size: none
	Pool: DataSourceConnectionProvider
	Minimum pool size: undefined/unknown
	Maximum pool size: undefined/unknown
2026-09-14T16:15:06.440+09:00  INFO 472 --- [mvc] [restartedMain] org.hibernate.orm.core                   : HHH000489: No JTA platform available (set 'hibernate.transaction.jta.platform' to enable JTA platform integration)
2026-09-14T16:15:06.449+09:00  INFO 472 --- [mvc] [restartedMain] j.LocalContainerEntityManagerFactoryBean : Initialized JPA EntityManagerFactory for persistence unit 'default'
2026-09-14T16:15:06.499+09:00  WARN 472 --- [mvc] [restartedMain] JpaBaseConfiguration$JpaWebConfiguration : spring.jpa.open-in-view is enabled by default. Therefore, database queries may be performed during view rendering. Explicitly configure spring.jpa.open-in-view to disable this warning
2026-09-14T16:15:06.528+09:00  WARN 472 --- [mvc] [restartedMain] .s.a.UserDetailsServiceAutoConfiguration : 

Using generated security password: 4646d064-2f07-4e96-b126-574916126b7f

This generated password is for development use only. Your security configuration must be updated before running your application in production.

2026-09-14T16:15:06.529+09:00  INFO 472 --- [mvc] [restartedMain] r$InitializeUserDetailsManagerConfigurer : Global AuthenticationManager configured with UserDetailsService bean with name inMemoryUserDetailsManager
2026-09-14T16:15:06.565+09:00  INFO 472 --- [mvc] [restartedMain] o.s.b.w.a.WelcomePageHandlerMapping      : Adding welcome page template: index
2026-09-14T16:15:06.666+09:00  INFO 472 --- [mvc] [restartedMain] o.s.boot.tomcat.TomcatWebServer          : Tomcat started on port 8080 (http) with context path '/'
2026-09-14T16:15:06.669+09:00  INFO 472 --- [mvc] [restartedMain] com.aloha.mvc.MvcApplication             : Started MvcApplication in 1.114 seconds (process running for 1116.707)
2026-09-14T16:15:06.679+09:00  INFO 472 --- [mvc] [restartedMain] .ConditionEvaluationDeltaLoggingListener : Condition evaluation unchanged
2026-09-14T16:15:08.052+09:00  INFO 472 --- [mvc] [File Watcher] rtingClassPathChangeChangedEventListener : Restarting due to 1 class path change (0 additions, 0 deletions, 1 modification)
2026-09-14T16:15:08.054+09:00  INFO 472 --- [mvc] [Thread-95] o.s.boot.tomcat.GracefulShutdown         : Commencing graceful shutdown. Waiting for active requests to complete
2026-09-14T16:15:08.137+09:00  INFO 472 --- [mvc] [tomcat-shutdown] o.s.boot.tomcat.GracefulShutdown         : Graceful shutdown complete
2026-09-14T16:15:08.138+09:00  INFO 472 --- [mvc] [Thread-95] j.LocalContainerEntityManagerFactoryBean : Closing JPA EntityManagerFactory for persistence unit 'default'
2026-09-14T16:15:08.139+09:00  INFO 472 --- [mvc] [Thread-95] com.zaxxer.hikari.HikariDataSource       : HikariPool-26 - Shutdown initiated...
2026-09-14T16:15:08.140+09:00  INFO 472 --- [mvc] [Thread-95] com.zaxxer.hikari.HikariDataSource       : HikariPool-26 - Shutdown completed.
2026-09-14T16:15:08.238+09:00  INFO 472 --- [mvc] [restartedMain] com.aloha.mvc.MvcApplication             : Starting MvcApplication using Java 17.0.12 with PID 472 (C:\ALOHA\GITHUB\AIOT7_SPRINGBOOT\mvc\bin\main started by Admin in C:\ALOHA\GITHUB\AIOT7_SPRINGBOOT)
2026-09-14T16:15:08.239+09:00  INFO 472 --- [mvc] [restartedMain] com.aloha.mvc.MvcApplication             : No active profile set, falling back to 1 default profile: "default"
2026-09-14T16:15:08.416+09:00  INFO 472 --- [mvc] [restartedMain] .s.d.r.c.RepositoryConfigurationDelegate : Bootstrapping Spring Data JPA repositories in DEFAULT mode.
2026-09-14T16:15:08.429+09:00  INFO 472 --- [mvc] [restartedMain] .s.d.r.c.RepositoryConfigurationDelegate : Finished Spring Data repository scanning in 9 ms. Found 2 JPA repository interfaces.
2026-09-14T16:15:08.502+09:00  INFO 472 --- [mvc] [restartedMain] o.s.boot.tomcat.TomcatWebServer          : Tomcat initialized with port 8080 (http)
2026-09-14T16:15:08.506+09:00  INFO 472 --- [mvc] [restartedMain] o.apache.catalina.core.StandardService   : Starting service [Tomcat]
2026-09-14T16:15:08.509+09:00  INFO 472 --- [mvc] [restartedMain] o.apache.catalina.core.StandardEngine    : Starting Servlet engine: [Apache Tomcat/11.0.24]
2026-09-14T16:15:08.533+09:00  INFO 472 --- [mvc] [restartedMain] b.w.c.s.WebApplicationContextInitializer : Root WebApplicationContext: initialization completed in 291 ms
2026-09-14T16:15:08.560+09:00  INFO 472 --- [mvc] [restartedMain] org.hibernate.orm.jpa                    : HHH008540: Processing PersistenceUnitInfo [name: default]
2026-09-14T16:15:08.611+09:00  INFO 472 --- [mvc] [restartedMain] o.s.o.j.p.SpringPersistenceUnitInfo      : No LoadTimeWeaver setup: ignoring JPA class transformer
2026-09-14T16:15:08.612+09:00  INFO 472 --- [mvc] [restartedMain] com.zaxxer.hikari.HikariDataSource       : HikariPool-27 - Starting...
2026-09-14T16:15:08.614+09:00  INFO 472 --- [mvc] [restartedMain] com.zaxxer.hikari.pool.HikariPool        : HikariPool-27 - Added connection com.mysql.cj.jdbc.ConnectionImpl@25a1a1ab
2026-09-14T16:15:08.614+09:00  INFO 472 --- [mvc] [restartedMain] com.zaxxer.hikari.HikariDataSource       : HikariPool-27 - Start completed.
2026-09-14T16:15:08.615+09:00  INFO 472 --- [mvc] [restartedMain] org.hibernate.orm.connections.pooling    : HHH10001005: Database info:
	Database JDBC URL [jdbc:mysql://localhost:3306/aloha?serverTimezone=Asia/Seoul&allowPublicKeyRetrieval=true&useSSL=false]
	Database driver: MySQL Connector/J
	Database dialect: MySQLDialect
	Database version: 8.0.46
	Default catalog/schema: aloha/undefined
	Autocommit mode: undefined/unknown
	Isolation level: REPEATABLE_READ [default REPEATABLE_READ]
	JDBC fetch size: none
	Pool: DataSourceConnectionProvider
	Minimum pool size: undefined/unknown
	Maximum pool size: undefined/unknown
2026-09-14T16:15:08.678+09:00  INFO 472 --- [mvc] [restartedMain] org.hibernate.orm.core                   : HHH000489: No JTA platform available (set 'hibernate.transaction.jta.platform' to enable JTA platform integration)
2026-09-14T16:15:08.686+09:00  INFO 472 --- [mvc] [restartedMain] j.LocalContainerEntityManagerFactoryBean : Initialized JPA EntityManagerFactory for persistence unit 'default'
2026-09-14T16:15:08.747+09:00  WARN 472 --- [mvc] [restartedMain] JpaBaseConfiguration$JpaWebConfiguration : spring.jpa.open-in-view is enabled by default. Therefore, database queries may be performed during view rendering. Explicitly configure spring.jpa.open-in-view to disable this warning
2026-09-14T16:15:08.763+09:00  WARN 472 --- [mvc] [restartedMain] .s.a.UserDetailsServiceAutoConfiguration : 

Using generated security password: c2bc08d1-61be-4a18-8301-e37d1e15422b

This generated password is for development use only. Your security configuration must be updated before running your application in production.

2026-09-14T16:15:08.763+09:00  INFO 472 --- [mvc] [restartedMain] r$InitializeUserDetailsManagerConfigurer : Global AuthenticationManager configured with UserDetailsService bean with name inMemoryUserDetailsManager
2026-09-14T16:15:08.812+09:00  INFO 472 --- [mvc] [restartedMain] o.s.b.w.a.WelcomePageHandlerMapping      : Adding welcome page template: index
2026-09-14T16:15:08.874+09:00  INFO 472 --- [mvc] [restartedMain] o.s.boot.tomcat.TomcatWebServer          : Tomcat started on port 8080 (http) with context path '/'
2026-09-14T16:15:08.877+09:00  INFO 472 --- [mvc] [restartedMain] com.aloha.mvc.MvcApplication             : Started MvcApplication in 0.661 seconds (process running for 1118.915)
2026-09-14T16:15:08.878+09:00  INFO 472 --- [mvc] [restartedMain] .ConditionEvaluationDeltaLoggingListener : Condition evaluation unchanged
2026-09-14T16:15:12.380+09:00  INFO 472 --- [mvc] [File Watcher] rtingClassPathChangeChangedEventListener : Restarting due to 1 class path change (0 additions, 0 deletions, 1 modification)
2026-09-14T16:15:12.381+09:00  INFO 472 --- [mvc] [Thread-99] o.s.boot.tomcat.GracefulShutdown         : Commencing graceful shutdown. Waiting for active requests to complete
2026-09-14T16:15:12.517+09:00  INFO 472 --- [mvc] [tomcat-shutdown] o.s.boot.tomcat.GracefulShutdown         : Graceful shutdown complete
2026-09-14T16:15:12.519+09:00  INFO 472 --- [mvc] [Thread-99] j.LocalContainerEntityManagerFactoryBean : Closing JPA EntityManagerFactory for persistence unit 'default'
2026-09-14T16:15:12.520+09:00  INFO 472 --- [mvc] [Thread-99] com.zaxxer.hikari.HikariDataSource       : HikariPool-27 - Shutdown initiated...
2026-09-14T16:15:12.522+09:00  INFO 472 --- [mvc] [Thread-99] com.zaxxer.hikari.HikariDataSource       : HikariPool-27 - Shutdown completed.
2026-09-14T16:15:12.622+09:00  INFO 472 --- [mvc] [restartedMain] com.aloha.mvc.MvcApplication             : Starting MvcApplication using Java 17.0.12 with PID 472 (C:\ALOHA\GITHUB\AIOT7_SPRINGBOOT\mvc\bin\main started by Admin in C:\ALOHA\GITHUB\AIOT7_SPRINGBOOT)
2026-09-14T16:15:12.623+09:00  INFO 472 --- [mvc] [restartedMain] com.aloha.mvc.MvcApplication             : No active profile set, falling back to 1 default profile: "default"
2026-09-14T16:15:12.817+09:00  INFO 472 --- [mvc] [restartedMain] .s.d.r.c.RepositoryConfigurationDelegate : Bootstrapping Spring Data JPA repositories in DEFAULT mode.
2026-09-14T16:15:12.837+09:00  INFO 472 --- [mvc] [restartedMain] .s.d.r.c.RepositoryConfigurationDelegate : Finished Spring Data repository scanning in 15 ms. Found 2 JPA repository interfaces.
2026-09-14T16:15:12.922+09:00  INFO 472 --- [mvc] [restartedMain] o.s.boot.tomcat.TomcatWebServer          : Tomcat initialized with port 8080 (http)
2026-09-14T16:15:12.924+09:00  INFO 472 --- [mvc] [restartedMain] o.apache.catalina.core.StandardService   : Starting service [Tomcat]
2026-09-14T16:15:12.925+09:00  INFO 472 --- [mvc] [restartedMain] o.apache.catalina.core.StandardEngine    : Starting Servlet engine: [Apache Tomcat/11.0.24]
2026-09-14T16:15:12.948+09:00  INFO 472 --- [mvc] [restartedMain] b.w.c.s.WebApplicationContextInitializer : Root WebApplicationContext: initialization completed in 322 ms
2026-09-14T16:15:13.020+09:00  INFO 472 --- [mvc] [restartedMain] org.hibernate.orm.jpa                    : HHH008540: Processing PersistenceUnitInfo [name: default]
2026-09-14T16:15:13.153+09:00  INFO 472 --- [mvc] [restartedMain] o.s.o.j.p.SpringPersistenceUnitInfo      : No LoadTimeWeaver setup: ignoring JPA class transformer
2026-09-14T16:15:13.194+09:00  INFO 472 --- [mvc] [restartedMain] com.zaxxer.hikari.HikariDataSource       : HikariPool-28 - Starting...
2026-09-14T16:15:13.197+09:00  INFO 472 --- [mvc] [restartedMain] com.zaxxer.hikari.pool.HikariPool        : HikariPool-28 - Added connection com.mysql.cj.jdbc.ConnectionImpl@211711ee
2026-09-14T16:15:13.198+09:00  INFO 472 --- [mvc] [restartedMain] com.zaxxer.hikari.HikariDataSource       : HikariPool-28 - Start completed.
2026-09-14T16:15:13.199+09:00  INFO 472 --- [mvc] [restartedMain] org.hibernate.orm.connections.pooling    : HHH10001005: Database info:
	Database JDBC URL [jdbc:mysql://localhost:3306/aloha?serverTimezone=Asia/Seoul&allowPublicKeyRetrieval=true&useSSL=false]
	Database driver: MySQL Connector/J
	Database dialect: MySQLDialect
	Database version: 8.0.46
	Default catalog/schema: aloha/undefined
	Autocommit mode: undefined/unknown
	Isolation level: REPEATABLE_READ [default REPEATABLE_READ]
	JDBC fetch size: none
	Pool: DataSourceConnectionProvider
	Minimum pool size: undefined/unknown
	Maximum pool size: undefined/unknown
2026-09-14T16:15:13.299+09:00  INFO 472 --- [mvc] [restartedMain] org.hibernate.orm.core                   : HHH000489: No JTA platform available (set 'hibernate.transaction.jta.platform' to enable JTA platform integration)
2026-09-14T16:15:13.311+09:00  INFO 472 --- [mvc] [restartedMain] j.LocalContainerEntityManagerFactoryBean : Initialized JPA EntityManagerFactory for persistence unit 'default'
2026-09-14T16:15:13.478+09:00  WARN 472 --- [mvc] [restartedMain] JpaBaseConfiguration$JpaWebConfiguration : spring.jpa.open-in-view is enabled by default. Therefore, database queries may be performed during view rendering. Explicitly configure spring.jpa.open-in-view to disable this warning
2026-09-14T16:15:13.498+09:00  WARN 472 --- [mvc] [restartedMain] .s.a.UserDetailsServiceAutoConfiguration : 

Using generated security password: 00ff1384-a510-40ac-8c26-17f2bca392ec

This generated password is for development use only. Your security configuration must be updated before running your application in production.

2026-09-14T16:15:13.511+09:00  INFO 472 --- [mvc] [restartedMain] r$InitializeUserDetailsManagerConfigurer : Global AuthenticationManager configured with UserDetailsService bean with name inMemoryUserDetailsManager
2026-09-14T16:15:13.572+09:00  INFO 472 --- [mvc] [restartedMain] o.s.b.w.a.WelcomePageHandlerMapping      : Adding welcome page template: index
2026-09-14T16:15:13.633+09:00  INFO 472 --- [mvc] [restartedMain] o.s.boot.tomcat.TomcatWebServer          : Tomcat started on port 8080 (http) with context path '/'
2026-09-14T16:15:13.635+09:00  INFO 472 --- [mvc] [restartedMain] com.aloha.mvc.MvcApplication             : Started MvcApplication in 1.034 seconds (process running for 1123.674)
2026-09-14T16:15:13.639+09:00  INFO 472 --- [mvc] [restartedMain] .ConditionEvaluationDeltaLoggingListener : Condition evaluation unchanged
2026-09-14T16:15:16.114+09:00  INFO 472 --- [mvc] [File Watcher] rtingClassPathChangeChangedEventListener : Restarting due to 1 class path change (0 additions, 0 deletions, 1 modification)
2026-09-14T16:15:16.115+09:00  INFO 472 --- [mvc] [Thread-103] o.s.boot.tomcat.GracefulShutdown         : Commencing graceful shutdown. Waiting for active requests to complete
2026-09-14T16:15:16.210+09:00  INFO 472 --- [mvc] [tomcat-shutdown] o.s.boot.tomcat.GracefulShutdown         : Graceful shutdown complete
2026-09-14T16:15:16.211+09:00  INFO 472 --- [mvc] [Thread-103] j.LocalContainerEntityManagerFactoryBean : Closing JPA EntityManagerFactory for persistence unit 'default'
2026-09-14T16:15:16.211+09:00  INFO 472 --- [mvc] [Thread-103] com.zaxxer.hikari.HikariDataSource       : HikariPool-28 - Shutdown initiated...
2026-09-14T16:15:16.213+09:00  INFO 472 --- [mvc] [Thread-103] com.zaxxer.hikari.HikariDataSource       : HikariPool-28 - Shutdown completed.
2026-09-14T16:15:16.306+09:00  INFO 472 --- [mvc] [restartedMain] com.aloha.mvc.MvcApplication             : Starting MvcApplication using Java 17.0.12 with PID 472 (C:\ALOHA\GITHUB\AIOT7_SPRINGBOOT\mvc\bin\main started by Admin in C:\ALOHA\GITHUB\AIOT7_SPRINGBOOT)
2026-09-14T16:15:16.307+09:00  INFO 472 --- [mvc] [restartedMain] com.aloha.mvc.MvcApplication             : No active profile set, falling back to 1 default profile: "default"
2026-09-14T16:15:16.597+09:00  INFO 472 --- [mvc] [restartedMain] .s.d.r.c.RepositoryConfigurationDelegate : Bootstrapping Spring Data JPA repositories in DEFAULT mode.
2026-09-14T16:15:16.611+09:00  INFO 472 --- [mvc] [restartedMain] .s.d.r.c.RepositoryConfigurationDelegate : Finished Spring Data repository scanning in 12 ms. Found 2 JPA repository interfaces.
2026-09-14T16:15:16.840+09:00  INFO 472 --- [mvc] [restartedMain] o.s.boot.tomcat.TomcatWebServer          : Tomcat initialized with port 8080 (http)
2026-09-14T16:15:16.841+09:00  INFO 472 --- [mvc] [restartedMain] o.apache.catalina.core.StandardService   : Starting service [Tomcat]
2026-09-14T16:15:16.841+09:00  INFO 472 --- [mvc] [restartedMain] o.apache.catalina.core.StandardEngine    : Starting Servlet engine: [Apache Tomcat/11.0.24]
2026-09-14T16:15:16.862+09:00  INFO 472 --- [mvc] [restartedMain] b.w.c.s.WebApplicationContextInitializer : Root WebApplicationContext: initialization completed in 552 ms
2026-09-14T16:15:16.887+09:00  INFO 472 --- [mvc] [restartedMain] org.hibernate.orm.jpa                    : HHH008540: Processing PersistenceUnitInfo [name: default]
2026-09-14T16:15:16.941+09:00  INFO 472 --- [mvc] [restartedMain] o.s.o.j.p.SpringPersistenceUnitInfo      : No LoadTimeWeaver setup: ignoring JPA class transformer
2026-09-14T16:15:16.943+09:00  INFO 472 --- [mvc] [restartedMain] com.zaxxer.hikari.HikariDataSource       : HikariPool-29 - Starting...
2026-09-14T16:15:16.945+09:00  INFO 472 --- [mvc] [restartedMain] com.zaxxer.hikari.pool.HikariPool        : HikariPool-29 - Added connection com.mysql.cj.jdbc.ConnectionImpl@612087
2026-09-14T16:15:16.945+09:00  INFO 472 --- [mvc] [restartedMain] com.zaxxer.hikari.HikariDataSource       : HikariPool-29 - Start completed.
2026-09-14T16:15:16.947+09:00  INFO 472 --- [mvc] [restartedMain] org.hibernate.orm.connections.pooling    : HHH10001005: Database info:
	Database JDBC URL [jdbc:mysql://localhost:3306/aloha?serverTimezone=Asia/Seoul&allowPublicKeyRetrieval=true&useSSL=false]
	Database driver: MySQL Connector/J
	Database dialect: MySQLDialect
	Database version: 8.0.46
	Default catalog/schema: aloha/undefined
	Autocommit mode: undefined/unknown
	Isolation level: REPEATABLE_READ [default REPEATABLE_READ]
	JDBC fetch size: none
	Pool: DataSourceConnectionProvider
	Minimum pool size: undefined/unknown
	Maximum pool size: undefined/unknown
2026-09-14T16:15:17.038+09:00  INFO 472 --- [mvc] [restartedMain] org.hibernate.orm.core                   : HHH000489: No JTA platform available (set 'hibernate.transaction.jta.platform' to enable JTA platform integration)
2026-09-14T16:15:17.047+09:00  INFO 472 --- [mvc] [restartedMain] j.LocalContainerEntityManagerFactoryBean : Initialized JPA EntityManagerFactory for persistence unit 'default'
2026-09-14T16:15:17.144+09:00  WARN 472 --- [mvc] [restartedMain] JpaBaseConfiguration$JpaWebConfiguration : spring.jpa.open-in-view is enabled by default. Therefore, database queries may be performed during view rendering. Explicitly configure spring.jpa.open-in-view to disable this warning
2026-09-14T16:15:17.188+09:00  WARN 472 --- [mvc] [restartedMain] .s.a.UserDetailsServiceAutoConfiguration : 

Using generated security password: e433ac0a-657b-47d1-9a18-2d895e915a48

This generated password is for development use only. Your security configuration must be updated before running your application in production.

2026-09-14T16:15:17.208+09:00  INFO 472 --- [mvc] [restartedMain] r$InitializeUserDetailsManagerConfigurer : Global AuthenticationManager configured with UserDetailsService bean with name inMemoryUserDetailsManager
2026-09-14T16:15:17.330+09:00  INFO 472 --- [mvc] [restartedMain] o.s.b.w.a.WelcomePageHandlerMapping      : Adding welcome page template: index
2026-09-14T16:15:17.395+09:00  INFO 472 --- [mvc] [restartedMain] o.s.boot.tomcat.TomcatWebServer          : Tomcat started on port 8080 (http) with context path '/'
2026-09-14T16:15:17.414+09:00  INFO 472 --- [mvc] [restartedMain] com.aloha.mvc.MvcApplication             : Started MvcApplication in 1.132 seconds (process running for 1127.452)
2026-09-14T16:15:17.415+09:00  INFO 472 --- [mvc] [restartedMain] .ConditionEvaluationDeltaLoggingListener : Condition evaluation unchanged
2026-09-14T16:15:18.803+09:00  INFO 472 --- [mvc] [File Watcher] rtingClassPathChangeChangedEventListener : Restarting due to 1 class path change (0 additions, 0 deletions, 1 modification)
2026-09-14T16:15:18.804+09:00  INFO 472 --- [mvc] [Thread-107] o.s.boot.tomcat.GracefulShutdown         : Commencing graceful shutdown. Waiting for active requests to complete
2026-09-14T16:15:18.885+09:00  INFO 472 --- [mvc] [tomcat-shutdown] o.s.boot.tomcat.GracefulShutdown         : Graceful shutdown complete
2026-09-14T16:15:18.887+09:00  INFO 472 --- [mvc] [Thread-107] j.LocalContainerEntityManagerFactoryBean : Closing JPA EntityManagerFactory for persistence unit 'default'
2026-09-14T16:15:18.887+09:00  INFO 472 --- [mvc] [Thread-107] com.zaxxer.hikari.HikariDataSource       : HikariPool-29 - Shutdown initiated...
2026-09-14T16:15:18.890+09:00  INFO 472 --- [mvc] [Thread-107] com.zaxxer.hikari.HikariDataSource       : HikariPool-29 - Shutdown completed.
2026-09-14T16:15:18.988+09:00  INFO 472 --- [mvc] [restartedMain] com.aloha.mvc.MvcApplication             : Starting MvcApplication using Java 17.0.12 with PID 472 (C:\ALOHA\GITHUB\AIOT7_SPRINGBOOT\mvc\bin\main started by Admin in C:\ALOHA\GITHUB\AIOT7_SPRINGBOOT)
2026-09-14T16:15:18.988+09:00  INFO 472 --- [mvc] [restartedMain] com.aloha.mvc.MvcApplication             : No active profile set, falling back to 1 default profile: "default"
2026-09-14T16:15:19.178+09:00  INFO 472 --- [mvc] [restartedMain] .s.d.r.c.RepositoryConfigurationDelegate : Bootstrapping Spring Data JPA repositories in DEFAULT mode.
2026-09-14T16:15:19.190+09:00  INFO 472 --- [mvc] [restartedMain] .s.d.r.c.RepositoryConfigurationDelegate : Finished Spring Data repository scanning in 11 ms. Found 2 JPA repository interfaces.
2026-09-14T16:15:19.255+09:00  INFO 472 --- [mvc] [restartedMain] o.s.boot.tomcat.TomcatWebServer          : Tomcat initialized with port 8080 (http)
2026-09-14T16:15:19.256+09:00  INFO 472 --- [mvc] [restartedMain] o.apache.catalina.core.StandardService   : Starting service [Tomcat]
2026-09-14T16:15:19.256+09:00  INFO 472 --- [mvc] [restartedMain] o.apache.catalina.core.StandardEngine    : Starting Servlet engine: [Apache Tomcat/11.0.24]
2026-09-14T16:15:19.277+09:00  INFO 472 --- [mvc] [restartedMain] b.w.c.s.WebApplicationContextInitializer : Root WebApplicationContext: initialization completed in 287 ms
2026-09-14T16:15:19.322+09:00  INFO 472 --- [mvc] [restartedMain] org.hibernate.orm.jpa                    : HHH008540: Processing PersistenceUnitInfo [name: default]
2026-09-14T16:15:19.392+09:00  INFO 472 --- [mvc] [restartedMain] o.s.o.j.p.SpringPersistenceUnitInfo      : No LoadTimeWeaver setup: ignoring JPA class transformer
2026-09-14T16:15:19.393+09:00  INFO 472 --- [mvc] [restartedMain] com.zaxxer.hikari.HikariDataSource       : HikariPool-30 - Starting...
2026-09-14T16:15:19.395+09:00  INFO 472 --- [mvc] [restartedMain] com.zaxxer.hikari.pool.HikariPool        : HikariPool-30 - Added connection com.mysql.cj.jdbc.ConnectionImpl@28b16218
2026-09-14T16:15:19.396+09:00  INFO 472 --- [mvc] [restartedMain] com.zaxxer.hikari.HikariDataSource       : HikariPool-30 - Start completed.
2026-09-14T16:15:19.397+09:00  INFO 472 --- [mvc] [restartedMain] org.hibernate.orm.connections.pooling    : HHH10001005: Database info:
	Database JDBC URL [jdbc:mysql://localhost:3306/aloha?serverTimezone=Asia/Seoul&allowPublicKeyRetrieval=true&useSSL=false]
	Database driver: MySQL Connector/J
	Database dialect: MySQLDialect
	Database version: 8.0.46
	Default catalog/schema: aloha/undefined
	Autocommit mode: undefined/unknown
	Isolation level: REPEATABLE_READ [default REPEATABLE_READ]
	JDBC fetch size: none
	Pool: DataSourceConnectionProvider
	Minimum pool size: undefined/unknown
	Maximum pool size: undefined/unknown
2026-09-14T16:15:19.467+09:00  INFO 472 --- [mvc] [restartedMain] org.hibernate.orm.core                   : HHH000489: No JTA platform available (set 'hibernate.transaction.jta.platform' to enable JTA platform integration)
2026-09-14T16:15:19.487+09:00  INFO 472 --- [mvc] [restartedMain] j.LocalContainerEntityManagerFactoryBean : Initialized JPA EntityManagerFactory for persistence unit 'default'
2026-09-14T16:15:19.546+09:00  WARN 472 --- [mvc] [restartedMain] JpaBaseConfiguration$JpaWebConfiguration : spring.jpa.open-in-view is enabled by default. Therefore, database queries may be performed during view rendering. Explicitly configure spring.jpa.open-in-view to disable this warning
2026-09-14T16:15:19.561+09:00  WARN 472 --- [mvc] [restartedMain] .s.a.UserDetailsServiceAutoConfiguration : 

Using generated security password: 5d9db20f-498c-4e7f-9923-029c4d955b02

This generated password is for development use only. Your security configuration must be updated before running your application in production.

2026-09-14T16:15:19.561+09:00  INFO 472 --- [mvc] [restartedMain] r$InitializeUserDetailsManagerConfigurer : Global AuthenticationManager configured with UserDetailsService bean with name inMemoryUserDetailsManager
2026-09-14T16:15:19.596+09:00  INFO 472 --- [mvc] [restartedMain] o.s.b.w.a.WelcomePageHandlerMapping      : Adding welcome page template: index
2026-09-14T16:15:19.642+09:00  INFO 472 --- [mvc] [restartedMain] o.s.boot.tomcat.TomcatWebServer          : Tomcat started on port 8080 (http) with context path '/'
2026-09-14T16:15:19.644+09:00  INFO 472 --- [mvc] [restartedMain] com.aloha.mvc.MvcApplication             : Started MvcApplication in 0.678 seconds (process running for 1129.683)
2026-09-14T16:15:19.645+09:00  INFO 472 --- [mvc] [restartedMain] .ConditionEvaluationDeltaLoggingListener : Condition evaluation unchanged
2026-09-14T16:15:43.531+09:00  INFO 472 --- [mvc] [File Watcher] rtingClassPathChangeChangedEventListener : Restarting due to 1 class path change (0 additions, 0 deletions, 1 modification)
2026-09-14T16:15:43.532+09:00  INFO 472 --- [mvc] [Thread-111] o.s.boot.tomcat.GracefulShutdown         : Commencing graceful shutdown. Waiting for active requests to complete
2026-09-14T16:15:43.692+09:00  INFO 472 --- [mvc] [tomcat-shutdown] o.s.boot.tomcat.GracefulShutdown         : Graceful shutdown complete
2026-09-14T16:15:43.693+09:00  INFO 472 --- [mvc] [Thread-111] j.LocalContainerEntityManagerFactoryBean : Closing JPA EntityManagerFactory for persistence unit 'default'
2026-09-14T16:15:43.693+09:00  INFO 472 --- [mvc] [Thread-111] com.zaxxer.hikari.HikariDataSource       : HikariPool-30 - Shutdown initiated...
2026-09-14T16:15:43.694+09:00  INFO 472 --- [mvc] [Thread-111] com.zaxxer.hikari.HikariDataSource       : HikariPool-30 - Shutdown completed.
2026-09-14T16:15:43.799+09:00  INFO 472 --- [mvc] [restartedMain] com.aloha.mvc.MvcApplication             : Starting MvcApplication using Java 17.0.12 with PID 472 (C:\ALOHA\GITHUB\AIOT7_SPRINGBOOT\mvc\bin\main started by Admin in C:\ALOHA\GITHUB\AIOT7_SPRINGBOOT)
2026-09-14T16:15:43.799+09:00  INFO 472 --- [mvc] [restartedMain] com.aloha.mvc.MvcApplication             : No active profile set, falling back to 1 default profile: "default"
2026-09-14T16:15:44.040+09:00  INFO 472 --- [mvc] [restartedMain] .s.d.r.c.RepositoryConfigurationDelegate : Bootstrapping Spring Data JPA repositories in DEFAULT mode.
2026-09-14T16:15:44.053+09:00  INFO 472 --- [mvc] [restartedMain] .s.d.r.c.RepositoryConfigurationDelegate : Finished Spring Data repository scanning in 11 ms. Found 2 JPA repository interfaces.
2026-09-14T16:15:44.147+09:00  INFO 472 --- [mvc] [restartedMain] o.s.boot.tomcat.TomcatWebServer          : Tomcat initialized with port 8080 (http)
2026-09-14T16:15:44.148+09:00  INFO 472 --- [mvc] [restartedMain] o.apache.catalina.core.StandardService   : Starting service [Tomcat]
2026-09-14T16:15:44.149+09:00  INFO 472 --- [mvc] [restartedMain] o.apache.catalina.core.StandardEngine    : Starting Servlet engine: [Apache Tomcat/11.0.24]
2026-09-14T16:15:44.182+09:00  INFO 472 --- [mvc] [restartedMain] b.w.c.s.WebApplicationContextInitializer : Root WebApplicationContext: initialization completed in 381 ms
2026-09-14T16:15:44.270+09:00  INFO 472 --- [mvc] [restartedMain] org.hibernate.orm.jpa                    : HHH008540: Processing PersistenceUnitInfo [name: default]
2026-09-14T16:15:44.346+09:00  INFO 472 --- [mvc] [restartedMain] o.s.o.j.p.SpringPersistenceUnitInfo      : No LoadTimeWeaver setup: ignoring JPA class transformer
2026-09-14T16:15:44.347+09:00  INFO 472 --- [mvc] [restartedMain] com.zaxxer.hikari.HikariDataSource       : HikariPool-31 - Starting...
2026-09-14T16:15:44.349+09:00  INFO 472 --- [mvc] [restartedMain] com.zaxxer.hikari.pool.HikariPool        : HikariPool-31 - Added connection com.mysql.cj.jdbc.ConnectionImpl@63c92d51
2026-09-14T16:15:44.350+09:00  INFO 472 --- [mvc] [restartedMain] com.zaxxer.hikari.HikariDataSource       : HikariPool-31 - Start completed.
2026-09-14T16:15:44.351+09:00  INFO 472 --- [mvc] [restartedMain] org.hibernate.orm.connections.pooling    : HHH10001005: Database info:
	Database JDBC URL [jdbc:mysql://localhost:3306/aloha?serverTimezone=Asia/Seoul&allowPublicKeyRetrieval=true&useSSL=false]
	Database driver: MySQL Connector/J
	Database dialect: MySQLDialect
	Database version: 8.0.46
	Default catalog/schema: aloha/undefined
	Autocommit mode: undefined/unknown
	Isolation level: REPEATABLE_READ [default REPEATABLE_READ]
	JDBC fetch size: none
	Pool: DataSourceConnectionProvider
	Minimum pool size: undefined/unknown
	Maximum pool size: undefined/unknown
2026-09-14T16:15:44.413+09:00  INFO 472 --- [mvc] [restartedMain] org.hibernate.orm.core                   : HHH000489: No JTA platform available (set 'hibernate.transaction.jta.platform' to enable JTA platform integration)
2026-09-14T16:15:44.425+09:00  INFO 472 --- [mvc] [restartedMain] j.LocalContainerEntityManagerFactoryBean : Initialized JPA EntityManagerFactory for persistence unit 'default'
2026-09-14T16:15:44.540+09:00  WARN 472 --- [mvc] [restartedMain] JpaBaseConfiguration$JpaWebConfiguration : spring.jpa.open-in-view is enabled by default. Therefore, database queries may be performed during view rendering. Explicitly configure spring.jpa.open-in-view to disable this warning
2026-09-14T16:15:44.625+09:00  WARN 472 --- [mvc] [restartedMain] .s.a.UserDetailsServiceAutoConfiguration : 

Using generated security password: a5ce03b8-9166-449b-82c8-2f2569b167be

This generated password is for development use only. Your security configuration must be updated before running your application in production.

2026-09-14T16:15:44.639+09:00  INFO 472 --- [mvc] [restartedMain] r$InitializeUserDetailsManagerConfigurer : Global AuthenticationManager configured with UserDetailsService bean with name inMemoryUserDetailsManager
2026-09-14T16:15:44.713+09:00  INFO 472 --- [mvc] [restartedMain] o.s.b.w.a.WelcomePageHandlerMapping      : Adding welcome page template: index
2026-09-14T16:15:44.761+09:00  INFO 472 --- [mvc] [restartedMain] o.s.boot.tomcat.TomcatWebServer          : Tomcat started on port 8080 (http) with context path '/'
2026-09-14T16:15:44.762+09:00  INFO 472 --- [mvc] [restartedMain] com.aloha.mvc.MvcApplication             : Started MvcApplication in 0.981 seconds (process running for 1154.8)
2026-09-14T16:15:44.762+09:00  INFO 472 --- [mvc] [restartedMain] .ConditionEvaluationDeltaLoggingListener : Condition evaluation unchanged
2026-09-14T16:15:47.688+09:00  INFO 472 --- [mvc] [File Watcher] rtingClassPathChangeChangedEventListener : Restarting due to 1 class path change (0 additions, 0 deletions, 1 modification)
2026-09-14T16:15:47.689+09:00  INFO 472 --- [mvc] [Thread-115] o.s.boot.tomcat.GracefulShutdown         : Commencing graceful shutdown. Waiting for active requests to complete
2026-09-14T16:15:47.773+09:00  INFO 472 --- [mvc] [tomcat-shutdown] o.s.boot.tomcat.GracefulShutdown         : Graceful shutdown complete
2026-09-14T16:15:47.774+09:00  INFO 472 --- [mvc] [Thread-115] j.LocalContainerEntityManagerFactoryBean : Closing JPA EntityManagerFactory for persistence unit 'default'
2026-09-14T16:15:47.774+09:00  INFO 472 --- [mvc] [Thread-115] com.zaxxer.hikari.HikariDataSource       : HikariPool-31 - Shutdown initiated...
2026-09-14T16:15:47.775+09:00  INFO 472 --- [mvc] [Thread-115] com.zaxxer.hikari.HikariDataSource       : HikariPool-31 - Shutdown completed.
2026-09-14T16:15:47.876+09:00  INFO 472 --- [mvc] [restartedMain] com.aloha.mvc.MvcApplication             : Starting MvcApplication using Java 17.0.12 with PID 472 (C:\ALOHA\GITHUB\AIOT7_SPRINGBOOT\mvc\bin\main started by Admin in C:\ALOHA\GITHUB\AIOT7_SPRINGBOOT)
2026-09-14T16:15:47.876+09:00  INFO 472 --- [mvc] [restartedMain] com.aloha.mvc.MvcApplication             : No active profile set, falling back to 1 default profile: "default"
2026-09-14T16:15:48.043+09:00  INFO 472 --- [mvc] [restartedMain] .s.d.r.c.RepositoryConfigurationDelegate : Bootstrapping Spring Data JPA repositories in DEFAULT mode.
2026-09-14T16:15:48.054+09:00  INFO 472 --- [mvc] [restartedMain] .s.d.r.c.RepositoryConfigurationDelegate : Finished Spring Data repository scanning in 9 ms. Found 2 JPA repository interfaces.
2026-09-14T16:15:48.121+09:00  INFO 472 --- [mvc] [restartedMain] o.s.boot.tomcat.TomcatWebServer          : Tomcat initialized with port 8080 (http)
2026-09-14T16:15:48.121+09:00  INFO 472 --- [mvc] [restartedMain] o.apache.catalina.core.StandardService   : Starting service [Tomcat]
2026-09-14T16:15:48.121+09:00  INFO 472 --- [mvc] [restartedMain] o.apache.catalina.core.StandardEngine    : Starting Servlet engine: [Apache Tomcat/11.0.24]
2026-09-14T16:15:48.144+09:00  INFO 472 --- [mvc] [restartedMain] b.w.c.s.WebApplicationContextInitializer : Root WebApplicationContext: initialization completed in 266 ms
2026-09-14T16:15:48.166+09:00  INFO 472 --- [mvc] [restartedMain] org.hibernate.orm.jpa                    : HHH008540: Processing PersistenceUnitInfo [name: default]
2026-09-14T16:15:48.213+09:00  INFO 472 --- [mvc] [restartedMain] o.s.o.j.p.SpringPersistenceUnitInfo      : No LoadTimeWeaver setup: ignoring JPA class transformer
2026-09-14T16:15:48.214+09:00  INFO 472 --- [mvc] [restartedMain] com.zaxxer.hikari.HikariDataSource       : HikariPool-32 - Starting...
2026-09-14T16:15:48.216+09:00  INFO 472 --- [mvc] [restartedMain] com.zaxxer.hikari.pool.HikariPool        : HikariPool-32 - Added connection com.mysql.cj.jdbc.ConnectionImpl@5646898a
2026-09-14T16:15:48.216+09:00  INFO 472 --- [mvc] [restartedMain] com.zaxxer.hikari.HikariDataSource       : HikariPool-32 - Start completed.
2026-09-14T16:15:48.218+09:00  INFO 472 --- [mvc] [restartedMain] org.hibernate.orm.connections.pooling    : HHH10001005: Database info:
	Database JDBC URL [jdbc:mysql://localhost:3306/aloha?serverTimezone=Asia/Seoul&allowPublicKeyRetrieval=true&useSSL=false]
	Database driver: MySQL Connector/J
	Database dialect: MySQLDialect
	Database version: 8.0.46
	Default catalog/schema: aloha/undefined
	Autocommit mode: undefined/unknown
	Isolation level: REPEATABLE_READ [default REPEATABLE_READ]
	JDBC fetch size: none
	Pool: DataSourceConnectionProvider
	Minimum pool size: undefined/unknown
	Maximum pool size: undefined/unknown
2026-09-14T16:15:48.281+09:00  INFO 472 --- [mvc] [restartedMain] org.hibernate.orm.core                   : HHH000489: No JTA platform available (set 'hibernate.transaction.jta.platform' to enable JTA platform integration)
2026-09-14T16:15:48.303+09:00  INFO 472 --- [mvc] [restartedMain] j.LocalContainerEntityManagerFactoryBean : Initialized JPA EntityManagerFactory for persistence unit 'default'
2026-09-14T16:15:48.358+09:00  WARN 472 --- [mvc] [restartedMain] JpaBaseConfiguration$JpaWebConfiguration : spring.jpa.open-in-view is enabled by default. Therefore, database queries may be performed during view rendering. Explicitly configure spring.jpa.open-in-view to disable this warning
2026-09-14T16:15:48.378+09:00  WARN 472 --- [mvc] [restartedMain] .s.a.UserDetailsServiceAutoConfiguration : 

Using generated security password: 09a8fb75-8961-4922-b276-3b8fddcfe636

This generated password is for development use only. Your security configuration must be updated before running your application in production.

2026-09-14T16:15:48.379+09:00  INFO 472 --- [mvc] [restartedMain] r$InitializeUserDetailsManagerConfigurer : Global AuthenticationManager configured with UserDetailsService bean with name inMemoryUserDetailsManager
2026-09-14T16:15:48.414+09:00  INFO 472 --- [mvc] [restartedMain] o.s.b.w.a.WelcomePageHandlerMapping      : Adding welcome page template: index
2026-09-14T16:15:48.470+09:00  INFO 472 --- [mvc] [restartedMain] o.s.boot.tomcat.TomcatWebServer          : Tomcat started on port 8080 (http) with context path '/'
2026-09-14T16:15:48.472+09:00  INFO 472 --- [mvc] [restartedMain] com.aloha.mvc.MvcApplication             : Started MvcApplication in 0.618 seconds (process running for 1158.511)
2026-09-14T16:15:48.474+09:00  INFO 472 --- [mvc] [restartedMain] .ConditionEvaluationDeltaLoggingListener : Condition evaluation unchanged
2026-09-14T16:15:58.087+09:00  INFO 472 --- [mvc] [File Watcher] rtingClassPathChangeChangedEventListener : Restarting due to 1 class path change (0 additions, 0 deletions, 1 modification)
2026-09-14T16:15:58.088+09:00  INFO 472 --- [mvc] [Thread-119] o.s.boot.tomcat.GracefulShutdown         : Commencing graceful shutdown. Waiting for active requests to complete
2026-09-14T16:15:58.183+09:00  INFO 472 --- [mvc] [tomcat-shutdown] o.s.boot.tomcat.GracefulShutdown         : Graceful shutdown complete
2026-09-14T16:15:58.184+09:00  INFO 472 --- [mvc] [Thread-119] j.LocalContainerEntityManagerFactoryBean : Closing JPA EntityManagerFactory for persistence unit 'default'
2026-09-14T16:15:58.185+09:00  INFO 472 --- [mvc] [Thread-119] com.zaxxer.hikari.HikariDataSource       : HikariPool-32 - Shutdown initiated...
2026-09-14T16:15:58.187+09:00  INFO 472 --- [mvc] [Thread-119] com.zaxxer.hikari.HikariDataSource       : HikariPool-32 - Shutdown completed.
2026-09-14T16:15:58.327+09:00  INFO 472 --- [mvc] [restartedMain] com.aloha.mvc.MvcApplication             : Starting MvcApplication using Java 17.0.12 with PID 472 (C:\ALOHA\GITHUB\AIOT7_SPRINGBOOT\mvc\bin\main started by Admin in C:\ALOHA\GITHUB\AIOT7_SPRINGBOOT)
2026-09-14T16:15:58.327+09:00  INFO 472 --- [mvc] [restartedMain] com.aloha.mvc.MvcApplication             : No active profile set, falling back to 1 default profile: "default"
2026-09-14T16:15:58.553+09:00  INFO 472 --- [mvc] [restartedMain] .s.d.r.c.RepositoryConfigurationDelegate : Bootstrapping Spring Data JPA repositories in DEFAULT mode.
2026-09-14T16:15:58.563+09:00  INFO 472 --- [mvc] [restartedMain] .s.d.r.c.RepositoryConfigurationDelegate : Finished Spring Data repository scanning in 9 ms. Found 2 JPA repository interfaces.
2026-09-14T16:15:58.663+09:00  INFO 472 --- [mvc] [restartedMain] o.s.boot.tomcat.TomcatWebServer          : Tomcat initialized with port 8080 (http)
2026-09-14T16:15:58.663+09:00  INFO 472 --- [mvc] [restartedMain] o.apache.catalina.core.StandardService   : Starting service [Tomcat]
2026-09-14T16:15:58.663+09:00  INFO 472 --- [mvc] [restartedMain] o.apache.catalina.core.StandardEngine    : Starting Servlet engine: [Apache Tomcat/11.0.24]
2026-09-14T16:15:58.685+09:00  INFO 472 --- [mvc] [restartedMain] b.w.c.s.WebApplicationContextInitializer : Root WebApplicationContext: initialization completed in 357 ms
2026-09-14T16:15:58.715+09:00  INFO 472 --- [mvc] [restartedMain] org.hibernate.orm.jpa                    : HHH008540: Processing PersistenceUnitInfo [name: default]
2026-09-14T16:15:58.880+09:00  INFO 472 --- [mvc] [restartedMain] o.s.o.j.p.SpringPersistenceUnitInfo      : No LoadTimeWeaver setup: ignoring JPA class transformer
2026-09-14T16:15:58.885+09:00  INFO 472 --- [mvc] [restartedMain] com.zaxxer.hikari.HikariDataSource       : HikariPool-33 - Starting...
2026-09-14T16:15:58.897+09:00  INFO 472 --- [mvc] [restartedMain] com.zaxxer.hikari.pool.HikariPool        : HikariPool-33 - Added connection com.mysql.cj.jdbc.ConnectionImpl@4dd1c9
2026-09-14T16:15:58.897+09:00  INFO 472 --- [mvc] [restartedMain] com.zaxxer.hikari.HikariDataSource       : HikariPool-33 - Start completed.
2026-09-14T16:15:58.898+09:00  INFO 472 --- [mvc] [restartedMain] org.hibernate.orm.connections.pooling    : HHH10001005: Database info:
	Database JDBC URL [jdbc:mysql://localhost:3306/aloha?serverTimezone=Asia/Seoul&allowPublicKeyRetrieval=true&useSSL=false]
	Database driver: MySQL Connector/J
	Database dialect: MySQLDialect
	Database version: 8.0.46
	Default catalog/schema: aloha/undefined
	Autocommit mode: undefined/unknown
	Isolation level: REPEATABLE_READ [default REPEATABLE_READ]
	JDBC fetch size: none
	Pool: DataSourceConnectionProvider
	Minimum pool size: undefined/unknown
	Maximum pool size: undefined/unknown
2026-09-14T16:15:59.170+09:00  INFO 472 --- [mvc] [restartedMain] org.hibernate.orm.core                   : HHH000489: No JTA platform available (set 'hibernate.transaction.jta.platform' to enable JTA platform integration)
2026-09-14T16:15:59.201+09:00  INFO 472 --- [mvc] [restartedMain] j.LocalContainerEntityManagerFactoryBean : Initialized JPA EntityManagerFactory for persistence unit 'default'
2026-09-14T16:15:59.309+09:00  WARN 472 --- [mvc] [restartedMain] JpaBaseConfiguration$JpaWebConfiguration : spring.jpa.open-in-view is enabled by default. Therefore, database queries may be performed during view rendering. Explicitly configure spring.jpa.open-in-view to disable this warning
2026-09-14T16:15:59.361+09:00  WARN 472 --- [mvc] [restartedMain] .s.a.UserDetailsServiceAutoConfiguration : 

Using generated security password: f242b5b7-2286-4158-b777-df26a2a22cbd

This generated password is for development use only. Your security configuration must be updated before running your application in production.

2026-09-14T16:15:59.391+09:00  INFO 472 --- [mvc] [restartedMain] r$InitializeUserDetailsManagerConfigurer : Global AuthenticationManager configured with UserDetailsService bean with name inMemoryUserDetailsManager
2026-09-14T16:15:59.508+09:00  INFO 472 --- [mvc] [restartedMain] o.s.b.w.a.WelcomePageHandlerMapping      : Adding welcome page template: index
2026-09-14T16:15:59.794+09:00  INFO 472 --- [mvc] [restartedMain] o.s.boot.tomcat.TomcatWebServer          : Tomcat started on port 8080 (http) with context path '/'
2026-09-14T16:15:59.889+09:00  INFO 472 --- [mvc] [restartedMain] com.aloha.mvc.MvcApplication             : Started MvcApplication in 1.587 seconds (process running for 1169.927)
2026-09-14T16:15:59.948+09:00  INFO 472 --- [mvc] [restartedMain] .ConditionEvaluationDeltaLoggingListener : Condition evaluation unchanged
2026-09-14T16:16:01.107+09:00  INFO 472 --- [mvc] [File Watcher] rtingClassPathChangeChangedEventListener : Restarting due to 1 class path change (0 additions, 0 deletions, 1 modification)
2026-09-14T16:16:01.110+09:00  INFO 472 --- [mvc] [Thread-123] o.s.boot.tomcat.GracefulShutdown         : Commencing graceful shutdown. Waiting for active requests to complete
2026-09-14T16:16:01.211+09:00  INFO 472 --- [mvc] [tomcat-shutdown] o.s.boot.tomcat.GracefulShutdown         : Graceful shutdown complete
2026-09-14T16:16:01.213+09:00  INFO 472 --- [mvc] [Thread-123] j.LocalContainerEntityManagerFactoryBean : Closing JPA EntityManagerFactory for persistence unit 'default'
2026-09-14T16:16:01.213+09:00  INFO 472 --- [mvc] [Thread-123] com.zaxxer.hikari.HikariDataSource       : HikariPool-33 - Shutdown initiated...
2026-09-14T16:16:01.215+09:00  INFO 472 --- [mvc] [Thread-123] com.zaxxer.hikari.HikariDataSource       : HikariPool-33 - Shutdown completed.
2026-09-14T16:16:01.432+09:00  INFO 472 --- [mvc] [restartedMain] com.aloha.mvc.MvcApplication             : Starting MvcApplication using Java 17.0.12 with PID 472 (C:\ALOHA\GITHUB\AIOT7_SPRINGBOOT\mvc\bin\main started by Admin in C:\ALOHA\GITHUB\AIOT7_SPRINGBOOT)
2026-09-14T16:16:01.435+09:00  INFO 472 --- [mvc] [restartedMain] com.aloha.mvc.MvcApplication             : No active profile set, falling back to 1 default profile: "default"
2026-09-14T16:16:02.040+09:00  INFO 472 --- [mvc] [restartedMain] .s.d.r.c.RepositoryConfigurationDelegate : Bootstrapping Spring Data JPA repositories in DEFAULT mode.
2026-09-14T16:16:02.128+09:00  INFO 472 --- [mvc] [restartedMain] .s.d.r.c.RepositoryConfigurationDelegate : Finished Spring Data repository scanning in 71 ms. Found 2 JPA repository interfaces.
2026-09-14T16:16:02.437+09:00  INFO 472 --- [mvc] [restartedMain] o.s.boot.tomcat.TomcatWebServer          : Tomcat initialized with port 8080 (http)
2026-09-14T16:16:02.437+09:00  INFO 472 --- [mvc] [restartedMain] o.apache.catalina.core.StandardService   : Starting service [Tomcat]
2026-09-14T16:16:02.438+09:00  INFO 472 --- [mvc] [restartedMain] o.apache.catalina.core.StandardEngine    : Starting Servlet engine: [Apache Tomcat/11.0.24]
2026-09-14T16:16:02.522+09:00  INFO 472 --- [mvc] [restartedMain] b.w.c.s.WebApplicationContextInitializer : Root WebApplicationContext: initialization completed in 1084 ms
2026-09-14T16:16:02.612+09:00  INFO 472 --- [mvc] [restartedMain] org.hibernate.orm.jpa                    : HHH008540: Processing PersistenceUnitInfo [name: default]
2026-09-14T16:16:02.680+09:00  INFO 472 --- [mvc] [restartedMain] o.s.o.j.p.SpringPersistenceUnitInfo      : No LoadTimeWeaver setup: ignoring JPA class transformer
2026-09-14T16:16:02.681+09:00  INFO 472 --- [mvc] [restartedMain] com.zaxxer.hikari.HikariDataSource       : HikariPool-34 - Starting...
2026-09-14T16:16:02.685+09:00  INFO 472 --- [mvc] [restartedMain] com.zaxxer.hikari.pool.HikariPool        : HikariPool-34 - Added connection com.mysql.cj.jdbc.ConnectionImpl@1f889129
2026-09-14T16:16:02.685+09:00  INFO 472 --- [mvc] [restartedMain] com.zaxxer.hikari.HikariDataSource       : HikariPool-34 - Start completed.
2026-09-14T16:16:02.688+09:00  INFO 472 --- [mvc] [restartedMain] org.hibernate.orm.connections.pooling    : HHH10001005: Database info:
	Database JDBC URL [jdbc:mysql://localhost:3306/aloha?serverTimezone=Asia/Seoul&allowPublicKeyRetrieval=true&useSSL=false]
	Database driver: MySQL Connector/J
	Database dialect: MySQLDialect
	Database version: 8.0.46
	Default catalog/schema: aloha/undefined
	Autocommit mode: undefined/unknown
	Isolation level: REPEATABLE_READ [default REPEATABLE_READ]
	JDBC fetch size: none
	Pool: DataSourceConnectionProvider
	Minimum pool size: undefined/unknown
	Maximum pool size: undefined/unknown
2026-09-14T16:16:02.755+09:00  INFO 472 --- [mvc] [restartedMain] org.hibernate.orm.core                   : HHH000489: No JTA platform available (set 'hibernate.transaction.jta.platform' to enable JTA platform integration)
2026-09-14T16:16:02.771+09:00  INFO 472 --- [mvc] [restartedMain] j.LocalContainerEntityManagerFactoryBean : Initialized JPA EntityManagerFactory for persistence unit 'default'
2026-09-14T16:16:02.828+09:00  WARN 472 --- [mvc] [restartedMain] JpaBaseConfiguration$JpaWebConfiguration : spring.jpa.open-in-view is enabled by default. Therefore, database queries may be performed during view rendering. Explicitly configure spring.jpa.open-in-view to disable this warning
2026-09-14T16:16:02.849+09:00  WARN 472 --- [mvc] [restartedMain] .s.a.UserDetailsServiceAutoConfiguration : 

Using generated security password: 685790f7-3975-410d-8ac3-37b52690423b

This generated password is for development use only. Your security configuration must be updated before running your application in production.

2026-09-14T16:16:02.850+09:00  INFO 472 --- [mvc] [restartedMain] r$InitializeUserDetailsManagerConfigurer : Global AuthenticationManager configured with UserDetailsService bean with name inMemoryUserDetailsManager
2026-09-14T16:16:02.883+09:00  INFO 472 --- [mvc] [restartedMain] o.s.b.w.a.WelcomePageHandlerMapping      : Adding welcome page template: index
2026-09-14T16:16:02.936+09:00  INFO 472 --- [mvc] [restartedMain] o.s.boot.tomcat.TomcatWebServer          : Tomcat started on port 8080 (http) with context path '/'
2026-09-14T16:16:02.938+09:00  INFO 472 --- [mvc] [restartedMain] com.aloha.mvc.MvcApplication             : Started MvcApplication in 1.533 seconds (process running for 1172.977)
2026-09-14T16:16:02.940+09:00  INFO 472 --- [mvc] [restartedMain] .ConditionEvaluationDeltaLoggingListener : Condition evaluation unchanged
2026-09-14T16:16:04.350+09:00  INFO 472 --- [mvc] [File Watcher] rtingClassPathChangeChangedEventListener : Restarting due to 1 class path change (0 additions, 0 deletions, 1 modification)
2026-09-14T16:16:04.352+09:00  INFO 472 --- [mvc] [Thread-127] o.s.boot.tomcat.GracefulShutdown         : Commencing graceful shutdown. Waiting for active requests to complete
2026-09-14T16:16:04.724+09:00  INFO 472 --- [mvc] [tomcat-shutdown] o.s.boot.tomcat.GracefulShutdown         : Graceful shutdown complete
2026-09-14T16:16:04.730+09:00  INFO 472 --- [mvc] [Thread-127] j.LocalContainerEntityManagerFactoryBean : Closing JPA EntityManagerFactory for persistence unit 'default'
2026-09-14T16:16:04.731+09:00  INFO 472 --- [mvc] [Thread-127] com.zaxxer.hikari.HikariDataSource       : HikariPool-34 - Shutdown initiated...
2026-09-14T16:16:04.746+09:00  INFO 472 --- [mvc] [Thread-127] com.zaxxer.hikari.HikariDataSource       : HikariPool-34 - Shutdown completed.
2026-09-14T16:16:04.946+09:00  INFO 472 --- [mvc] [restartedMain] com.aloha.mvc.MvcApplication             : Starting MvcApplication using Java 17.0.12 with PID 472 (C:\ALOHA\GITHUB\AIOT7_SPRINGBOOT\mvc\bin\main started by Admin in C:\ALOHA\GITHUB\AIOT7_SPRINGBOOT)
2026-09-14T16:16:04.946+09:00  INFO 472 --- [mvc] [restartedMain] com.aloha.mvc.MvcApplication             : No active profile set, falling back to 1 default profile: "default"
2026-09-14T16:16:05.221+09:00  INFO 472 --- [mvc] [restartedMain] .s.d.r.c.RepositoryConfigurationDelegate : Bootstrapping Spring Data JPA repositories in DEFAULT mode.
2026-09-14T16:16:05.235+09:00  INFO 472 --- [mvc] [restartedMain] .s.d.r.c.RepositoryConfigurationDelegate : Finished Spring Data repository scanning in 13 ms. Found 2 JPA repository interfaces.
2026-09-14T16:16:05.639+09:00  INFO 472 --- [mvc] [restartedMain] o.s.boot.tomcat.TomcatWebServer          : Tomcat initialized with port 8080 (http)
2026-09-14T16:16:05.709+09:00  INFO 472 --- [mvc] [restartedMain] o.apache.catalina.core.StandardService   : Starting service [Tomcat]
2026-09-14T16:16:05.726+09:00  INFO 472 --- [mvc] [restartedMain] o.apache.catalina.core.StandardEngine    : Starting Servlet engine: [Apache Tomcat/11.0.24]
2026-09-14T16:16:05.779+09:00  INFO 472 --- [mvc] [restartedMain] b.w.c.s.WebApplicationContextInitializer : Root WebApplicationContext: initialization completed in 820 ms
2026-09-14T16:16:05.827+09:00  INFO 472 --- [mvc] [restartedMain] org.hibernate.orm.jpa                    : HHH008540: Processing PersistenceUnitInfo [name: default]
2026-09-14T16:16:05.882+09:00  INFO 472 --- [mvc] [restartedMain] o.s.o.j.p.SpringPersistenceUnitInfo      : No LoadTimeWeaver setup: ignoring JPA class transformer
2026-09-14T16:16:05.884+09:00  INFO 472 --- [mvc] [restartedMain] com.zaxxer.hikari.HikariDataSource       : HikariPool-35 - Starting...
2026-09-14T16:16:05.887+09:00  INFO 472 --- [mvc] [restartedMain] com.zaxxer.hikari.pool.HikariPool        : HikariPool-35 - Added connection com.mysql.cj.jdbc.ConnectionImpl@3228295f
2026-09-14T16:16:05.887+09:00  INFO 472 --- [mvc] [restartedMain] com.zaxxer.hikari.HikariDataSource       : HikariPool-35 - Start completed.
2026-09-14T16:16:05.889+09:00  INFO 472 --- [mvc] [restartedMain] org.hibernate.orm.connections.pooling    : HHH10001005: Database info:
	Database JDBC URL [jdbc:mysql://localhost:3306/aloha?serverTimezone=Asia/Seoul&allowPublicKeyRetrieval=true&useSSL=false]
	Database driver: MySQL Connector/J
	Database dialect: MySQLDialect
	Database version: 8.0.46
	Default catalog/schema: aloha/undefined
	Autocommit mode: undefined/unknown
	Isolation level: REPEATABLE_READ [default REPEATABLE_READ]
	JDBC fetch size: none
	Pool: DataSourceConnectionProvider
	Minimum pool size: undefined/unknown
	Maximum pool size: undefined/unknown
2026-09-14T16:16:05.952+09:00  INFO 472 --- [mvc] [restartedMain] org.hibernate.orm.core                   : HHH000489: No JTA platform available (set 'hibernate.transaction.jta.platform' to enable JTA platform integration)
2026-09-14T16:16:05.961+09:00  INFO 472 --- [mvc] [restartedMain] j.LocalContainerEntityManagerFactoryBean : Initialized JPA EntityManagerFactory for persistence unit 'default'
2026-09-14T16:16:06.043+09:00  WARN 472 --- [mvc] [restartedMain] JpaBaseConfiguration$JpaWebConfiguration : spring.jpa.open-in-view is enabled by default. Therefore, database queries may be performed during view rendering. Explicitly configure spring.jpa.open-in-view to disable this warning
2026-09-14T16:16:06.064+09:00  WARN 472 --- [mvc] [restartedMain] .s.a.UserDetailsServiceAutoConfiguration : 

Using generated security password: fef2b1b4-4436-45a6-8f3d-a6b4f743501b

This generated password is for development use only. Your security configuration must be updated before running your application in production.

2026-09-14T16:16:06.064+09:00  INFO 472 --- [mvc] [restartedMain] r$InitializeUserDetailsManagerConfigurer : Global AuthenticationManager configured with UserDetailsService bean with name inMemoryUserDetailsManager
2026-09-14T16:16:06.097+09:00  INFO 472 --- [mvc] [restartedMain] o.s.b.w.a.WelcomePageHandlerMapping      : Adding welcome page template: index
2026-09-14T16:16:06.205+09:00  INFO 472 --- [mvc] [restartedMain] o.s.boot.tomcat.TomcatWebServer          : Tomcat started on port 8080 (http) with context path '/'
2026-09-14T16:16:06.209+09:00  INFO 472 --- [mvc] [restartedMain] com.aloha.mvc.MvcApplication             : Started MvcApplication in 1.312 seconds (process running for 1176.248)
2026-09-14T16:16:06.211+09:00  INFO 472 --- [mvc] [restartedMain] .ConditionEvaluationDeltaLoggingListener : Condition evaluation unchanged
2026-09-14T16:16:18.927+09:00  INFO 472 --- [mvc] [File Watcher] rtingClassPathChangeChangedEventListener : Restarting due to 1 class path change (0 additions, 0 deletions, 1 modification)
2026-09-14T16:16:18.928+09:00  INFO 472 --- [mvc] [Thread-131] o.s.boot.tomcat.GracefulShutdown         : Commencing graceful shutdown. Waiting for active requests to complete
2026-09-14T16:16:19.024+09:00  INFO 472 --- [mvc] [tomcat-shutdown] o.s.boot.tomcat.GracefulShutdown         : Graceful shutdown complete
2026-09-14T16:16:19.026+09:00  INFO 472 --- [mvc] [Thread-131] j.LocalContainerEntityManagerFactoryBean : Closing JPA EntityManagerFactory for persistence unit 'default'
2026-09-14T16:16:19.026+09:00  INFO 472 --- [mvc] [Thread-131] com.zaxxer.hikari.HikariDataSource       : HikariPool-35 - Shutdown initiated...
2026-09-14T16:16:19.028+09:00  INFO 472 --- [mvc] [Thread-131] com.zaxxer.hikari.HikariDataSource       : HikariPool-35 - Shutdown completed.
2026-09-14T16:16:19.213+09:00  INFO 472 --- [mvc] [restartedMain] com.aloha.mvc.MvcApplication             : Starting MvcApplication using Java 17.0.12 with PID 472 (C:\ALOHA\GITHUB\AIOT7_SPRINGBOOT\mvc\bin\main started by Admin in C:\ALOHA\GITHUB\AIOT7_SPRINGBOOT)
2026-09-14T16:16:19.213+09:00  INFO 472 --- [mvc] [restartedMain] com.aloha.mvc.MvcApplication             : No active profile set, falling back to 1 default profile: "default"
2026-09-14T16:16:19.467+09:00  INFO 472 --- [mvc] [restartedMain] .s.d.r.c.RepositoryConfigurationDelegate : Bootstrapping Spring Data JPA repositories in DEFAULT mode.
2026-09-14T16:16:19.481+09:00  INFO 472 --- [mvc] [restartedMain] .s.d.r.c.RepositoryConfigurationDelegate : Finished Spring Data repository scanning in 12 ms. Found 2 JPA repository interfaces.
2026-09-14T16:16:19.604+09:00  INFO 472 --- [mvc] [restartedMain] o.s.boot.tomcat.TomcatWebServer          : Tomcat initialized with port 8080 (http)
2026-09-14T16:16:19.605+09:00  INFO 472 --- [mvc] [restartedMain] o.apache.catalina.core.StandardService   : Starting service [Tomcat]
2026-09-14T16:16:19.605+09:00  INFO 472 --- [mvc] [restartedMain] o.apache.catalina.core.StandardEngine    : Starting Servlet engine: [Apache Tomcat/11.0.24]
2026-09-14T16:16:19.627+09:00  INFO 472 --- [mvc] [restartedMain] b.w.c.s.WebApplicationContextInitializer : Root WebApplicationContext: initialization completed in 412 ms
2026-09-14T16:16:19.651+09:00  INFO 472 --- [mvc] [restartedMain] org.hibernate.orm.jpa                    : HHH008540: Processing PersistenceUnitInfo [name: default]
2026-09-14T16:16:19.695+09:00  INFO 472 --- [mvc] [restartedMain] o.s.o.j.p.SpringPersistenceUnitInfo      : No LoadTimeWeaver setup: ignoring JPA class transformer
2026-09-14T16:16:19.696+09:00  INFO 472 --- [mvc] [restartedMain] com.zaxxer.hikari.HikariDataSource       : HikariPool-36 - Starting...
2026-09-14T16:16:19.698+09:00  INFO 472 --- [mvc] [restartedMain] com.zaxxer.hikari.pool.HikariPool        : HikariPool-36 - Added connection com.mysql.cj.jdbc.ConnectionImpl@763390db
2026-09-14T16:16:19.698+09:00  INFO 472 --- [mvc] [restartedMain] com.zaxxer.hikari.HikariDataSource       : HikariPool-36 - Start completed.
2026-09-14T16:16:19.700+09:00  INFO 472 --- [mvc] [restartedMain] org.hibernate.orm.connections.pooling    : HHH10001005: Database info:
	Database JDBC URL [jdbc:mysql://localhost:3306/aloha?serverTimezone=Asia/Seoul&allowPublicKeyRetrieval=true&useSSL=false]
	Database driver: MySQL Connector/J
	Database dialect: MySQLDialect
	Database version: 8.0.46
	Default catalog/schema: aloha/undefined
	Autocommit mode: undefined/unknown
	Isolation level: REPEATABLE_READ [default REPEATABLE_READ]
	JDBC fetch size: none
	Pool: DataSourceConnectionProvider
	Minimum pool size: undefined/unknown
	Maximum pool size: undefined/unknown
2026-09-14T16:16:19.753+09:00  INFO 472 --- [mvc] [restartedMain] org.hibernate.orm.core                   : HHH000489: No JTA platform available (set 'hibernate.transaction.jta.platform' to enable JTA platform integration)
2026-09-14T16:16:19.762+09:00  INFO 472 --- [mvc] [restartedMain] j.LocalContainerEntityManagerFactoryBean : Initialized JPA EntityManagerFactory for persistence unit 'default'
2026-09-14T16:16:19.811+09:00  WARN 472 --- [mvc] [restartedMain] JpaBaseConfiguration$JpaWebConfiguration : spring.jpa.open-in-view is enabled by default. Therefore, database queries may be performed during view rendering. Explicitly configure spring.jpa.open-in-view to disable this warning
2026-09-14T16:16:19.837+09:00  WARN 472 --- [mvc] [restartedMain] .s.a.UserDetailsServiceAutoConfiguration : 

Using generated security password: 5f994c0f-1799-4bbe-ac72-412efb1fcfc8

This generated password is for development use only. Your security configuration must be updated before running your application in production.

2026-09-14T16:16:19.838+09:00  INFO 472 --- [mvc] [restartedMain] r$InitializeUserDetailsManagerConfigurer : Global AuthenticationManager configured with UserDetailsService bean with name inMemoryUserDetailsManager
2026-09-14T16:16:19.872+09:00  INFO 472 --- [mvc] [restartedMain] o.s.b.w.a.WelcomePageHandlerMapping      : Adding welcome page template: index
2026-09-14T16:16:19.916+09:00  INFO 472 --- [mvc] [restartedMain] o.s.boot.tomcat.TomcatWebServer          : Tomcat started on port 8080 (http) with context path '/'
2026-09-14T16:16:19.918+09:00  INFO 472 --- [mvc] [restartedMain] com.aloha.mvc.MvcApplication             : Started MvcApplication in 0.731 seconds (process running for 1189.957)
2026-09-14T16:16:19.920+09:00  INFO 472 --- [mvc] [restartedMain] .ConditionEvaluationDeltaLoggingListener : Condition evaluation unchanged
2026-09-14T16:16:29.594+09:00  INFO 472 --- [mvc] [File Watcher] rtingClassPathChangeChangedEventListener : Restarting due to 1 class path change (0 additions, 0 deletions, 1 modification)
2026-09-14T16:16:29.657+09:00  INFO 472 --- [mvc] [Thread-135] o.s.boot.tomcat.GracefulShutdown         : Commencing graceful shutdown. Waiting for active requests to complete
2026-09-14T16:16:29.812+09:00  INFO 472 --- [mvc] [tomcat-shutdown] o.s.boot.tomcat.GracefulShutdown         : Graceful shutdown complete
2026-09-14T16:16:29.813+09:00  INFO 472 --- [mvc] [Thread-135] j.LocalContainerEntityManagerFactoryBean : Closing JPA EntityManagerFactory for persistence unit 'default'
2026-09-14T16:16:29.814+09:00  INFO 472 --- [mvc] [Thread-135] com.zaxxer.hikari.HikariDataSource       : HikariPool-36 - Shutdown initiated...
2026-09-14T16:16:29.814+09:00  INFO 472 --- [mvc] [Thread-135] com.zaxxer.hikari.HikariDataSource       : HikariPool-36 - Shutdown completed.
2026-09-14T16:16:29.991+09:00  INFO 472 --- [mvc] [restartedMain] com.aloha.mvc.MvcApplication             : Starting MvcApplication using Java 17.0.12 with PID 472 (C:\ALOHA\GITHUB\AIOT7_SPRINGBOOT\mvc\bin\main started by Admin in C:\ALOHA\GITHUB\AIOT7_SPRINGBOOT)
2026-09-14T16:16:29.995+09:00  INFO 472 --- [mvc] [restartedMain] com.aloha.mvc.MvcApplication             : No active profile set, falling back to 1 default profile: "default"
2026-09-14T16:16:30.299+09:00  INFO 472 --- [mvc] [restartedMain] .s.d.r.c.RepositoryConfigurationDelegate : Bootstrapping Spring Data JPA repositories in DEFAULT mode.
2026-09-14T16:16:30.312+09:00  INFO 472 --- [mvc] [restartedMain] .s.d.r.c.RepositoryConfigurationDelegate : Finished Spring Data repository scanning in 11 ms. Found 2 JPA repository interfaces.
2026-09-14T16:16:30.496+09:00  INFO 472 --- [mvc] [restartedMain] o.s.boot.tomcat.TomcatWebServer          : Tomcat initialized with port 8080 (http)
2026-09-14T16:16:30.497+09:00  INFO 472 --- [mvc] [restartedMain] o.apache.catalina.core.StandardService   : Starting service [Tomcat]
2026-09-14T16:16:30.497+09:00  INFO 472 --- [mvc] [restartedMain] o.apache.catalina.core.StandardEngine    : Starting Servlet engine: [Apache Tomcat/11.0.24]
2026-09-14T16:16:30.523+09:00  INFO 472 --- [mvc] [restartedMain] b.w.c.s.WebApplicationContextInitializer : Root WebApplicationContext: initialization completed in 514 ms
2026-09-14T16:16:30.594+09:00  INFO 472 --- [mvc] [restartedMain] org.hibernate.orm.jpa                    : HHH008540: Processing PersistenceUnitInfo [name: default]
2026-09-14T16:16:30.647+09:00  INFO 472 --- [mvc] [restartedMain] o.s.o.j.p.SpringPersistenceUnitInfo      : No LoadTimeWeaver setup: ignoring JPA class transformer
2026-09-14T16:16:30.648+09:00  INFO 472 --- [mvc] [restartedMain] com.zaxxer.hikari.HikariDataSource       : HikariPool-37 - Starting...
2026-09-14T16:16:30.651+09:00  INFO 472 --- [mvc] [restartedMain] com.zaxxer.hikari.pool.HikariPool        : HikariPool-37 - Added connection com.mysql.cj.jdbc.ConnectionImpl@6ada5905
2026-09-14T16:16:30.651+09:00  INFO 472 --- [mvc] [restartedMain] com.zaxxer.hikari.HikariDataSource       : HikariPool-37 - Start completed.
2026-09-14T16:16:30.653+09:00  INFO 472 --- [mvc] [restartedMain] org.hibernate.orm.connections.pooling    : HHH10001005: Database info:
	Database JDBC URL [jdbc:mysql://localhost:3306/aloha?serverTimezone=Asia/Seoul&allowPublicKeyRetrieval=true&useSSL=false]
	Database driver: MySQL Connector/J
	Database dialect: MySQLDialect
	Database version: 8.0.46
	Default catalog/schema: aloha/undefined
	Autocommit mode: undefined/unknown
	Isolation level: REPEATABLE_READ [default REPEATABLE_READ]
	JDBC fetch size: none
	Pool: DataSourceConnectionProvider
	Minimum pool size: undefined/unknown
	Maximum pool size: undefined/unknown
2026-09-14T16:16:30.706+09:00  INFO 472 --- [mvc] [restartedMain] org.hibernate.orm.core                   : HHH000489: No JTA platform available (set 'hibernate.transaction.jta.platform' to enable JTA platform integration)
2026-09-14T16:16:30.713+09:00  INFO 472 --- [mvc] [restartedMain] j.LocalContainerEntityManagerFactoryBean : Initialized JPA EntityManagerFactory for persistence unit 'default'
2026-09-14T16:16:30.732+09:00  WARN 472 --- [mvc] [restartedMain] ConfigServletWebServerApplicationContext : Exception encountered during context initialization - cancelling refresh attempt: org.springframework.beans.factory.BeanCreationException: Error creating bean with name 'postController': Lookup method resolution failed
2026-09-14T16:16:30.732+09:00  INFO 472 --- [mvc] [restartedMain] j.LocalContainerEntityManagerFactoryBean : Closing JPA EntityManagerFactory for persistence unit 'default'
2026-09-14T16:16:30.732+09:00  INFO 472 --- [mvc] [restartedMain] com.zaxxer.hikari.HikariDataSource       : HikariPool-37 - Shutdown initiated...
2026-09-14T16:16:30.735+09:00  INFO 472 --- [mvc] [restartedMain] com.zaxxer.hikari.HikariDataSource       : HikariPool-37 - Shutdown completed.
2026-09-14T16:16:30.736+09:00  INFO 472 --- [mvc] [restartedMain] o.apache.catalina.core.StandardService   : Stopping service [Tomcat]
2026-09-14T16:16:30.742+09:00  INFO 472 --- [mvc] [restartedMain] .s.b.a.l.ConditionEvaluationReportLogger : 

Error starting ApplicationContext. To display the condition evaluation report re-run your application with 'debug' enabled.
2026-09-14T16:16:30.746+09:00 ERROR 472 --- [mvc] [restartedMain] o.s.boot.SpringApplication               : Application run failed

org.springframework.beans.factory.BeanCreationException: Error creating bean with name 'postController': Lookup method resolution failed
	at org.springframework.beans.factory.annotation.AutowiredAnnotationBeanPostProcessor.checkLookupMethods(AutowiredAnnotationBeanPostProcessor.java:482) ~[spring-beans-7.0.9.jar:7.0.9]
	at org.springframework.beans.factory.annotation.AutowiredAnnotationBeanPostProcessor.determineCandidateConstructors(AutowiredAnnotationBeanPostProcessor.java:352) ~[spring-beans-7.0.9.jar:7.0.9]
	at org.springframework.beans.factory.support.AbstractAutowireCapableBeanFactory.determineConstructorsFromBeanPostProcessors(AbstractAutowireCapableBeanFactory.java:1319) ~[spring-beans-7.0.9.jar:7.0.9]
	at org.springframework.beans.factory.support.AbstractAutowireCapableBeanFactory.createBeanInstance(AbstractAutowireCapableBeanFactory.java:1216) ~[spring-beans-7.0.9.jar:7.0.9]
	at org.springframework.beans.factory.support.AbstractAutowireCapableBeanFactory.doCreateBean(AbstractAutowireCapableBeanFactory.java:565) ~[spring-beans-7.0.9.jar:7.0.9]
	at org.springframework.beans.factory.support.AbstractAutowireCapableBeanFactory.createBean(AbstractAutowireCapableBeanFactory.java:525) ~[spring-beans-7.0.9.jar:7.0.9]
	at org.springframework.beans.factory.support.AbstractBeanFactory.lambda$doGetBean$0(AbstractBeanFactory.java:333) ~[spring-beans-7.0.9.jar:7.0.9]
	at org.springframework.beans.factory.support.DefaultSingletonBeanRegistry.getSingleton(DefaultSingletonBeanRegistry.java:371) ~[spring-beans-7.0.9.jar:7.0.9]
	at org.springframework.beans.factory.support.AbstractBeanFactory.doGetBean(AbstractBeanFactory.java:331) ~[spring-beans-7.0.9.jar:7.0.9]
	at org.springframework.beans.factory.support.AbstractBeanFactory.getBean(AbstractBeanFactory.java:196) ~[spring-beans-7.0.9.jar:7.0.9]
	at org.springframework.beans.factory.support.DefaultListableBeanFactory.instantiateSingleton(DefaultListableBeanFactory.java:1225) ~[spring-beans-7.0.9.jar:7.0.9]
	at org.springframework.beans.factory.support.DefaultListableBeanFactory.preInstantiateSingleton(DefaultListableBeanFactory.java:1191) ~[spring-beans-7.0.9.jar:7.0.9]
	at org.springframework.beans.factory.support.DefaultListableBeanFactory.preInstantiateSingletons(DefaultListableBeanFactory.java:1121) ~[spring-beans-7.0.9.jar:7.0.9]
	at org.springframework.context.support.AbstractApplicationContext.finishBeanFactoryInitialization(AbstractApplicationContext.java:994) ~[spring-context-7.0.9.jar:7.0.9]
	at org.springframework.context.support.AbstractApplicationContext.refresh(AbstractApplicationContext.java:621) ~[spring-context-7.0.9.jar:7.0.9]
	at org.springframework.boot.web.server.servlet.context.ServletWebServerApplicationContext.refresh(ServletWebServerApplicationContext.java:143) ~[spring-boot-web-server-4.1.1.jar:4.1.1]
	at org.springframework.boot.SpringApplication.refresh(SpringApplication.java:756) ~[spring-boot-4.1.1.jar:4.1.1]
	at org.springframework.boot.SpringApplication.refreshContext(SpringApplication.java:445) ~[spring-boot-4.1.1.jar:4.1.1]
	at org.springframework.boot.SpringApplication.run(SpringApplication.java:321) ~[spring-boot-4.1.1.jar:4.1.1]
	at org.springframework.boot.SpringApplication.run(SpringApplication.java:1365) ~[spring-boot-4.1.1.jar:4.1.1]
	at org.springframework.boot.SpringApplication.run(SpringApplication.java:1354) ~[spring-boot-4.1.1.jar:4.1.1]
	at com.aloha.mvc.MvcApplication.main(MvcApplication.java:10) ~[main/:na]
	at java.base/jdk.internal.reflect.NativeMethodAccessorImpl.invoke0(Native Method) ~[na:na]
	at java.base/jdk.internal.reflect.NativeMethodAccessorImpl.invoke(NativeMethodAccessorImpl.java:77) ~[na:na]
	at java.base/jdk.internal.reflect.DelegatingMethodAccessorImpl.invoke(DelegatingMethodAccessorImpl.java:43) ~[na:na]
	at java.base/java.lang.reflect.Method.invoke(Method.java:568) ~[na:na]
	at org.springframework.boot.devtools.restart.RestartLauncher.run(RestartLauncher.java:52) ~[spring-boot-devtools-4.1.1.jar:4.1.1]
Caused by: java.lang.IllegalStateException: Failed to introspect Class [com.aloha.mvc.controller.PostController] from ClassLoader [org.springframework.boot.devtools.restart.classloader.RestartClassLoader@29e9af77]
	at org.springframework.util.ReflectionUtils.getDeclaredMethods(ReflectionUtils.java:483) ~[spring-core-7.0.9.jar:7.0.9]
	at org.springframework.util.ReflectionUtils.doWithLocalMethods(ReflectionUtils.java:320) ~[spring-core-7.0.9.jar:7.0.9]
	at org.springframework.beans.factory.annotation.AutowiredAnnotationBeanPostProcessor.checkLookupMethods(AutowiredAnnotationBeanPostProcessor.java:460) ~[spring-beans-7.0.9.jar:7.0.9]
	... 26 common frames omitted
Caused by: java.lang.NoClassDefFoundError: Posts
	at java.base/java.lang.Class.getDeclaredMethods0(Native Method) ~[na:na]
	at java.base/java.lang.Class.privateGetDeclaredMethods(Class.java:3402) ~[na:na]
	at java.base/java.lang.Class.getDeclaredMethods(Class.java:2504) ~[na:na]
	at org.springframework.util.ReflectionUtils.getDeclaredMethods(ReflectionUtils.java:465) ~[spring-core-7.0.9.jar:7.0.9]
	... 28 common frames omitted
Caused by: java.lang.ClassNotFoundException: Posts
	at java.base/jdk.internal.loader.BuiltinClassLoader.loadClass(BuiltinClassLoader.java:641) ~[na:na]
	at java.base/jdk.internal.loader.ClassLoaders$AppClassLoader.loadClass(ClassLoaders.java:188) ~[na:na]
	at java.base/java.lang.ClassLoader.loadClass(ClassLoader.java:525) ~[na:na]
	at java.base/java.lang.Class.forName0(Native Method) ~[na:na]
	at java.base/java.lang.Class.forName(Class.java:467) ~[na:na]
	at org.springframework.boot.devtools.restart.classloader.RestartClassLoader.loadClass(RestartClassLoader.java:123) ~[spring-boot-devtools-4.1.1.jar:4.1.1]
	at java.base/java.lang.ClassLoader.loadClass(ClassLoader.java:525) ~[na:na]
	... 32 common frames omitted

2026-09-14T16:16:32.701+09:00  INFO 472 --- [mvc] [restartedMain] com.aloha.mvc.MvcApplication             : Starting MvcApplication using Java 17.0.12 with PID 472 (C:\ALOHA\GITHUB\AIOT7_SPRINGBOOT\mvc\bin\main started by Admin in C:\ALOHA\GITHUB\AIOT7_SPRINGBOOT)
2026-09-14T16:16:32.701+09:00  INFO 472 --- [mvc] [restartedMain] com.aloha.mvc.MvcApplication             : No active profile set, falling back to 1 default profile: "default"
2026-09-14T16:16:32.908+09:00  INFO 472 --- [mvc] [restartedMain] .s.d.r.c.RepositoryConfigurationDelegate : Bootstrapping Spring Data JPA repositories in DEFAULT mode.
2026-09-14T16:16:32.919+09:00  INFO 472 --- [mvc] [restartedMain] .s.d.r.c.RepositoryConfigurationDelegate : Finished Spring Data repository scanning in 9 ms. Found 2 JPA repository interfaces.
2026-09-14T16:16:32.998+09:00  INFO 472 --- [mvc] [restartedMain] o.s.boot.tomcat.TomcatWebServer          : Tomcat initialized with port 8080 (http)
2026-09-14T16:16:32.999+09:00  INFO 472 --- [mvc] [restartedMain] o.apache.catalina.core.StandardService   : Starting service [Tomcat]
2026-09-14T16:16:33.000+09:00  INFO 472 --- [mvc] [restartedMain] o.apache.catalina.core.StandardEngine    : Starting Servlet engine: [Apache Tomcat/11.0.24]
2026-09-14T16:16:33.023+09:00  INFO 472 --- [mvc] [restartedMain] b.w.c.s.WebApplicationContextInitializer : Root WebApplicationContext: initialization completed in 320 ms
2026-09-14T16:16:33.048+09:00  INFO 472 --- [mvc] [restartedMain] org.hibernate.orm.jpa                    : HHH008540: Processing PersistenceUnitInfo [name: default]
2026-09-14T16:16:33.108+09:00  INFO 472 --- [mvc] [restartedMain] o.s.o.j.p.SpringPersistenceUnitInfo      : No LoadTimeWeaver setup: ignoring JPA class transformer
2026-09-14T16:16:33.109+09:00  INFO 472 --- [mvc] [restartedMain] com.zaxxer.hikari.HikariDataSource       : HikariPool-38 - Starting...
2026-09-14T16:16:33.111+09:00  INFO 472 --- [mvc] [restartedMain] com.zaxxer.hikari.pool.HikariPool        : HikariPool-38 - Added connection com.mysql.cj.jdbc.ConnectionImpl@661de85d
2026-09-14T16:16:33.112+09:00  INFO 472 --- [mvc] [restartedMain] com.zaxxer.hikari.HikariDataSource       : HikariPool-38 - Start completed.
2026-09-14T16:16:33.112+09:00  INFO 472 --- [mvc] [restartedMain] org.hibernate.orm.connections.pooling    : HHH10001005: Database info:
	Database JDBC URL [jdbc:mysql://localhost:3306/aloha?serverTimezone=Asia/Seoul&allowPublicKeyRetrieval=true&useSSL=false]
	Database driver: MySQL Connector/J
	Database dialect: MySQLDialect
	Database version: 8.0.46
	Default catalog/schema: aloha/undefined
	Autocommit mode: undefined/unknown
	Isolation level: REPEATABLE_READ [default REPEATABLE_READ]
	JDBC fetch size: none
	Pool: DataSourceConnectionProvider
	Minimum pool size: undefined/unknown
	Maximum pool size: undefined/unknown
2026-09-14T16:16:33.174+09:00  INFO 472 --- [mvc] [restartedMain] org.hibernate.orm.core                   : HHH000489: No JTA platform available (set 'hibernate.transaction.jta.platform' to enable JTA platform integration)
2026-09-14T16:16:33.183+09:00  INFO 472 --- [mvc] [restartedMain] j.LocalContainerEntityManagerFactoryBean : Initialized JPA EntityManagerFactory for persistence unit 'default'
2026-09-14T16:16:33.241+09:00  WARN 472 --- [mvc] [restartedMain] JpaBaseConfiguration$JpaWebConfiguration : spring.jpa.open-in-view is enabled by default. Therefore, database queries may be performed during view rendering. Explicitly configure spring.jpa.open-in-view to disable this warning
2026-09-14T16:16:33.255+09:00  WARN 472 --- [mvc] [restartedMain] .s.a.UserDetailsServiceAutoConfiguration : 

Using generated security password: 36e23151-23da-4b14-ab50-3048197e4adf

This generated password is for development use only. Your security configuration must be updated before running your application in production.

2026-09-14T16:16:33.256+09:00  INFO 472 --- [mvc] [restartedMain] r$InitializeUserDetailsManagerConfigurer : Global AuthenticationManager configured with UserDetailsService bean with name inMemoryUserDetailsManager
2026-09-14T16:16:33.287+09:00  INFO 472 --- [mvc] [restartedMain] o.s.b.w.a.WelcomePageHandlerMapping      : Adding welcome page template: index
2026-09-14T16:16:33.346+09:00  INFO 472 --- [mvc] [restartedMain] o.s.boot.tomcat.TomcatWebServer          : Tomcat started on port 8080 (http) with context path '/'
2026-09-14T16:16:33.348+09:00  INFO 472 --- [mvc] [restartedMain] com.aloha.mvc.MvcApplication             : Started MvcApplication in 0.667 seconds (process running for 1203.386)
2026-09-14T16:16:33.349+09:00  INFO 472 --- [mvc] [restartedMain] .ConditionEvaluationDeltaLoggingListener : Condition evaluation unchanged
2026-09-14T16:16:35.955+09:00  INFO 472 --- [mvc] [File Watcher] rtingClassPathChangeChangedEventListener : Restarting due to 1 class path change (0 additions, 0 deletions, 1 modification)
2026-09-14T16:16:35.959+09:00  INFO 472 --- [mvc] [Thread-139] o.s.boot.tomcat.GracefulShutdown         : Commencing graceful shutdown. Waiting for active requests to complete
2026-09-14T16:16:36.045+09:00  INFO 472 --- [mvc] [tomcat-shutdown] o.s.boot.tomcat.GracefulShutdown         : Graceful shutdown complete
2026-09-14T16:16:36.046+09:00  INFO 472 --- [mvc] [Thread-139] j.LocalContainerEntityManagerFactoryBean : Closing JPA EntityManagerFactory for persistence unit 'default'
2026-09-14T16:16:36.046+09:00  INFO 472 --- [mvc] [Thread-139] com.zaxxer.hikari.HikariDataSource       : HikariPool-38 - Shutdown initiated...
2026-09-14T16:16:36.047+09:00  INFO 472 --- [mvc] [Thread-139] com.zaxxer.hikari.HikariDataSource       : HikariPool-38 - Shutdown completed.
2026-09-14T16:16:36.197+09:00  INFO 472 --- [mvc] [restartedMain] com.aloha.mvc.MvcApplication             : Starting MvcApplication using Java 17.0.12 with PID 472 (C:\ALOHA\GITHUB\AIOT7_SPRINGBOOT\mvc\bin\main started by Admin in C:\ALOHA\GITHUB\AIOT7_SPRINGBOOT)
2026-09-14T16:16:36.197+09:00  INFO 472 --- [mvc] [restartedMain] com.aloha.mvc.MvcApplication             : No active profile set, falling back to 1 default profile: "default"
2026-09-14T16:16:36.441+09:00  INFO 472 --- [mvc] [restartedMain] .s.d.r.c.RepositoryConfigurationDelegate : Bootstrapping Spring Data JPA repositories in DEFAULT mode.
2026-09-14T16:16:36.452+09:00  INFO 472 --- [mvc] [restartedMain] .s.d.r.c.RepositoryConfigurationDelegate : Finished Spring Data repository scanning in 9 ms. Found 2 JPA repository interfaces.
2026-09-14T16:16:36.587+09:00  INFO 472 --- [mvc] [restartedMain] o.s.boot.tomcat.TomcatWebServer          : Tomcat initialized with port 8080 (http)
2026-09-14T16:16:36.588+09:00  INFO 472 --- [mvc] [restartedMain] o.apache.catalina.core.StandardService   : Starting service [Tomcat]
2026-09-14T16:16:36.588+09:00  INFO 472 --- [mvc] [restartedMain] o.apache.catalina.core.StandardEngine    : Starting Servlet engine: [Apache Tomcat/11.0.24]
2026-09-14T16:16:36.615+09:00  INFO 472 --- [mvc] [restartedMain] b.w.c.s.WebApplicationContextInitializer : Root WebApplicationContext: initialization completed in 416 ms
2026-09-14T16:16:36.654+09:00  INFO 472 --- [mvc] [restartedMain] org.hibernate.orm.jpa                    : HHH008540: Processing PersistenceUnitInfo [name: default]
2026-09-14T16:16:36.772+09:00  INFO 472 --- [mvc] [restartedMain] o.s.o.j.p.SpringPersistenceUnitInfo      : No LoadTimeWeaver setup: ignoring JPA class transformer
2026-09-14T16:16:36.810+09:00  INFO 472 --- [mvc] [restartedMain] com.zaxxer.hikari.HikariDataSource       : HikariPool-39 - Starting...
2026-09-14T16:16:36.827+09:00  INFO 472 --- [mvc] [restartedMain] com.zaxxer.hikari.pool.HikariPool        : HikariPool-39 - Added connection com.mysql.cj.jdbc.ConnectionImpl@5a0e5390
2026-09-14T16:16:36.831+09:00  INFO 472 --- [mvc] [restartedMain] com.zaxxer.hikari.HikariDataSource       : HikariPool-39 - Start completed.
2026-09-14T16:16:36.833+09:00  INFO 472 --- [mvc] [restartedMain] org.hibernate.orm.connections.pooling    : HHH10001005: Database info:
	Database JDBC URL [jdbc:mysql://localhost:3306/aloha?serverTimezone=Asia/Seoul&allowPublicKeyRetrieval=true&useSSL=false]
	Database driver: MySQL Connector/J
	Database dialect: MySQLDialect
	Database version: 8.0.46
	Default catalog/schema: aloha/undefined
	Autocommit mode: undefined/unknown
	Isolation level: REPEATABLE_READ [default REPEATABLE_READ]
	JDBC fetch size: none
	Pool: DataSourceConnectionProvider
	Minimum pool size: undefined/unknown
	Maximum pool size: undefined/unknown
2026-09-14T16:16:36.903+09:00  INFO 472 --- [mvc] [restartedMain] org.hibernate.orm.core                   : HHH000489: No JTA platform available (set 'hibernate.transaction.jta.platform' to enable JTA platform integration)
2026-09-14T16:16:36.916+09:00  INFO 472 --- [mvc] [restartedMain] j.LocalContainerEntityManagerFactoryBean : Initialized JPA EntityManagerFactory for persistence unit 'default'
2026-09-14T16:16:36.977+09:00  WARN 472 --- [mvc] [restartedMain] JpaBaseConfiguration$JpaWebConfiguration : spring.jpa.open-in-view is enabled by default. Therefore, database queries may be performed during view rendering. Explicitly configure spring.jpa.open-in-view to disable this warning
2026-09-14T16:16:36.996+09:00  WARN 472 --- [mvc] [restartedMain] .s.a.UserDetailsServiceAutoConfiguration : 

Using generated security password: 2af0bc4d-1133-4731-8f95-257e302a8322

This generated password is for development use only. Your security configuration must be updated before running your application in production.

2026-09-14T16:16:36.997+09:00  INFO 472 --- [mvc] [restartedMain] r$InitializeUserDetailsManagerConfigurer : Global AuthenticationManager configured with UserDetailsService bean with name inMemoryUserDetailsManager
2026-09-14T16:16:37.031+09:00  INFO 472 --- [mvc] [restartedMain] o.s.b.w.a.WelcomePageHandlerMapping      : Adding welcome page template: index
2026-09-14T16:16:37.063+09:00  INFO 472 --- [mvc] [restartedMain] o.s.boot.tomcat.TomcatWebServer          : Tomcat started on port 8080 (http) with context path '/'
2026-09-14T16:16:37.064+09:00  INFO 472 --- [mvc] [restartedMain] com.aloha.mvc.MvcApplication             : Started MvcApplication in 0.909 seconds (process running for 1207.102)
2026-09-14T16:16:37.065+09:00  INFO 472 --- [mvc] [restartedMain] .ConditionEvaluationDeltaLoggingListener : Condition evaluation unchanged
2026-09-14T16:16:41.572+09:00  INFO 472 --- [mvc] [File Watcher] rtingClassPathChangeChangedEventListener : Restarting due to 1 class path change (0 additions, 0 deletions, 1 modification)
2026-09-14T16:16:41.574+09:00  INFO 472 --- [mvc] [Thread-146] o.s.boot.tomcat.GracefulShutdown         : Commencing graceful shutdown. Waiting for active requests to complete
2026-09-14T16:16:42.010+09:00  INFO 472 --- [mvc] [tomcat-shutdown] o.s.boot.tomcat.GracefulShutdown         : Graceful shutdown complete
2026-09-14T16:16:42.012+09:00  INFO 472 --- [mvc] [Thread-146] j.LocalContainerEntityManagerFactoryBean : Closing JPA EntityManagerFactory for persistence unit 'default'
2026-09-14T16:16:42.012+09:00  INFO 472 --- [mvc] [Thread-146] com.zaxxer.hikari.HikariDataSource       : HikariPool-39 - Shutdown initiated...
2026-09-14T16:16:42.013+09:00  INFO 472 --- [mvc] [Thread-146] com.zaxxer.hikari.HikariDataSource       : HikariPool-39 - Shutdown completed.
2026-09-14T16:16:42.131+09:00  INFO 472 --- [mvc] [restartedMain] com.aloha.mvc.MvcApplication             : Starting MvcApplication using Java 17.0.12 with PID 472 (C:\ALOHA\GITHUB\AIOT7_SPRINGBOOT\mvc\bin\main started by Admin in C:\ALOHA\GITHUB\AIOT7_SPRINGBOOT)
2026-09-14T16:16:42.131+09:00  INFO 472 --- [mvc] [restartedMain] com.aloha.mvc.MvcApplication             : No active profile set, falling back to 1 default profile: "default"
2026-09-14T16:16:42.304+09:00  INFO 472 --- [mvc] [restartedMain] .s.d.r.c.RepositoryConfigurationDelegate : Bootstrapping Spring Data JPA repositories in DEFAULT mode.
2026-09-14T16:16:42.313+09:00  INFO 472 --- [mvc] [restartedMain] .s.d.r.c.RepositoryConfigurationDelegate : Finished Spring Data repository scanning in 8 ms. Found 2 JPA repository interfaces.
2026-09-14T16:16:42.378+09:00  INFO 472 --- [mvc] [restartedMain] o.s.boot.tomcat.TomcatWebServer          : Tomcat initialized with port 8080 (http)
2026-09-14T16:16:42.379+09:00  INFO 472 --- [mvc] [restartedMain] o.apache.catalina.core.StandardService   : Starting service [Tomcat]
2026-09-14T16:16:42.379+09:00  INFO 472 --- [mvc] [restartedMain] o.apache.catalina.core.StandardEngine    : Starting Servlet engine: [Apache Tomcat/11.0.24]
2026-09-14T16:16:42.400+09:00  INFO 472 --- [mvc] [restartedMain] b.w.c.s.WebApplicationContextInitializer : Root WebApplicationContext: initialization completed in 266 ms
2026-09-14T16:16:42.454+09:00  INFO 472 --- [mvc] [restartedMain] org.hibernate.orm.jpa                    : HHH008540: Processing PersistenceUnitInfo [name: default]
2026-09-14T16:16:42.524+09:00  INFO 472 --- [mvc] [restartedMain] o.s.o.j.p.SpringPersistenceUnitInfo      : No LoadTimeWeaver setup: ignoring JPA class transformer
2026-09-14T16:16:42.525+09:00  INFO 472 --- [mvc] [restartedMain] com.zaxxer.hikari.HikariDataSource       : HikariPool-40 - Starting...
2026-09-14T16:16:42.528+09:00  INFO 472 --- [mvc] [restartedMain] com.zaxxer.hikari.pool.HikariPool        : HikariPool-40 - Added connection com.mysql.cj.jdbc.ConnectionImpl@339feec7
2026-09-14T16:16:42.528+09:00  INFO 472 --- [mvc] [restartedMain] com.zaxxer.hikari.HikariDataSource       : HikariPool-40 - Start completed.
2026-09-14T16:16:42.529+09:00  INFO 472 --- [mvc] [restartedMain] org.hibernate.orm.connections.pooling    : HHH10001005: Database info:
	Database JDBC URL [jdbc:mysql://localhost:3306/aloha?serverTimezone=Asia/Seoul&allowPublicKeyRetrieval=true&useSSL=false]
	Database driver: MySQL Connector/J
	Database dialect: MySQLDialect
	Database version: 8.0.46
	Default catalog/schema: aloha/undefined
	Autocommit mode: undefined/unknown
	Isolation level: REPEATABLE_READ [default REPEATABLE_READ]
	JDBC fetch size: none
	Pool: DataSourceConnectionProvider
	Minimum pool size: undefined/unknown
	Maximum pool size: undefined/unknown
2026-09-14T16:16:42.611+09:00  INFO 472 --- [mvc] [restartedMain] org.hibernate.orm.core                   : HHH000489: No JTA platform available (set 'hibernate.transaction.jta.platform' to enable JTA platform integration)
2026-09-14T16:16:42.626+09:00  INFO 472 --- [mvc] [restartedMain] j.LocalContainerEntityManagerFactoryBean : Initialized JPA EntityManagerFactory for persistence unit 'default'
2026-09-14T16:16:42.674+09:00  WARN 472 --- [mvc] [restartedMain] JpaBaseConfiguration$JpaWebConfiguration : spring.jpa.open-in-view is enabled by default. Therefore, database queries may be performed during view rendering. Explicitly configure spring.jpa.open-in-view to disable this warning
2026-09-14T16:16:42.697+09:00  WARN 472 --- [mvc] [restartedMain] .s.a.UserDetailsServiceAutoConfiguration : 

Using generated security password: a3f0a676-348f-4629-ba44-ca1088d2c75b

This generated password is for development use only. Your security configuration must be updated before running your application in production.

2026-09-14T16:16:42.697+09:00  INFO 472 --- [mvc] [restartedMain] r$InitializeUserDetailsManagerConfigurer : Global AuthenticationManager configured with UserDetailsService bean with name inMemoryUserDetailsManager
2026-09-14T16:16:42.725+09:00  INFO 472 --- [mvc] [restartedMain] o.s.b.w.a.WelcomePageHandlerMapping      : Adding welcome page template: index
2026-09-14T16:16:42.771+09:00  INFO 472 --- [mvc] [restartedMain] o.s.boot.tomcat.TomcatWebServer          : Tomcat started on port 8080 (http) with context path '/'
2026-09-14T16:16:42.773+09:00  INFO 472 --- [mvc] [restartedMain] com.aloha.mvc.MvcApplication             : Started MvcApplication in 0.664 seconds (process running for 1212.811)
2026-09-14T16:16:42.774+09:00  INFO 472 --- [mvc] [restartedMain] .ConditionEvaluationDeltaLoggingListener : Condition evaluation unchanged
2026-09-14T16:16:44.204+09:00  INFO 472 --- [mvc] [File Watcher] rtingClassPathChangeChangedEventListener : Restarting due to 1 class path change (0 additions, 0 deletions, 1 modification)
2026-09-14T16:16:44.205+09:00  INFO 472 --- [mvc] [Thread-150] o.s.boot.tomcat.GracefulShutdown         : Commencing graceful shutdown. Waiting for active requests to complete
2026-09-14T16:16:44.299+09:00  INFO 472 --- [mvc] [tomcat-shutdown] o.s.boot.tomcat.GracefulShutdown         : Graceful shutdown complete
2026-09-14T16:16:44.301+09:00  INFO 472 --- [mvc] [Thread-150] j.LocalContainerEntityManagerFactoryBean : Closing JPA EntityManagerFactory for persistence unit 'default'
2026-09-14T16:16:44.302+09:00  INFO 472 --- [mvc] [Thread-150] com.zaxxer.hikari.HikariDataSource       : HikariPool-40 - Shutdown initiated...
2026-09-14T16:16:44.304+09:00  INFO 472 --- [mvc] [Thread-150] com.zaxxer.hikari.HikariDataSource       : HikariPool-40 - Shutdown completed.
2026-09-14T16:16:44.422+09:00  INFO 472 --- [mvc] [restartedMain] com.aloha.mvc.MvcApplication             : Starting MvcApplication using Java 17.0.12 with PID 472 (C:\ALOHA\GITHUB\AIOT7_SPRINGBOOT\mvc\bin\main started by Admin in C:\ALOHA\GITHUB\AIOT7_SPRINGBOOT)
2026-09-14T16:16:44.425+09:00  INFO 472 --- [mvc] [restartedMain] com.aloha.mvc.MvcApplication             : No active profile set, falling back to 1 default profile: "default"
2026-09-14T16:16:44.650+09:00  INFO 472 --- [mvc] [restartedMain] .s.d.r.c.RepositoryConfigurationDelegate : Bootstrapping Spring Data JPA repositories in DEFAULT mode.
2026-09-14T16:16:44.661+09:00  INFO 472 --- [mvc] [restartedMain] .s.d.r.c.RepositoryConfigurationDelegate : Finished Spring Data repository scanning in 9 ms. Found 2 JPA repository interfaces.
2026-09-14T16:16:44.722+09:00  INFO 472 --- [mvc] [restartedMain] o.s.boot.tomcat.TomcatWebServer          : Tomcat initialized with port 8080 (http)
2026-09-14T16:16:44.722+09:00  INFO 472 --- [mvc] [restartedMain] o.apache.catalina.core.StandardService   : Starting service [Tomcat]
2026-09-14T16:16:44.722+09:00  INFO 472 --- [mvc] [restartedMain] o.apache.catalina.core.StandardEngine    : Starting Servlet engine: [Apache Tomcat/11.0.24]
2026-09-14T16:16:44.741+09:00  INFO 472 --- [mvc] [restartedMain] b.w.c.s.WebApplicationContextInitializer : Root WebApplicationContext: initialization completed in 312 ms
2026-09-14T16:16:44.767+09:00  INFO 472 --- [mvc] [restartedMain] org.hibernate.orm.jpa                    : HHH008540: Processing PersistenceUnitInfo [name: default]
2026-09-14T16:16:44.811+09:00  INFO 472 --- [mvc] [restartedMain] o.s.o.j.p.SpringPersistenceUnitInfo      : No LoadTimeWeaver setup: ignoring JPA class transformer
2026-09-14T16:16:44.812+09:00  INFO 472 --- [mvc] [restartedMain] com.zaxxer.hikari.HikariDataSource       : HikariPool-41 - Starting...
2026-09-14T16:16:44.814+09:00  INFO 472 --- [mvc] [restartedMain] com.zaxxer.hikari.pool.HikariPool        : HikariPool-41 - Added connection com.mysql.cj.jdbc.ConnectionImpl@4c68d625
2026-09-14T16:16:44.814+09:00  INFO 472 --- [mvc] [restartedMain] com.zaxxer.hikari.HikariDataSource       : HikariPool-41 - Start completed.
2026-09-14T16:16:44.815+09:00  INFO 472 --- [mvc] [restartedMain] org.hibernate.orm.connections.pooling    : HHH10001005: Database info:
	Database JDBC URL [jdbc:mysql://localhost:3306/aloha?serverTimezone=Asia/Seoul&allowPublicKeyRetrieval=true&useSSL=false]
	Database driver: MySQL Connector/J
	Database dialect: MySQLDialect
	Database version: 8.0.46
	Default catalog/schema: aloha/undefined
	Autocommit mode: undefined/unknown
	Isolation level: REPEATABLE_READ [default REPEATABLE_READ]
	JDBC fetch size: none
	Pool: DataSourceConnectionProvider
	Minimum pool size: undefined/unknown
	Maximum pool size: undefined/unknown
2026-09-14T16:16:44.866+09:00  INFO 472 --- [mvc] [restartedMain] org.hibernate.orm.core                   : HHH000489: No JTA platform available (set 'hibernate.transaction.jta.platform' to enable JTA platform integration)
2026-09-14T16:16:44.875+09:00  INFO 472 --- [mvc] [restartedMain] j.LocalContainerEntityManagerFactoryBean : Initialized JPA EntityManagerFactory for persistence unit 'default'
2026-09-14T16:16:44.924+09:00  WARN 472 --- [mvc] [restartedMain] JpaBaseConfiguration$JpaWebConfiguration : spring.jpa.open-in-view is enabled by default. Therefore, database queries may be performed during view rendering. Explicitly configure spring.jpa.open-in-view to disable this warning
2026-09-14T16:16:44.946+09:00  WARN 472 --- [mvc] [restartedMain] .s.a.UserDetailsServiceAutoConfiguration : 

Using generated security password: 243c7886-f676-43da-8ab3-d804828525c3

This generated password is for development use only. Your security configuration must be updated before running your application in production.

2026-09-14T16:16:44.947+09:00  INFO 472 --- [mvc] [restartedMain] r$InitializeUserDetailsManagerConfigurer : Global AuthenticationManager configured with UserDetailsService bean with name inMemoryUserDetailsManager
2026-09-14T16:16:44.981+09:00  INFO 472 --- [mvc] [restartedMain] o.s.b.w.a.WelcomePageHandlerMapping      : Adding welcome page template: index
2026-09-14T16:16:45.021+09:00  INFO 472 --- [mvc] [restartedMain] o.s.boot.tomcat.TomcatWebServer          : Tomcat started on port 8080 (http) with context path '/'
2026-09-14T16:16:45.025+09:00  INFO 472 --- [mvc] [restartedMain] com.aloha.mvc.MvcApplication             : Started MvcApplication in 0.626 seconds (process running for 1215.063)
2026-09-14T16:16:45.027+09:00  INFO 472 --- [mvc] [restartedMain] .ConditionEvaluationDeltaLoggingListener : Condition evaluation unchanged
2026-09-14T16:16:52.839+09:00  INFO 472 --- [mvc] [File Watcher] rtingClassPathChangeChangedEventListener : Restarting due to 1 class path change (0 additions, 0 deletions, 1 modification)
2026-09-14T16:16:52.850+09:00  INFO 472 --- [mvc] [Thread-154] o.s.boot.tomcat.GracefulShutdown         : Commencing graceful shutdown. Waiting for active requests to complete
2026-09-14T16:16:52.962+09:00  INFO 472 --- [mvc] [tomcat-shutdown] o.s.boot.tomcat.GracefulShutdown         : Graceful shutdown complete
2026-09-14T16:16:52.963+09:00  INFO 472 --- [mvc] [Thread-154] j.LocalContainerEntityManagerFactoryBean : Closing JPA EntityManagerFactory for persistence unit 'default'
2026-09-14T16:16:52.964+09:00  INFO 472 --- [mvc] [Thread-154] com.zaxxer.hikari.HikariDataSource       : HikariPool-41 - Shutdown initiated...
2026-09-14T16:16:52.965+09:00  INFO 472 --- [mvc] [Thread-154] com.zaxxer.hikari.HikariDataSource       : HikariPool-41 - Shutdown completed.
2026-09-14T16:16:53.063+09:00  INFO 472 --- [mvc] [restartedMain] com.aloha.mvc.MvcApplication             : Starting MvcApplication using Java 17.0.12 with PID 472 (C:\ALOHA\GITHUB\AIOT7_SPRINGBOOT\mvc\bin\main started by Admin in C:\ALOHA\GITHUB\AIOT7_SPRINGBOOT)
2026-09-14T16:16:53.063+09:00  INFO 472 --- [mvc] [restartedMain] com.aloha.mvc.MvcApplication             : No active profile set, falling back to 1 default profile: "default"
2026-09-14T16:16:53.277+09:00  INFO 472 --- [mvc] [restartedMain] .s.d.r.c.RepositoryConfigurationDelegate : Bootstrapping Spring Data JPA repositories in DEFAULT mode.
2026-09-14T16:16:53.291+09:00  INFO 472 --- [mvc] [restartedMain] .s.d.r.c.RepositoryConfigurationDelegate : Finished Spring Data repository scanning in 12 ms. Found 2 JPA repository interfaces.
2026-09-14T16:16:53.416+09:00  INFO 472 --- [mvc] [restartedMain] o.s.boot.tomcat.TomcatWebServer          : Tomcat initialized with port 8080 (http)
2026-09-14T16:16:53.417+09:00  INFO 472 --- [mvc] [restartedMain] o.apache.catalina.core.StandardService   : Starting service [Tomcat]
2026-09-14T16:16:53.417+09:00  INFO 472 --- [mvc] [restartedMain] o.apache.catalina.core.StandardEngine    : Starting Servlet engine: [Apache Tomcat/11.0.24]
2026-09-14T16:16:53.450+09:00  INFO 472 --- [mvc] [restartedMain] b.w.c.s.WebApplicationContextInitializer : Root WebApplicationContext: initialization completed in 386 ms
2026-09-14T16:16:53.526+09:00  INFO 472 --- [mvc] [restartedMain] org.hibernate.orm.jpa                    : HHH008540: Processing PersistenceUnitInfo [name: default]
2026-09-14T16:16:53.569+09:00  INFO 472 --- [mvc] [restartedMain] o.s.o.j.p.SpringPersistenceUnitInfo      : No LoadTimeWeaver setup: ignoring JPA class transformer
2026-09-14T16:16:53.571+09:00  INFO 472 --- [mvc] [restartedMain] com.zaxxer.hikari.HikariDataSource       : HikariPool-42 - Starting...
2026-09-14T16:16:53.573+09:00  INFO 472 --- [mvc] [restartedMain] com.zaxxer.hikari.pool.HikariPool        : HikariPool-42 - Added connection com.mysql.cj.jdbc.ConnectionImpl@6250acba
2026-09-14T16:16:53.573+09:00  INFO 472 --- [mvc] [restartedMain] com.zaxxer.hikari.HikariDataSource       : HikariPool-42 - Start completed.
2026-09-14T16:16:53.574+09:00  INFO 472 --- [mvc] [restartedMain] org.hibernate.orm.connections.pooling    : HHH10001005: Database info:
	Database JDBC URL [jdbc:mysql://localhost:3306/aloha?serverTimezone=Asia/Seoul&allowPublicKeyRetrieval=true&useSSL=false]
	Database driver: MySQL Connector/J
	Database dialect: MySQLDialect
	Database version: 8.0.46
	Default catalog/schema: aloha/undefined
	Autocommit mode: undefined/unknown
	Isolation level: REPEATABLE_READ [default REPEATABLE_READ]
	JDBC fetch size: none
	Pool: DataSourceConnectionProvider
	Minimum pool size: undefined/unknown
	Maximum pool size: undefined/unknown
2026-09-14T16:16:53.638+09:00  INFO 472 --- [mvc] [restartedMain] org.hibernate.orm.core                   : HHH000489: No JTA platform available (set 'hibernate.transaction.jta.platform' to enable JTA platform integration)
2026-09-14T16:16:53.655+09:00  INFO 472 --- [mvc] [restartedMain] j.LocalContainerEntityManagerFactoryBean : Initialized JPA EntityManagerFactory for persistence unit 'default'
2026-09-14T16:16:53.709+09:00  WARN 472 --- [mvc] [restartedMain] JpaBaseConfiguration$JpaWebConfiguration : spring.jpa.open-in-view is enabled by default. Therefore, database queries may be performed during view rendering. Explicitly configure spring.jpa.open-in-view to disable this warning
2026-09-14T16:16:53.725+09:00  WARN 472 --- [mvc] [restartedMain] .s.a.UserDetailsServiceAutoConfiguration : 

Using generated security password: 15ebc4e8-cd6e-4fbc-afba-23f46f83c17f

This generated password is for development use only. Your security configuration must be updated before running your application in production.

2026-09-14T16:16:53.726+09:00  INFO 472 --- [mvc] [restartedMain] r$InitializeUserDetailsManagerConfigurer : Global AuthenticationManager configured with UserDetailsService bean with name inMemoryUserDetailsManager
2026-09-14T16:16:53.759+09:00  INFO 472 --- [mvc] [restartedMain] o.s.b.w.a.WelcomePageHandlerMapping      : Adding welcome page template: index
2026-09-14T16:16:53.800+09:00  INFO 472 --- [mvc] [restartedMain] o.s.boot.tomcat.TomcatWebServer          : Tomcat started on port 8080 (http) with context path '/'
2026-09-14T16:16:53.804+09:00  INFO 472 --- [mvc] [restartedMain] com.aloha.mvc.MvcApplication             : Started MvcApplication in 0.762 seconds (process running for 1223.842)
2026-09-14T16:16:53.809+09:00  INFO 472 --- [mvc] [restartedMain] .ConditionEvaluationDeltaLoggingListener : Condition evaluation unchanged
2026-09-14T16:16:55.237+09:00  INFO 472 --- [mvc] [File Watcher] rtingClassPathChangeChangedEventListener : Restarting due to 1 class path change (0 additions, 0 deletions, 1 modification)
2026-09-14T16:16:55.238+09:00  INFO 472 --- [mvc] [Thread-158] o.s.boot.tomcat.GracefulShutdown         : Commencing graceful shutdown. Waiting for active requests to complete
2026-09-14T16:16:55.327+09:00  INFO 472 --- [mvc] [tomcat-shutdown] o.s.boot.tomcat.GracefulShutdown         : Graceful shutdown complete
2026-09-14T16:16:55.328+09:00  INFO 472 --- [mvc] [Thread-158] j.LocalContainerEntityManagerFactoryBean : Closing JPA EntityManagerFactory for persistence unit 'default'
2026-09-14T16:16:55.329+09:00  INFO 472 --- [mvc] [Thread-158] com.zaxxer.hikari.HikariDataSource       : HikariPool-42 - Shutdown initiated...
2026-09-14T16:16:55.330+09:00  INFO 472 --- [mvc] [Thread-158] com.zaxxer.hikari.HikariDataSource       : HikariPool-42 - Shutdown completed.
2026-09-14T16:16:55.457+09:00  INFO 472 --- [mvc] [restartedMain] com.aloha.mvc.MvcApplication             : Starting MvcApplication using Java 17.0.12 with PID 472 (C:\ALOHA\GITHUB\AIOT7_SPRINGBOOT\mvc\bin\main started by Admin in C:\ALOHA\GITHUB\AIOT7_SPRINGBOOT)
2026-09-14T16:16:55.457+09:00  INFO 472 --- [mvc] [restartedMain] com.aloha.mvc.MvcApplication             : No active profile set, falling back to 1 default profile: "default"
2026-09-14T16:16:55.780+09:00  INFO 472 --- [mvc] [restartedMain] .s.d.r.c.RepositoryConfigurationDelegate : Bootstrapping Spring Data JPA repositories in DEFAULT mode.
2026-09-14T16:16:55.794+09:00  INFO 472 --- [mvc] [restartedMain] .s.d.r.c.RepositoryConfigurationDelegate : Finished Spring Data repository scanning in 13 ms. Found 2 JPA repository interfaces.
2026-09-14T16:16:55.859+09:00  INFO 472 --- [mvc] [restartedMain] o.s.boot.tomcat.TomcatWebServer          : Tomcat initialized with port 8080 (http)
2026-09-14T16:16:55.859+09:00  INFO 472 --- [mvc] [restartedMain] o.apache.catalina.core.StandardService   : Starting service [Tomcat]
2026-09-14T16:16:55.860+09:00  INFO 472 --- [mvc] [restartedMain] o.apache.catalina.core.StandardEngine    : Starting Servlet engine: [Apache Tomcat/11.0.24]
2026-09-14T16:16:55.880+09:00  INFO 472 --- [mvc] [restartedMain] b.w.c.s.WebApplicationContextInitializer : Root WebApplicationContext: initialization completed in 421 ms
2026-09-14T16:16:55.905+09:00  INFO 472 --- [mvc] [restartedMain] org.hibernate.orm.jpa                    : HHH008540: Processing PersistenceUnitInfo [name: default]
2026-09-14T16:16:55.951+09:00  INFO 472 --- [mvc] [restartedMain] o.s.o.j.p.SpringPersistenceUnitInfo      : No LoadTimeWeaver setup: ignoring JPA class transformer
2026-09-14T16:16:55.952+09:00  INFO 472 --- [mvc] [restartedMain] com.zaxxer.hikari.HikariDataSource       : HikariPool-43 - Starting...
2026-09-14T16:16:55.955+09:00  INFO 472 --- [mvc] [restartedMain] com.zaxxer.hikari.pool.HikariPool        : HikariPool-43 - Added connection com.mysql.cj.jdbc.ConnectionImpl@5a6cd013
2026-09-14T16:16:55.955+09:00  INFO 472 --- [mvc] [restartedMain] com.zaxxer.hikari.HikariDataSource       : HikariPool-43 - Start completed.
2026-09-14T16:16:55.956+09:00  INFO 472 --- [mvc] [restartedMain] org.hibernate.orm.connections.pooling    : HHH10001005: Database info:
	Database JDBC URL [jdbc:mysql://localhost:3306/aloha?serverTimezone=Asia/Seoul&allowPublicKeyRetrieval=true&useSSL=false]
	Database driver: MySQL Connector/J
	Database dialect: MySQLDialect
	Database version: 8.0.46
	Default catalog/schema: aloha/undefined
	Autocommit mode: undefined/unknown
	Isolation level: REPEATABLE_READ [default REPEATABLE_READ]
	JDBC fetch size: none
	Pool: DataSourceConnectionProvider
	Minimum pool size: undefined/unknown
	Maximum pool size: undefined/unknown
2026-09-14T16:16:56.004+09:00  INFO 472 --- [mvc] [restartedMain] org.hibernate.orm.core                   : HHH000489: No JTA platform available (set 'hibernate.transaction.jta.platform' to enable JTA platform integration)
2026-09-14T16:16:56.012+09:00  INFO 472 --- [mvc] [restartedMain] j.LocalContainerEntityManagerFactoryBean : Initialized JPA EntityManagerFactory for persistence unit 'default'
2026-09-14T16:16:56.060+09:00  WARN 472 --- [mvc] [restartedMain] JpaBaseConfiguration$JpaWebConfiguration : spring.jpa.open-in-view is enabled by default. Therefore, database queries may be performed during view rendering. Explicitly configure spring.jpa.open-in-view to disable this warning
2026-09-14T16:16:56.076+09:00  WARN 472 --- [mvc] [restartedMain] .s.a.UserDetailsServiceAutoConfiguration : 

Using generated security password: 5f5ca819-e52a-4afe-87c0-5feaa9069201

This generated password is for development use only. Your security configuration must be updated before running your application in production.

2026-09-14T16:16:56.076+09:00  INFO 472 --- [mvc] [restartedMain] r$InitializeUserDetailsManagerConfigurer : Global AuthenticationManager configured with UserDetailsService bean with name inMemoryUserDetailsManager
2026-09-14T16:16:56.109+09:00  INFO 472 --- [mvc] [restartedMain] o.s.b.w.a.WelcomePageHandlerMapping      : Adding welcome page template: index
2026-09-14T16:16:56.165+09:00  INFO 472 --- [mvc] [restartedMain] o.s.boot.tomcat.TomcatWebServer          : Tomcat started on port 8080 (http) with context path '/'
2026-09-14T16:16:56.167+09:00  INFO 472 --- [mvc] [restartedMain] com.aloha.mvc.MvcApplication             : Started MvcApplication in 0.738 seconds (process running for 1226.206)
2026-09-14T16:16:56.168+09:00  INFO 472 --- [mvc] [restartedMain] .ConditionEvaluationDeltaLoggingListener : Condition evaluation unchanged
2026-09-14T16:17:01.733+09:00  INFO 472 --- [mvc] [File Watcher] rtingClassPathChangeChangedEventListener : Restarting due to 1 class path change (0 additions, 0 deletions, 1 modification)
2026-09-14T16:17:01.775+09:00  INFO 472 --- [mvc] [Thread-162] o.s.boot.tomcat.GracefulShutdown         : Commencing graceful shutdown. Waiting for active requests to complete
2026-09-14T16:17:02.077+09:00  INFO 472 --- [mvc] [tomcat-shutdown] o.s.boot.tomcat.GracefulShutdown         : Graceful shutdown complete
2026-09-14T16:17:02.078+09:00  INFO 472 --- [mvc] [Thread-162] j.LocalContainerEntityManagerFactoryBean : Closing JPA EntityManagerFactory for persistence unit 'default'
2026-09-14T16:17:02.078+09:00  INFO 472 --- [mvc] [Thread-162] com.zaxxer.hikari.HikariDataSource       : HikariPool-43 - Shutdown initiated...
2026-09-14T16:17:02.079+09:00  INFO 472 --- [mvc] [Thread-162] com.zaxxer.hikari.HikariDataSource       : HikariPool-43 - Shutdown completed.
2026-09-14T16:17:02.192+09:00  INFO 472 --- [mvc] [restartedMain] com.aloha.mvc.MvcApplication             : Starting MvcApplication using Java 17.0.12 with PID 472 (C:\ALOHA\GITHUB\AIOT7_SPRINGBOOT\mvc\bin\main started by Admin in C:\ALOHA\GITHUB\AIOT7_SPRINGBOOT)
2026-09-14T16:17:02.192+09:00  INFO 472 --- [mvc] [restartedMain] com.aloha.mvc.MvcApplication             : No active profile set, falling back to 1 default profile: "default"
2026-09-14T16:17:02.488+09:00  INFO 472 --- [mvc] [restartedMain] .s.d.r.c.RepositoryConfigurationDelegate : Bootstrapping Spring Data JPA repositories in DEFAULT mode.
2026-09-14T16:17:02.509+09:00  INFO 472 --- [mvc] [restartedMain] .s.d.r.c.RepositoryConfigurationDelegate : Finished Spring Data repository scanning in 19 ms. Found 2 JPA repository interfaces.
2026-09-14T16:17:02.599+09:00  INFO 472 --- [mvc] [restartedMain] o.s.boot.tomcat.TomcatWebServer          : Tomcat initialized with port 8080 (http)
2026-09-14T16:17:02.601+09:00  INFO 472 --- [mvc] [restartedMain] o.apache.catalina.core.StandardService   : Starting service [Tomcat]
2026-09-14T16:17:02.601+09:00  INFO 472 --- [mvc] [restartedMain] o.apache.catalina.core.StandardEngine    : Starting Servlet engine: [Apache Tomcat/11.0.24]
2026-09-14T16:17:02.618+09:00  INFO 472 --- [mvc] [restartedMain] b.w.c.s.WebApplicationContextInitializer : Root WebApplicationContext: initialization completed in 424 ms
2026-09-14T16:17:02.645+09:00  INFO 472 --- [mvc] [restartedMain] org.hibernate.orm.jpa                    : HHH008540: Processing PersistenceUnitInfo [name: default]
2026-09-14T16:17:02.706+09:00  INFO 472 --- [mvc] [restartedMain] o.s.o.j.p.SpringPersistenceUnitInfo      : No LoadTimeWeaver setup: ignoring JPA class transformer
2026-09-14T16:17:02.707+09:00  INFO 472 --- [mvc] [restartedMain] com.zaxxer.hikari.HikariDataSource       : HikariPool-44 - Starting...
2026-09-14T16:17:02.709+09:00  INFO 472 --- [mvc] [restartedMain] com.zaxxer.hikari.pool.HikariPool        : HikariPool-44 - Added connection com.mysql.cj.jdbc.ConnectionImpl@3141fc67
2026-09-14T16:17:02.709+09:00  INFO 472 --- [mvc] [restartedMain] com.zaxxer.hikari.HikariDataSource       : HikariPool-44 - Start completed.
2026-09-14T16:17:02.710+09:00  INFO 472 --- [mvc] [restartedMain] org.hibernate.orm.connections.pooling    : HHH10001005: Database info:
	Database JDBC URL [jdbc:mysql://localhost:3306/aloha?serverTimezone=Asia/Seoul&allowPublicKeyRetrieval=true&useSSL=false]
	Database driver: MySQL Connector/J
	Database dialect: MySQLDialect
	Database version: 8.0.46
	Default catalog/schema: aloha/undefined
	Autocommit mode: undefined/unknown
	Isolation level: REPEATABLE_READ [default REPEATABLE_READ]
	JDBC fetch size: none
	Pool: DataSourceConnectionProvider
	Minimum pool size: undefined/unknown
	Maximum pool size: undefined/unknown
2026-09-14T16:17:02.776+09:00  INFO 472 --- [mvc] [restartedMain] org.hibernate.orm.core                   : HHH000489: No JTA platform available (set 'hibernate.transaction.jta.platform' to enable JTA platform integration)
2026-09-14T16:17:02.786+09:00  INFO 472 --- [mvc] [restartedMain] j.LocalContainerEntityManagerFactoryBean : Initialized JPA EntityManagerFactory for persistence unit 'default'
2026-09-14T16:17:02.835+09:00  WARN 472 --- [mvc] [restartedMain] JpaBaseConfiguration$JpaWebConfiguration : spring.jpa.open-in-view is enabled by default. Therefore, database queries may be performed during view rendering. Explicitly configure spring.jpa.open-in-view to disable this warning
2026-09-14T16:17:02.853+09:00  WARN 472 --- [mvc] [restartedMain] .s.a.UserDetailsServiceAutoConfiguration : 

Using generated security password: b275c903-fd14-491e-abc4-f844650d0b05

This generated password is for development use only. Your security configuration must be updated before running your application in production.

2026-09-14T16:17:02.854+09:00  INFO 472 --- [mvc] [restartedMain] r$InitializeUserDetailsManagerConfigurer : Global AuthenticationManager configured with UserDetailsService bean with name inMemoryUserDetailsManager
2026-09-14T16:17:02.915+09:00  INFO 472 --- [mvc] [restartedMain] o.s.b.w.a.WelcomePageHandlerMapping      : Adding welcome page template: index
2026-09-14T16:17:02.976+09:00  INFO 472 --- [mvc] [restartedMain] o.s.boot.tomcat.TomcatWebServer          : Tomcat started on port 8080 (http) with context path '/'
2026-09-14T16:17:02.986+09:00  INFO 472 --- [mvc] [restartedMain] com.aloha.mvc.MvcApplication             : Started MvcApplication in 0.815 seconds (process running for 1233.024)
2026-09-14T16:17:02.988+09:00  INFO 472 --- [mvc] [restartedMain] .ConditionEvaluationDeltaLoggingListener : Condition evaluation unchanged
2026-09-14T16:17:04.434+09:00  INFO 472 --- [mvc] [File Watcher] rtingClassPathChangeChangedEventListener : Restarting due to 1 class path change (0 additions, 0 deletions, 1 modification)
2026-09-14T16:17:04.438+09:00  INFO 472 --- [mvc] [Thread-166] o.s.boot.tomcat.GracefulShutdown         : Commencing graceful shutdown. Waiting for active requests to complete
2026-09-14T16:17:04.837+09:00  INFO 472 --- [mvc] [tomcat-shutdown] o.s.boot.tomcat.GracefulShutdown         : Graceful shutdown complete
2026-09-14T16:17:04.838+09:00  INFO 472 --- [mvc] [Thread-166] j.LocalContainerEntityManagerFactoryBean : Closing JPA EntityManagerFactory for persistence unit 'default'
2026-09-14T16:17:04.839+09:00  INFO 472 --- [mvc] [Thread-166] com.zaxxer.hikari.HikariDataSource       : HikariPool-44 - Shutdown initiated...
2026-09-14T16:17:04.843+09:00  INFO 472 --- [mvc] [Thread-166] com.zaxxer.hikari.HikariDataSource       : HikariPool-44 - Shutdown completed.
2026-09-14T16:17:04.973+09:00  INFO 472 --- [mvc] [restartedMain] com.aloha.mvc.MvcApplication             : Starting MvcApplication using Java 17.0.12 with PID 472 (C:\ALOHA\GITHUB\AIOT7_SPRINGBOOT\mvc\bin\main started by Admin in C:\ALOHA\GITHUB\AIOT7_SPRINGBOOT)
2026-09-14T16:17:04.973+09:00  INFO 472 --- [mvc] [restartedMain] com.aloha.mvc.MvcApplication             : No active profile set, falling back to 1 default profile: "default"
2026-09-14T16:17:05.227+09:00  INFO 472 --- [mvc] [restartedMain] .s.d.r.c.RepositoryConfigurationDelegate : Bootstrapping Spring Data JPA repositories in DEFAULT mode.
2026-09-14T16:17:05.241+09:00  INFO 472 --- [mvc] [restartedMain] .s.d.r.c.RepositoryConfigurationDelegate : Finished Spring Data repository scanning in 12 ms. Found 2 JPA repository interfaces.
2026-09-14T16:17:05.332+09:00  INFO 472 --- [mvc] [restartedMain] o.s.boot.tomcat.TomcatWebServer          : Tomcat initialized with port 8080 (http)
2026-09-14T16:17:05.333+09:00  INFO 472 --- [mvc] [restartedMain] o.apache.catalina.core.StandardService   : Starting service [Tomcat]
2026-09-14T16:17:05.334+09:00  INFO 472 --- [mvc] [restartedMain] o.apache.catalina.core.StandardEngine    : Starting Servlet engine: [Apache Tomcat/11.0.24]
2026-09-14T16:17:05.386+09:00  INFO 472 --- [mvc] [restartedMain] b.w.c.s.WebApplicationContextInitializer : Root WebApplicationContext: initialization completed in 411 ms
2026-09-14T16:17:05.479+09:00  INFO 472 --- [mvc] [restartedMain] org.hibernate.orm.jpa                    : HHH008540: Processing PersistenceUnitInfo [name: default]
2026-09-14T16:17:05.643+09:00  INFO 472 --- [mvc] [restartedMain] o.s.o.j.p.SpringPersistenceUnitInfo      : No LoadTimeWeaver setup: ignoring JPA class transformer
2026-09-14T16:17:05.644+09:00  INFO 472 --- [mvc] [restartedMain] com.zaxxer.hikari.HikariDataSource       : HikariPool-45 - Starting...
2026-09-14T16:17:05.649+09:00  INFO 472 --- [mvc] [restartedMain] com.zaxxer.hikari.pool.HikariPool        : HikariPool-45 - Added connection com.mysql.cj.jdbc.ConnectionImpl@2c3470f
2026-09-14T16:17:05.649+09:00  INFO 472 --- [mvc] [restartedMain] com.zaxxer.hikari.HikariDataSource       : HikariPool-45 - Start completed.
2026-09-14T16:17:05.651+09:00  INFO 472 --- [mvc] [restartedMain] org.hibernate.orm.connections.pooling    : HHH10001005: Database info:
	Database JDBC URL [jdbc:mysql://localhost:3306/aloha?serverTimezone=Asia/Seoul&allowPublicKeyRetrieval=true&useSSL=false]
	Database driver: MySQL Connector/J
	Database dialect: MySQLDialect
	Database version: 8.0.46
	Default catalog/schema: aloha/undefined
	Autocommit mode: undefined/unknown
	Isolation level: REPEATABLE_READ [default REPEATABLE_READ]
	JDBC fetch size: none
	Pool: DataSourceConnectionProvider
	Minimum pool size: undefined/unknown
	Maximum pool size: undefined/unknown
2026-09-14T16:17:05.723+09:00  INFO 472 --- [mvc] [restartedMain] org.hibernate.orm.core                   : HHH000489: No JTA platform available (set 'hibernate.transaction.jta.platform' to enable JTA platform integration)
2026-09-14T16:17:05.733+09:00  INFO 472 --- [mvc] [restartedMain] j.LocalContainerEntityManagerFactoryBean : Initialized JPA EntityManagerFactory for persistence unit 'default'
2026-09-14T16:17:05.788+09:00  WARN 472 --- [mvc] [restartedMain] JpaBaseConfiguration$JpaWebConfiguration : spring.jpa.open-in-view is enabled by default. Therefore, database queries may be performed during view rendering. Explicitly configure spring.jpa.open-in-view to disable this warning
2026-09-14T16:17:05.805+09:00  WARN 472 --- [mvc] [restartedMain] .s.a.UserDetailsServiceAutoConfiguration : 

Using generated security password: 24b17097-149c-4b6f-8f6d-06f787bef97e

This generated password is for development use only. Your security configuration must be updated before running your application in production.

2026-09-14T16:17:05.805+09:00  INFO 472 --- [mvc] [restartedMain] r$InitializeUserDetailsManagerConfigurer : Global AuthenticationManager configured with UserDetailsService bean with name inMemoryUserDetailsManager
2026-09-14T16:17:05.837+09:00  INFO 472 --- [mvc] [restartedMain] o.s.b.w.a.WelcomePageHandlerMapping      : Adding welcome page template: index
2026-09-14T16:17:05.872+09:00  INFO 472 --- [mvc] [restartedMain] o.s.boot.tomcat.TomcatWebServer          : Tomcat started on port 8080 (http) with context path '/'
2026-09-14T16:17:05.875+09:00  INFO 472 --- [mvc] [restartedMain] com.aloha.mvc.MvcApplication             : Started MvcApplication in 0.927 seconds (process running for 1235.913)
2026-09-14T16:17:05.876+09:00  INFO 472 --- [mvc] [restartedMain] .ConditionEvaluationDeltaLoggingListener : Condition evaluation unchanged
2026-09-14T16:17:10.371+09:00  INFO 472 --- [mvc] [File Watcher] rtingClassPathChangeChangedEventListener : Restarting due to 1 class path change (0 additions, 0 deletions, 1 modification)
2026-09-14T16:17:10.372+09:00  INFO 472 --- [mvc] [Thread-170] o.s.boot.tomcat.GracefulShutdown         : Commencing graceful shutdown. Waiting for active requests to complete
2026-09-14T16:17:10.484+09:00  INFO 472 --- [mvc] [tomcat-shutdown] o.s.boot.tomcat.GracefulShutdown         : Graceful shutdown complete
2026-09-14T16:17:10.486+09:00  INFO 472 --- [mvc] [Thread-170] j.LocalContainerEntityManagerFactoryBean : Closing JPA EntityManagerFactory for persistence unit 'default'
2026-09-14T16:17:10.486+09:00  INFO 472 --- [mvc] [Thread-170] com.zaxxer.hikari.HikariDataSource       : HikariPool-45 - Shutdown initiated...
2026-09-14T16:17:10.487+09:00  INFO 472 --- [mvc] [Thread-170] com.zaxxer.hikari.HikariDataSource       : HikariPool-45 - Shutdown completed.
2026-09-14T16:17:10.588+09:00  INFO 472 --- [mvc] [restartedMain] com.aloha.mvc.MvcApplication             : Starting MvcApplication using Java 17.0.12 with PID 472 (C:\ALOHA\GITHUB\AIOT7_SPRINGBOOT\mvc\bin\main started by Admin in C:\ALOHA\GITHUB\AIOT7_SPRINGBOOT)
2026-09-14T16:17:10.588+09:00  INFO 472 --- [mvc] [restartedMain] com.aloha.mvc.MvcApplication             : No active profile set, falling back to 1 default profile: "default"
2026-09-14T16:17:10.758+09:00  INFO 472 --- [mvc] [restartedMain] .s.d.r.c.RepositoryConfigurationDelegate : Bootstrapping Spring Data JPA repositories in DEFAULT mode.
2026-09-14T16:17:10.769+09:00  INFO 472 --- [mvc] [restartedMain] .s.d.r.c.RepositoryConfigurationDelegate : Finished Spring Data repository scanning in 9 ms. Found 2 JPA repository interfaces.
2026-09-14T16:17:10.831+09:00  INFO 472 --- [mvc] [restartedMain] o.s.boot.tomcat.TomcatWebServer          : Tomcat initialized with port 8080 (http)
2026-09-14T16:17:10.832+09:00  INFO 472 --- [mvc] [restartedMain] o.apache.catalina.core.StandardService   : Starting service [Tomcat]
2026-09-14T16:17:10.832+09:00  INFO 472 --- [mvc] [restartedMain] o.apache.catalina.core.StandardEngine    : Starting Servlet engine: [Apache Tomcat/11.0.24]
2026-09-14T16:17:10.849+09:00  INFO 472 --- [mvc] [restartedMain] b.w.c.s.WebApplicationContextInitializer : Root WebApplicationContext: initialization completed in 259 ms
2026-09-14T16:17:10.878+09:00  INFO 472 --- [mvc] [restartedMain] org.hibernate.orm.jpa                    : HHH008540: Processing PersistenceUnitInfo [name: default]
2026-09-14T16:17:10.919+09:00  INFO 472 --- [mvc] [restartedMain] o.s.o.j.p.SpringPersistenceUnitInfo      : No LoadTimeWeaver setup: ignoring JPA class transformer
2026-09-14T16:17:10.921+09:00  INFO 472 --- [mvc] [restartedMain] com.zaxxer.hikari.HikariDataSource       : HikariPool-46 - Starting...
2026-09-14T16:17:10.924+09:00  INFO 472 --- [mvc] [restartedMain] com.zaxxer.hikari.pool.HikariPool        : HikariPool-46 - Added connection com.mysql.cj.jdbc.ConnectionImpl@16741fd2
2026-09-14T16:17:10.925+09:00  INFO 472 --- [mvc] [restartedMain] com.zaxxer.hikari.HikariDataSource       : HikariPool-46 - Start completed.
2026-09-14T16:17:10.925+09:00  INFO 472 --- [mvc] [restartedMain] org.hibernate.orm.connections.pooling    : HHH10001005: Database info:
	Database JDBC URL [jdbc:mysql://localhost:3306/aloha?serverTimezone=Asia/Seoul&allowPublicKeyRetrieval=true&useSSL=false]
	Database driver: MySQL Connector/J
	Database dialect: MySQLDialect
	Database version: 8.0.46
	Default catalog/schema: aloha/undefined
	Autocommit mode: undefined/unknown
	Isolation level: REPEATABLE_READ [default REPEATABLE_READ]
	JDBC fetch size: none
	Pool: DataSourceConnectionProvider
	Minimum pool size: undefined/unknown
	Maximum pool size: undefined/unknown
2026-09-14T16:17:10.973+09:00  INFO 472 --- [mvc] [restartedMain] org.hibernate.orm.core                   : HHH000489: No JTA platform available (set 'hibernate.transaction.jta.platform' to enable JTA platform integration)
2026-09-14T16:17:10.980+09:00  INFO 472 --- [mvc] [restartedMain] j.LocalContainerEntityManagerFactoryBean : Initialized JPA EntityManagerFactory for persistence unit 'default'
2026-09-14T16:17:11.024+09:00  WARN 472 --- [mvc] [restartedMain] JpaBaseConfiguration$JpaWebConfiguration : spring.jpa.open-in-view is enabled by default. Therefore, database queries may be performed during view rendering. Explicitly configure spring.jpa.open-in-view to disable this warning
2026-09-14T16:17:11.037+09:00  WARN 472 --- [mvc] [restartedMain] .s.a.UserDetailsServiceAutoConfiguration : 

Using generated security password: 1fbe6149-79df-4bd9-9c0d-60f7e293465b

This generated password is for development use only. Your security configuration must be updated before running your application in production.

2026-09-14T16:17:11.038+09:00  INFO 472 --- [mvc] [restartedMain] r$InitializeUserDetailsManagerConfigurer : Global AuthenticationManager configured with UserDetailsService bean with name inMemoryUserDetailsManager
2026-09-14T16:17:11.067+09:00  INFO 472 --- [mvc] [restartedMain] o.s.b.w.a.WelcomePageHandlerMapping      : Adding welcome page template: index
2026-09-14T16:17:11.105+09:00  INFO 472 --- [mvc] [restartedMain] o.s.boot.tomcat.TomcatWebServer          : Tomcat started on port 8080 (http) with context path '/'
2026-09-14T16:17:11.107+09:00  INFO 472 --- [mvc] [restartedMain] com.aloha.mvc.MvcApplication             : Started MvcApplication in 0.539 seconds (process running for 1241.145)
2026-09-14T16:17:11.108+09:00  INFO 472 --- [mvc] [restartedMain] .ConditionEvaluationDeltaLoggingListener : Condition evaluation unchanged
2026-09-14T16:17:21.792+09:00  INFO 472 --- [mvc] [File Watcher] rtingClassPathChangeChangedEventListener : Restarting due to 1 class path change (0 additions, 0 deletions, 1 modification)
2026-09-14T16:17:21.793+09:00  INFO 472 --- [mvc] [Thread-174] o.s.boot.tomcat.GracefulShutdown         : Commencing graceful shutdown. Waiting for active requests to complete
2026-09-14T16:17:21.880+09:00  INFO 472 --- [mvc] [tomcat-shutdown] o.s.boot.tomcat.GracefulShutdown         : Graceful shutdown complete
2026-09-14T16:17:21.881+09:00  INFO 472 --- [mvc] [Thread-174] j.LocalContainerEntityManagerFactoryBean : Closing JPA EntityManagerFactory for persistence unit 'default'
2026-09-14T16:17:21.881+09:00  INFO 472 --- [mvc] [Thread-174] com.zaxxer.hikari.HikariDataSource       : HikariPool-46 - Shutdown initiated...
2026-09-14T16:17:21.882+09:00  INFO 472 --- [mvc] [Thread-174] com.zaxxer.hikari.HikariDataSource       : HikariPool-46 - Shutdown completed.
2026-09-14T16:17:21.970+09:00  INFO 472 --- [mvc] [restartedMain] com.aloha.mvc.MvcApplication             : Starting MvcApplication using Java 17.0.12 with PID 472 (C:\ALOHA\GITHUB\AIOT7_SPRINGBOOT\mvc\bin\main started by Admin in C:\ALOHA\GITHUB\AIOT7_SPRINGBOOT)
2026-09-14T16:17:21.970+09:00  INFO 472 --- [mvc] [restartedMain] com.aloha.mvc.MvcApplication             : No active profile set, falling back to 1 default profile: "default"
2026-09-14T16:17:22.135+09:00  INFO 472 --- [mvc] [restartedMain] .s.d.r.c.RepositoryConfigurationDelegate : Bootstrapping Spring Data JPA repositories in DEFAULT mode.
2026-09-14T16:17:22.146+09:00  INFO 472 --- [mvc] [restartedMain] .s.d.r.c.RepositoryConfigurationDelegate : Finished Spring Data repository scanning in 10 ms. Found 2 JPA repository interfaces.
2026-09-14T16:17:22.223+09:00  INFO 472 --- [mvc] [restartedMain] o.s.boot.tomcat.TomcatWebServer          : Tomcat initialized with port 8080 (http)
2026-09-14T16:17:22.223+09:00  INFO 472 --- [mvc] [restartedMain] o.apache.catalina.core.StandardService   : Starting service [Tomcat]
2026-09-14T16:17:22.224+09:00  INFO 472 --- [mvc] [restartedMain] o.apache.catalina.core.StandardEngine    : Starting Servlet engine: [Apache Tomcat/11.0.24]
2026-09-14T16:17:22.244+09:00  INFO 472 --- [mvc] [restartedMain] b.w.c.s.WebApplicationContextInitializer : Root WebApplicationContext: initialization completed in 272 ms
2026-09-14T16:17:22.280+09:00  INFO 472 --- [mvc] [restartedMain] org.hibernate.orm.jpa                    : HHH008540: Processing PersistenceUnitInfo [name: default]
2026-09-14T16:17:22.327+09:00  INFO 472 --- [mvc] [restartedMain] o.s.o.j.p.SpringPersistenceUnitInfo      : No LoadTimeWeaver setup: ignoring JPA class transformer
2026-09-14T16:17:22.328+09:00  INFO 472 --- [mvc] [restartedMain] com.zaxxer.hikari.HikariDataSource       : HikariPool-47 - Starting...
2026-09-14T16:17:22.330+09:00  INFO 472 --- [mvc] [restartedMain] com.zaxxer.hikari.pool.HikariPool        : HikariPool-47 - Added connection com.mysql.cj.jdbc.ConnectionImpl@aa721ea
2026-09-14T16:17:22.330+09:00  INFO 472 --- [mvc] [restartedMain] com.zaxxer.hikari.HikariDataSource       : HikariPool-47 - Start completed.
2026-09-14T16:17:22.331+09:00  INFO 472 --- [mvc] [restartedMain] org.hibernate.orm.connections.pooling    : HHH10001005: Database info:
	Database JDBC URL [jdbc:mysql://localhost:3306/aloha?serverTimezone=Asia/Seoul&allowPublicKeyRetrieval=true&useSSL=false]
	Database driver: MySQL Connector/J
	Database dialect: MySQLDialect
	Database version: 8.0.46
	Default catalog/schema: aloha/undefined
	Autocommit mode: undefined/unknown
	Isolation level: REPEATABLE_READ [default REPEATABLE_READ]
	JDBC fetch size: none
	Pool: DataSourceConnectionProvider
	Minimum pool size: undefined/unknown
	Maximum pool size: undefined/unknown
2026-09-14T16:17:22.387+09:00  INFO 472 --- [mvc] [restartedMain] org.hibernate.orm.core                   : HHH000489: No JTA platform available (set 'hibernate.transaction.jta.platform' to enable JTA platform integration)
2026-09-14T16:17:22.395+09:00  INFO 472 --- [mvc] [restartedMain] j.LocalContainerEntityManagerFactoryBean : Initialized JPA EntityManagerFactory for persistence unit 'default'
2026-09-14T16:17:22.439+09:00  WARN 472 --- [mvc] [restartedMain] JpaBaseConfiguration$JpaWebConfiguration : spring.jpa.open-in-view is enabled by default. Therefore, database queries may be performed during view rendering. Explicitly configure spring.jpa.open-in-view to disable this warning
2026-09-14T16:17:22.456+09:00  WARN 472 --- [mvc] [restartedMain] .s.a.UserDetailsServiceAutoConfiguration : 

Using generated security password: d4b377aa-c232-4423-af08-b1e5f96b5727

This generated password is for development use only. Your security configuration must be updated before running your application in production.

2026-09-14T16:17:22.457+09:00  INFO 472 --- [mvc] [restartedMain] r$InitializeUserDetailsManagerConfigurer : Global AuthenticationManager configured with UserDetailsService bean with name inMemoryUserDetailsManager
2026-09-14T16:17:22.487+09:00  INFO 472 --- [mvc] [restartedMain] o.s.b.w.a.WelcomePageHandlerMapping      : Adding welcome page template: index
2026-09-14T16:17:22.519+09:00  INFO 472 --- [mvc] [restartedMain] o.s.boot.tomcat.TomcatWebServer          : Tomcat started on port 8080 (http) with context path '/'
2026-09-14T16:17:22.522+09:00  INFO 472 --- [mvc] [restartedMain] com.aloha.mvc.MvcApplication             : Started MvcApplication in 0.573 seconds (process running for 1252.56)
2026-09-14T16:17:22.527+09:00  INFO 472 --- [mvc] [restartedMain] .ConditionEvaluationDeltaLoggingListener : Condition evaluation unchanged
2026-09-14T16:17:28.132+09:00  INFO 472 --- [mvc] [File Watcher] rtingClassPathChangeChangedEventListener : Restarting due to 1 class path change (0 additions, 0 deletions, 1 modification)
2026-09-14T16:17:28.133+09:00  INFO 472 --- [mvc] [Thread-178] o.s.boot.tomcat.GracefulShutdown         : Commencing graceful shutdown. Waiting for active requests to complete
2026-09-14T16:17:28.230+09:00  INFO 472 --- [mvc] [tomcat-shutdown] o.s.boot.tomcat.GracefulShutdown         : Graceful shutdown complete
2026-09-14T16:17:28.231+09:00  INFO 472 --- [mvc] [Thread-178] j.LocalContainerEntityManagerFactoryBean : Closing JPA EntityManagerFactory for persistence unit 'default'
2026-09-14T16:17:28.232+09:00  INFO 472 --- [mvc] [Thread-178] com.zaxxer.hikari.HikariDataSource       : HikariPool-47 - Shutdown initiated...
2026-09-14T16:17:28.236+09:00  INFO 472 --- [mvc] [Thread-178] com.zaxxer.hikari.HikariDataSource       : HikariPool-47 - Shutdown completed.
2026-09-14T16:17:28.352+09:00  INFO 472 --- [mvc] [restartedMain] com.aloha.mvc.MvcApplication             : Starting MvcApplication using Java 17.0.12 with PID 472 (C:\ALOHA\GITHUB\AIOT7_SPRINGBOOT\mvc\bin\main started by Admin in C:\ALOHA\GITHUB\AIOT7_SPRINGBOOT)
2026-09-14T16:17:28.352+09:00  INFO 472 --- [mvc] [restartedMain] com.aloha.mvc.MvcApplication             : No active profile set, falling back to 1 default profile: "default"
2026-09-14T16:17:28.630+09:00  INFO 472 --- [mvc] [restartedMain] .s.d.r.c.RepositoryConfigurationDelegate : Bootstrapping Spring Data JPA repositories in DEFAULT mode.
2026-09-14T16:17:28.644+09:00  INFO 472 --- [mvc] [restartedMain] .s.d.r.c.RepositoryConfigurationDelegate : Finished Spring Data repository scanning in 13 ms. Found 2 JPA repository interfaces.
2026-09-14T16:17:28.709+09:00  INFO 472 --- [mvc] [restartedMain] o.s.boot.tomcat.TomcatWebServer          : Tomcat initialized with port 8080 (http)
2026-09-14T16:17:28.709+09:00  INFO 472 --- [mvc] [restartedMain] o.apache.catalina.core.StandardService   : Starting service [Tomcat]
2026-09-14T16:17:28.709+09:00  INFO 472 --- [mvc] [restartedMain] o.apache.catalina.core.StandardEngine    : Starting Servlet engine: [Apache Tomcat/11.0.24]
2026-09-14T16:17:28.742+09:00  INFO 472 --- [mvc] [restartedMain] b.w.c.s.WebApplicationContextInitializer : Root WebApplicationContext: initialization completed in 388 ms
2026-09-14T16:17:28.766+09:00  INFO 472 --- [mvc] [restartedMain] org.hibernate.orm.jpa                    : HHH008540: Processing PersistenceUnitInfo [name: default]
2026-09-14T16:17:28.818+09:00  INFO 472 --- [mvc] [restartedMain] o.s.o.j.p.SpringPersistenceUnitInfo      : No LoadTimeWeaver setup: ignoring JPA class transformer
2026-09-14T16:17:28.819+09:00  INFO 472 --- [mvc] [restartedMain] com.zaxxer.hikari.HikariDataSource       : HikariPool-48 - Starting...
2026-09-14T16:17:28.822+09:00  INFO 472 --- [mvc] [restartedMain] com.zaxxer.hikari.pool.HikariPool        : HikariPool-48 - Added connection com.mysql.cj.jdbc.ConnectionImpl@4df264ae
2026-09-14T16:17:28.823+09:00  INFO 472 --- [mvc] [restartedMain] com.zaxxer.hikari.HikariDataSource       : HikariPool-48 - Start completed.
2026-09-14T16:17:28.824+09:00  INFO 472 --- [mvc] [restartedMain] org.hibernate.orm.connections.pooling    : HHH10001005: Database info:
	Database JDBC URL [jdbc:mysql://localhost:3306/aloha?serverTimezone=Asia/Seoul&allowPublicKeyRetrieval=true&useSSL=false]
	Database driver: MySQL Connector/J
	Database dialect: MySQLDialect
	Database version: 8.0.46
	Default catalog/schema: aloha/undefined
	Autocommit mode: undefined/unknown
	Isolation level: REPEATABLE_READ [default REPEATABLE_READ]
	JDBC fetch size: none
	Pool: DataSourceConnectionProvider
	Minimum pool size: undefined/unknown
	Maximum pool size: undefined/unknown
2026-09-14T16:17:28.883+09:00  INFO 472 --- [mvc] [restartedMain] org.hibernate.orm.core                   : HHH000489: No JTA platform available (set 'hibernate.transaction.jta.platform' to enable JTA platform integration)
2026-09-14T16:17:28.890+09:00  INFO 472 --- [mvc] [restartedMain] j.LocalContainerEntityManagerFactoryBean : Initialized JPA EntityManagerFactory for persistence unit 'default'
2026-09-14T16:17:28.931+09:00  WARN 472 --- [mvc] [restartedMain] JpaBaseConfiguration$JpaWebConfiguration : spring.jpa.open-in-view is enabled by default. Therefore, database queries may be performed during view rendering. Explicitly configure spring.jpa.open-in-view to disable this warning
2026-09-14T16:17:28.949+09:00  WARN 472 --- [mvc] [restartedMain] .s.a.UserDetailsServiceAutoConfiguration : 

Using generated security password: addd801b-8775-4a66-8df5-bf711014ecf7

This generated password is for development use only. Your security configuration must be updated before running your application in production.

2026-09-14T16:17:28.950+09:00  INFO 472 --- [mvc] [restartedMain] r$InitializeUserDetailsManagerConfigurer : Global AuthenticationManager configured with UserDetailsService bean with name inMemoryUserDetailsManager
2026-09-14T16:17:28.984+09:00  INFO 472 --- [mvc] [restartedMain] o.s.b.w.a.WelcomePageHandlerMapping      : Adding welcome page template: index
2026-09-14T16:17:29.051+09:00  INFO 472 --- [mvc] [restartedMain] o.s.boot.tomcat.TomcatWebServer          : Tomcat started on port 8080 (http) with context path '/'
2026-09-14T16:17:29.054+09:00  INFO 472 --- [mvc] [restartedMain] com.aloha.mvc.MvcApplication             : Started MvcApplication in 0.728 seconds (process running for 1259.092)
2026-09-14T16:17:29.054+09:00  INFO 472 --- [mvc] [restartedMain] .ConditionEvaluationDeltaLoggingListener : Condition evaluation unchanged
2026-09-14T16:17:36.746+09:00  INFO 472 --- [mvc] [File Watcher] rtingClassPathChangeChangedEventListener : Restarting due to 1 class path change (0 additions, 0 deletions, 1 modification)
2026-09-14T16:17:36.747+09:00  INFO 472 --- [mvc] [Thread-182] o.s.boot.tomcat.GracefulShutdown         : Commencing graceful shutdown. Waiting for active requests to complete
2026-09-14T16:17:36.893+09:00  INFO 472 --- [mvc] [tomcat-shutdown] o.s.boot.tomcat.GracefulShutdown         : Graceful shutdown complete
2026-09-14T16:17:36.894+09:00  INFO 472 --- [mvc] [Thread-182] j.LocalContainerEntityManagerFactoryBean : Closing JPA EntityManagerFactory for persistence unit 'default'
2026-09-14T16:17:36.894+09:00  INFO 472 --- [mvc] [Thread-182] com.zaxxer.hikari.HikariDataSource       : HikariPool-48 - Shutdown initiated...
2026-09-14T16:17:36.895+09:00  INFO 472 --- [mvc] [Thread-182] com.zaxxer.hikari.HikariDataSource       : HikariPool-48 - Shutdown completed.
2026-09-14T16:17:36.998+09:00  INFO 472 --- [mvc] [restartedMain] com.aloha.mvc.MvcApplication             : Starting MvcApplication using Java 17.0.12 with PID 472 (C:\ALOHA\GITHUB\AIOT7_SPRINGBOOT\mvc\bin\main started by Admin in C:\ALOHA\GITHUB\AIOT7_SPRINGBOOT)
2026-09-14T16:17:36.998+09:00  INFO 472 --- [mvc] [restartedMain] com.aloha.mvc.MvcApplication             : No active profile set, falling back to 1 default profile: "default"
2026-09-14T16:17:37.203+09:00  INFO 472 --- [mvc] [restartedMain] .s.d.r.c.RepositoryConfigurationDelegate : Bootstrapping Spring Data JPA repositories in DEFAULT mode.
2026-09-14T16:17:37.232+09:00  INFO 472 --- [mvc] [restartedMain] .s.d.r.c.RepositoryConfigurationDelegate : Finished Spring Data repository scanning in 26 ms. Found 2 JPA repository interfaces.
2026-09-14T16:17:37.359+09:00  INFO 472 --- [mvc] [restartedMain] o.s.boot.tomcat.TomcatWebServer          : Tomcat initialized with port 8080 (http)
2026-09-14T16:17:37.360+09:00  INFO 472 --- [mvc] [restartedMain] o.apache.catalina.core.StandardService   : Starting service [Tomcat]
2026-09-14T16:17:37.361+09:00  INFO 472 --- [mvc] [restartedMain] o.apache.catalina.core.StandardEngine    : Starting Servlet engine: [Apache Tomcat/11.0.24]
2026-09-14T16:17:37.385+09:00  INFO 472 --- [mvc] [restartedMain] b.w.c.s.WebApplicationContextInitializer : Root WebApplicationContext: initialization completed in 386 ms
2026-09-14T16:17:37.419+09:00  INFO 472 --- [mvc] [restartedMain] org.hibernate.orm.jpa                    : HHH008540: Processing PersistenceUnitInfo [name: default]
2026-09-14T16:17:37.479+09:00  INFO 472 --- [mvc] [restartedMain] o.s.o.j.p.SpringPersistenceUnitInfo      : No LoadTimeWeaver setup: ignoring JPA class transformer
2026-09-14T16:17:37.480+09:00  INFO 472 --- [mvc] [restartedMain] com.zaxxer.hikari.HikariDataSource       : HikariPool-49 - Starting...
2026-09-14T16:17:37.483+09:00  INFO 472 --- [mvc] [restartedMain] com.zaxxer.hikari.pool.HikariPool        : HikariPool-49 - Added connection com.mysql.cj.jdbc.ConnectionImpl@3734804d
2026-09-14T16:17:37.483+09:00  INFO 472 --- [mvc] [restartedMain] com.zaxxer.hikari.HikariDataSource       : HikariPool-49 - Start completed.
2026-09-14T16:17:37.485+09:00  INFO 472 --- [mvc] [restartedMain] org.hibernate.orm.connections.pooling    : HHH10001005: Database info:
	Database JDBC URL [jdbc:mysql://localhost:3306/aloha?serverTimezone=Asia/Seoul&allowPublicKeyRetrieval=true&useSSL=false]
	Database driver: MySQL Connector/J
	Database dialect: MySQLDialect
	Database version: 8.0.46
	Default catalog/schema: aloha/undefined
	Autocommit mode: undefined/unknown
	Isolation level: REPEATABLE_READ [default REPEATABLE_READ]
	JDBC fetch size: none
	Pool: DataSourceConnectionProvider
	Minimum pool size: undefined/unknown
	Maximum pool size: undefined/unknown
2026-09-14T16:17:37.558+09:00  INFO 472 --- [mvc] [restartedMain] org.hibernate.orm.core                   : HHH000489: No JTA platform available (set 'hibernate.transaction.jta.platform' to enable JTA platform integration)
2026-09-14T16:17:37.566+09:00  INFO 472 --- [mvc] [restartedMain] j.LocalContainerEntityManagerFactoryBean : Initialized JPA EntityManagerFactory for persistence unit 'default'
2026-09-14T16:17:37.629+09:00  WARN 472 --- [mvc] [restartedMain] JpaBaseConfiguration$JpaWebConfiguration : spring.jpa.open-in-view is enabled by default. Therefore, database queries may be performed during view rendering. Explicitly configure spring.jpa.open-in-view to disable this warning
2026-09-14T16:17:37.653+09:00  WARN 472 --- [mvc] [restartedMain] .s.a.UserDetailsServiceAutoConfiguration : 

Using generated security password: 5cea8e7c-9a71-4c90-8823-83aeb80710de

This generated password is for development use only. Your security configuration must be updated before running your application in production.

2026-09-14T16:17:37.658+09:00  INFO 472 --- [mvc] [restartedMain] r$InitializeUserDetailsManagerConfigurer : Global AuthenticationManager configured with UserDetailsService bean with name inMemoryUserDetailsManager
2026-09-14T16:17:37.716+09:00  INFO 472 --- [mvc] [restartedMain] o.s.b.w.a.WelcomePageHandlerMapping      : Adding welcome page template: index
2026-09-14T16:17:37.831+09:00  INFO 472 --- [mvc] [restartedMain] o.s.boot.tomcat.TomcatWebServer          : Tomcat started on port 8080 (http) with context path '/'
2026-09-14T16:17:37.840+09:00  INFO 472 --- [mvc] [restartedMain] com.aloha.mvc.MvcApplication             : Started MvcApplication in 0.86 seconds (process running for 1267.878)
2026-09-14T16:17:37.841+09:00  INFO 472 --- [mvc] [restartedMain] .ConditionEvaluationDeltaLoggingListener : Condition evaluation unchanged
2026-09-14T16:17:40.297+09:00  INFO 472 --- [mvc] [File Watcher] rtingClassPathChangeChangedEventListener : Restarting due to 1 class path change (0 additions, 0 deletions, 1 modification)
2026-09-14T16:17:40.298+09:00  INFO 472 --- [mvc] [Thread-186] o.s.boot.tomcat.GracefulShutdown         : Commencing graceful shutdown. Waiting for active requests to complete
2026-09-14T16:17:40.406+09:00  INFO 472 --- [mvc] [tomcat-shutdown] o.s.boot.tomcat.GracefulShutdown         : Graceful shutdown complete
2026-09-14T16:17:40.409+09:00  INFO 472 --- [mvc] [Thread-186] j.LocalContainerEntityManagerFactoryBean : Closing JPA EntityManagerFactory for persistence unit 'default'
2026-09-14T16:17:40.410+09:00  INFO 472 --- [mvc] [Thread-186] com.zaxxer.hikari.HikariDataSource       : HikariPool-49 - Shutdown initiated...
2026-09-14T16:17:40.421+09:00  INFO 472 --- [mvc] [Thread-186] com.zaxxer.hikari.HikariDataSource       : HikariPool-49 - Shutdown completed.
2026-09-14T16:17:40.755+09:00  INFO 472 --- [mvc] [restartedMain] com.aloha.mvc.MvcApplication             : Starting MvcApplication using Java 17.0.12 with PID 472 (C:\ALOHA\GITHUB\AIOT7_SPRINGBOOT\mvc\bin\main started by Admin in C:\ALOHA\GITHUB\AIOT7_SPRINGBOOT)
2026-09-14T16:17:40.756+09:00  INFO 472 --- [mvc] [restartedMain] com.aloha.mvc.MvcApplication             : No active profile set, falling back to 1 default profile: "default"
2026-09-14T16:17:41.047+09:00  INFO 472 --- [mvc] [restartedMain] .s.d.r.c.RepositoryConfigurationDelegate : Bootstrapping Spring Data JPA repositories in DEFAULT mode.
2026-09-14T16:17:41.063+09:00  INFO 472 --- [mvc] [restartedMain] .s.d.r.c.RepositoryConfigurationDelegate : Finished Spring Data repository scanning in 15 ms. Found 2 JPA repository interfaces.
2026-09-14T16:17:41.132+09:00  INFO 472 --- [mvc] [restartedMain] o.s.boot.tomcat.TomcatWebServer          : Tomcat initialized with port 8080 (http)
2026-09-14T16:17:41.132+09:00  INFO 472 --- [mvc] [restartedMain] o.apache.catalina.core.StandardService   : Starting service [Tomcat]
2026-09-14T16:17:41.132+09:00  INFO 472 --- [mvc] [restartedMain] o.apache.catalina.core.StandardEngine    : Starting Servlet engine: [Apache Tomcat/11.0.24]
2026-09-14T16:17:41.156+09:00  INFO 472 --- [mvc] [restartedMain] b.w.c.s.WebApplicationContextInitializer : Root WebApplicationContext: initialization completed in 379 ms
2026-09-14T16:17:41.202+09:00  INFO 472 --- [mvc] [restartedMain] org.hibernate.orm.jpa                    : HHH008540: Processing PersistenceUnitInfo [name: default]
2026-09-14T16:17:41.267+09:00  INFO 472 --- [mvc] [restartedMain] o.s.o.j.p.SpringPersistenceUnitInfo      : No LoadTimeWeaver setup: ignoring JPA class transformer
2026-09-14T16:17:41.270+09:00  INFO 472 --- [mvc] [restartedMain] com.zaxxer.hikari.HikariDataSource       : HikariPool-50 - Starting...
2026-09-14T16:17:41.273+09:00  INFO 472 --- [mvc] [restartedMain] com.zaxxer.hikari.pool.HikariPool        : HikariPool-50 - Added connection com.mysql.cj.jdbc.ConnectionImpl@24ebcb9
2026-09-14T16:17:41.273+09:00  INFO 472 --- [mvc] [restartedMain] com.zaxxer.hikari.HikariDataSource       : HikariPool-50 - Start completed.
2026-09-14T16:17:41.274+09:00  INFO 472 --- [mvc] [restartedMain] org.hibernate.orm.connections.pooling    : HHH10001005: Database info:
	Database JDBC URL [jdbc:mysql://localhost:3306/aloha?serverTimezone=Asia/Seoul&allowPublicKeyRetrieval=true&useSSL=false]
	Database driver: MySQL Connector/J
	Database dialect: MySQLDialect
	Database version: 8.0.46
	Default catalog/schema: aloha/undefined
	Autocommit mode: undefined/unknown
	Isolation level: REPEATABLE_READ [default REPEATABLE_READ]
	JDBC fetch size: none
	Pool: DataSourceConnectionProvider
	Minimum pool size: undefined/unknown
	Maximum pool size: undefined/unknown
2026-09-14T16:17:41.327+09:00  INFO 472 --- [mvc] [restartedMain] org.hibernate.orm.core                   : HHH000489: No JTA platform available (set 'hibernate.transaction.jta.platform' to enable JTA platform integration)
2026-09-14T16:17:41.337+09:00  INFO 472 --- [mvc] [restartedMain] j.LocalContainerEntityManagerFactoryBean : Initialized JPA EntityManagerFactory for persistence unit 'default'
2026-09-14T16:17:41.423+09:00  WARN 472 --- [mvc] [restartedMain] JpaBaseConfiguration$JpaWebConfiguration : spring.jpa.open-in-view is enabled by default. Therefore, database queries may be performed during view rendering. Explicitly configure spring.jpa.open-in-view to disable this warning
2026-09-14T16:17:41.493+09:00  WARN 472 --- [mvc] [restartedMain] .s.a.UserDetailsServiceAutoConfiguration : 

Using generated security password: 7b8b5ebd-8f6a-43b4-9644-28eed8c2cb74

This generated password is for development use only. Your security configuration must be updated before running your application in production.

2026-09-14T16:17:41.496+09:00  INFO 472 --- [mvc] [restartedMain] r$InitializeUserDetailsManagerConfigurer : Global AuthenticationManager configured with UserDetailsService bean with name inMemoryUserDetailsManager
2026-09-14T16:17:41.758+09:00  INFO 472 --- [mvc] [restartedMain] o.s.b.w.a.WelcomePageHandlerMapping      : Adding welcome page template: index
2026-09-14T16:17:41.834+09:00  INFO 472 --- [mvc] [restartedMain] o.s.boot.tomcat.TomcatWebServer          : Tomcat started on port 8080 (http) with context path '/'
2026-09-14T16:17:41.838+09:00  INFO 472 --- [mvc] [restartedMain] com.aloha.mvc.MvcApplication             : Started MvcApplication in 1.181 seconds (process running for 1271.876)
2026-09-14T16:17:41.843+09:00  INFO 472 --- [mvc] [restartedMain] .ConditionEvaluationDeltaLoggingListener : Condition evaluation unchanged
2026-09-14T16:17:43.275+09:00  INFO 472 --- [mvc] [File Watcher] rtingClassPathChangeChangedEventListener : Restarting due to 1 class path change (0 additions, 0 deletions, 1 modification)
2026-09-14T16:17:43.276+09:00  INFO 472 --- [mvc] [Thread-190] o.s.boot.tomcat.GracefulShutdown         : Commencing graceful shutdown. Waiting for active requests to complete
2026-09-14T16:17:43.376+09:00  INFO 472 --- [mvc] [tomcat-shutdown] o.s.boot.tomcat.GracefulShutdown         : Graceful shutdown complete
2026-09-14T16:17:43.377+09:00  INFO 472 --- [mvc] [Thread-190] j.LocalContainerEntityManagerFactoryBean : Closing JPA EntityManagerFactory for persistence unit 'default'
2026-09-14T16:17:43.378+09:00  INFO 472 --- [mvc] [Thread-190] com.zaxxer.hikari.HikariDataSource       : HikariPool-50 - Shutdown initiated...
2026-09-14T16:17:43.383+09:00  INFO 472 --- [mvc] [Thread-190] com.zaxxer.hikari.HikariDataSource       : HikariPool-50 - Shutdown completed.
2026-09-14T16:17:43.513+09:00  INFO 472 --- [mvc] [restartedMain] com.aloha.mvc.MvcApplication             : Starting MvcApplication using Java 17.0.12 with PID 472 (C:\ALOHA\GITHUB\AIOT7_SPRINGBOOT\mvc\bin\main started by Admin in C:\ALOHA\GITHUB\AIOT7_SPRINGBOOT)
2026-09-14T16:17:43.513+09:00  INFO 472 --- [mvc] [restartedMain] com.aloha.mvc.MvcApplication             : No active profile set, falling back to 1 default profile: "default"
2026-09-14T16:17:43.728+09:00  INFO 472 --- [mvc] [restartedMain] .s.d.r.c.RepositoryConfigurationDelegate : Bootstrapping Spring Data JPA repositories in DEFAULT mode.
2026-09-14T16:17:43.739+09:00  INFO 472 --- [mvc] [restartedMain] .s.d.r.c.RepositoryConfigurationDelegate : Finished Spring Data repository scanning in 9 ms. Found 2 JPA repository interfaces.
2026-09-14T16:17:43.805+09:00  INFO 472 --- [mvc] [restartedMain] o.s.boot.tomcat.TomcatWebServer          : Tomcat initialized with port 8080 (http)
2026-09-14T16:17:43.806+09:00  INFO 472 --- [mvc] [restartedMain] o.apache.catalina.core.StandardService   : Starting service [Tomcat]
2026-09-14T16:17:43.807+09:00  INFO 472 --- [mvc] [restartedMain] o.apache.catalina.core.StandardEngine    : Starting Servlet engine: [Apache Tomcat/11.0.24]
2026-09-14T16:17:43.828+09:00  INFO 472 --- [mvc] [restartedMain] b.w.c.s.WebApplicationContextInitializer : Root WebApplicationContext: initialization completed in 313 ms
2026-09-14T16:17:43.850+09:00  INFO 472 --- [mvc] [restartedMain] org.hibernate.orm.jpa                    : HHH008540: Processing PersistenceUnitInfo [name: default]
2026-09-14T16:17:43.913+09:00  INFO 472 --- [mvc] [restartedMain] o.s.o.j.p.SpringPersistenceUnitInfo      : No LoadTimeWeaver setup: ignoring JPA class transformer
2026-09-14T16:17:43.914+09:00  INFO 472 --- [mvc] [restartedMain] com.zaxxer.hikari.HikariDataSource       : HikariPool-51 - Starting...
2026-09-14T16:17:43.916+09:00  INFO 472 --- [mvc] [restartedMain] com.zaxxer.hikari.pool.HikariPool        : HikariPool-51 - Added connection com.mysql.cj.jdbc.ConnectionImpl@14d9cee5
2026-09-14T16:17:43.916+09:00  INFO 472 --- [mvc] [restartedMain] com.zaxxer.hikari.HikariDataSource       : HikariPool-51 - Start completed.
2026-09-14T16:17:43.918+09:00  INFO 472 --- [mvc] [restartedMain] org.hibernate.orm.connections.pooling    : HHH10001005: Database info:
	Database JDBC URL [jdbc:mysql://localhost:3306/aloha?serverTimezone=Asia/Seoul&allowPublicKeyRetrieval=true&useSSL=false]
	Database driver: MySQL Connector/J
	Database dialect: MySQLDialect
	Database version: 8.0.46
	Default catalog/schema: aloha/undefined
	Autocommit mode: undefined/unknown
	Isolation level: REPEATABLE_READ [default REPEATABLE_READ]
	JDBC fetch size: none
	Pool: DataSourceConnectionProvider
	Minimum pool size: undefined/unknown
	Maximum pool size: undefined/unknown
2026-09-14T16:17:43.982+09:00  INFO 472 --- [mvc] [restartedMain] org.hibernate.orm.core                   : HHH000489: No JTA platform available (set 'hibernate.transaction.jta.platform' to enable JTA platform integration)
2026-09-14T16:17:43.992+09:00  INFO 472 --- [mvc] [restartedMain] j.LocalContainerEntityManagerFactoryBean : Initialized JPA EntityManagerFactory for persistence unit 'default'
2026-09-14T16:17:44.047+09:00  WARN 472 --- [mvc] [restartedMain] JpaBaseConfiguration$JpaWebConfiguration : spring.jpa.open-in-view is enabled by default. Therefore, database queries may be performed during view rendering. Explicitly configure spring.jpa.open-in-view to disable this warning
2026-09-14T16:17:44.091+09:00  WARN 472 --- [mvc] [restartedMain] .s.a.UserDetailsServiceAutoConfiguration : 

Using generated security password: e6c17d2e-cfad-4ec9-acdc-e3df84f307a5

This generated password is for development use only. Your security configuration must be updated before running your application in production.

2026-09-14T16:17:44.092+09:00  INFO 472 --- [mvc] [restartedMain] r$InitializeUserDetailsManagerConfigurer : Global AuthenticationManager configured with UserDetailsService bean with name inMemoryUserDetailsManager
2026-09-14T16:17:44.134+09:00  INFO 472 --- [mvc] [restartedMain] o.s.b.w.a.WelcomePageHandlerMapping      : Adding welcome page template: index
2026-09-14T16:17:44.379+09:00  INFO 472 --- [mvc] [restartedMain] o.s.boot.tomcat.TomcatWebServer          : Tomcat started on port 8080 (http) with context path '/'
2026-09-14T16:17:44.379+09:00  INFO 472 --- [mvc] [restartedMain] com.aloha.mvc.MvcApplication             : Started MvcApplication in 0.894 seconds (process running for 1274.418)
2026-09-14T16:17:44.380+09:00  INFO 472 --- [mvc] [restartedMain] .ConditionEvaluationDeltaLoggingListener : Condition evaluation unchanged
2026-09-14T16:17:53.044+09:00  INFO 472 --- [mvc] [File Watcher] rtingClassPathChangeChangedEventListener : Restarting due to 1 class path change (0 additions, 0 deletions, 1 modification)
2026-09-14T16:17:53.045+09:00  INFO 472 --- [mvc] [Thread-194] o.s.boot.tomcat.GracefulShutdown         : Commencing graceful shutdown. Waiting for active requests to complete
2026-09-14T16:17:53.131+09:00  INFO 472 --- [mvc] [tomcat-shutdown] o.s.boot.tomcat.GracefulShutdown         : Graceful shutdown complete
2026-09-14T16:17:53.132+09:00  INFO 472 --- [mvc] [Thread-194] j.LocalContainerEntityManagerFactoryBean : Closing JPA EntityManagerFactory for persistence unit 'default'
2026-09-14T16:17:53.133+09:00  INFO 472 --- [mvc] [Thread-194] com.zaxxer.hikari.HikariDataSource       : HikariPool-51 - Shutdown initiated...
2026-09-14T16:17:53.134+09:00  INFO 472 --- [mvc] [Thread-194] com.zaxxer.hikari.HikariDataSource       : HikariPool-51 - Shutdown completed.
2026-09-14T16:17:53.248+09:00  INFO 472 --- [mvc] [restartedMain] com.aloha.mvc.MvcApplication             : Starting MvcApplication using Java 17.0.12 with PID 472 (C:\ALOHA\GITHUB\AIOT7_SPRINGBOOT\mvc\bin\main started by Admin in C:\ALOHA\GITHUB\AIOT7_SPRINGBOOT)
2026-09-14T16:17:53.249+09:00  INFO 472 --- [mvc] [restartedMain] com.aloha.mvc.MvcApplication             : No active profile set, falling back to 1 default profile: "default"
2026-09-14T16:17:53.779+09:00  INFO 472 --- [mvc] [restartedMain] .s.d.r.c.RepositoryConfigurationDelegate : Bootstrapping Spring Data JPA repositories in DEFAULT mode.
2026-09-14T16:17:53.795+09:00  INFO 472 --- [mvc] [restartedMain] .s.d.r.c.RepositoryConfigurationDelegate : Finished Spring Data repository scanning in 15 ms. Found 2 JPA repository interfaces.
2026-09-14T16:17:53.879+09:00  INFO 472 --- [mvc] [restartedMain] o.s.boot.tomcat.TomcatWebServer          : Tomcat initialized with port 8080 (http)
2026-09-14T16:17:53.880+09:00  INFO 472 --- [mvc] [restartedMain] o.apache.catalina.core.StandardService   : Starting service [Tomcat]
2026-09-14T16:17:53.880+09:00  INFO 472 --- [mvc] [restartedMain] o.apache.catalina.core.StandardEngine    : Starting Servlet engine: [Apache Tomcat/11.0.24]
2026-09-14T16:17:53.897+09:00  INFO 472 --- [mvc] [restartedMain] b.w.c.s.WebApplicationContextInitializer : Root WebApplicationContext: initialization completed in 644 ms
2026-09-14T16:17:53.924+09:00  INFO 472 --- [mvc] [restartedMain] org.hibernate.orm.jpa                    : HHH008540: Processing PersistenceUnitInfo [name: default]
2026-09-14T16:17:53.980+09:00  INFO 472 --- [mvc] [restartedMain] o.s.o.j.p.SpringPersistenceUnitInfo      : No LoadTimeWeaver setup: ignoring JPA class transformer
2026-09-14T16:17:53.981+09:00  INFO 472 --- [mvc] [restartedMain] com.zaxxer.hikari.HikariDataSource       : HikariPool-52 - Starting...
2026-09-14T16:17:53.983+09:00  INFO 472 --- [mvc] [restartedMain] com.zaxxer.hikari.pool.HikariPool        : HikariPool-52 - Added connection com.mysql.cj.jdbc.ConnectionImpl@542ad2f0
2026-09-14T16:17:53.984+09:00  INFO 472 --- [mvc] [restartedMain] com.zaxxer.hikari.HikariDataSource       : HikariPool-52 - Start completed.
2026-09-14T16:17:53.985+09:00  INFO 472 --- [mvc] [restartedMain] org.hibernate.orm.connections.pooling    : HHH10001005: Database info:
	Database JDBC URL [jdbc:mysql://localhost:3306/aloha?serverTimezone=Asia/Seoul&allowPublicKeyRetrieval=true&useSSL=false]
	Database driver: MySQL Connector/J
	Database dialect: MySQLDialect
	Database version: 8.0.46
	Default catalog/schema: aloha/undefined
	Autocommit mode: undefined/unknown
	Isolation level: REPEATABLE_READ [default REPEATABLE_READ]
	JDBC fetch size: none
	Pool: DataSourceConnectionProvider
	Minimum pool size: undefined/unknown
	Maximum pool size: undefined/unknown
2026-09-14T16:17:54.049+09:00  INFO 472 --- [mvc] [restartedMain] org.hibernate.orm.core                   : HHH000489: No JTA platform available (set 'hibernate.transaction.jta.platform' to enable JTA platform integration)
2026-09-14T16:17:54.059+09:00  INFO 472 --- [mvc] [restartedMain] j.LocalContainerEntityManagerFactoryBean : Initialized JPA EntityManagerFactory for persistence unit 'default'
2026-09-14T16:17:54.113+09:00  WARN 472 --- [mvc] [restartedMain] JpaBaseConfiguration$JpaWebConfiguration : spring.jpa.open-in-view is enabled by default. Therefore, database queries may be performed during view rendering. Explicitly configure spring.jpa.open-in-view to disable this warning
2026-09-14T16:17:54.132+09:00  WARN 472 --- [mvc] [restartedMain] .s.a.UserDetailsServiceAutoConfiguration : 

Using generated security password: 4153a8e2-67f7-4dc4-9f34-b04082eebba7

This generated password is for development use only. Your security configuration must be updated before running your application in production.

2026-09-14T16:17:54.134+09:00  INFO 472 --- [mvc] [restartedMain] r$InitializeUserDetailsManagerConfigurer : Global AuthenticationManager configured with UserDetailsService bean with name inMemoryUserDetailsManager
2026-09-14T16:17:54.181+09:00  INFO 472 --- [mvc] [restartedMain] o.s.b.w.a.WelcomePageHandlerMapping      : Adding welcome page template: index
2026-09-14T16:17:54.246+09:00  INFO 472 --- [mvc] [restartedMain] o.s.boot.tomcat.TomcatWebServer          : Tomcat started on port 8080 (http) with context path '/'
2026-09-14T16:17:54.247+09:00  INFO 472 --- [mvc] [restartedMain] com.aloha.mvc.MvcApplication             : Started MvcApplication in 1.018 seconds (process running for 1284.286)
2026-09-14T16:17:54.249+09:00  INFO 472 --- [mvc] [restartedMain] .ConditionEvaluationDeltaLoggingListener : Condition evaluation unchanged
2026-09-14T16:17:56.736+09:00  INFO 472 --- [mvc] [File Watcher] rtingClassPathChangeChangedEventListener : Restarting due to 1 class path change (0 additions, 0 deletions, 1 modification)
2026-09-14T16:17:56.767+09:00  INFO 472 --- [mvc] [Thread-198] o.s.boot.tomcat.GracefulShutdown         : Commencing graceful shutdown. Waiting for active requests to complete
2026-09-14T16:17:57.035+09:00  INFO 472 --- [mvc] [tomcat-shutdown] o.s.boot.tomcat.GracefulShutdown         : Graceful shutdown complete
2026-09-14T16:17:57.037+09:00  INFO 472 --- [mvc] [Thread-198] j.LocalContainerEntityManagerFactoryBean : Closing JPA EntityManagerFactory for persistence unit 'default'
2026-09-14T16:17:57.038+09:00  INFO 472 --- [mvc] [Thread-198] com.zaxxer.hikari.HikariDataSource       : HikariPool-52 - Shutdown initiated...
2026-09-14T16:17:57.040+09:00  INFO 472 --- [mvc] [Thread-198] com.zaxxer.hikari.HikariDataSource       : HikariPool-52 - Shutdown completed.
2026-09-14T16:17:57.152+09:00  INFO 472 --- [mvc] [restartedMain] com.aloha.mvc.MvcApplication             : Starting MvcApplication using Java 17.0.12 with PID 472 (C:\ALOHA\GITHUB\AIOT7_SPRINGBOOT\mvc\bin\main started by Admin in C:\ALOHA\GITHUB\AIOT7_SPRINGBOOT)
2026-09-14T16:17:57.152+09:00  INFO 472 --- [mvc] [restartedMain] com.aloha.mvc.MvcApplication             : No active profile set, falling back to 1 default profile: "default"
2026-09-14T16:17:57.333+09:00  INFO 472 --- [mvc] [restartedMain] .s.d.r.c.RepositoryConfigurationDelegate : Bootstrapping Spring Data JPA repositories in DEFAULT mode.
2026-09-14T16:17:57.346+09:00  INFO 472 --- [mvc] [restartedMain] .s.d.r.c.RepositoryConfigurationDelegate : Finished Spring Data repository scanning in 11 ms. Found 2 JPA repository interfaces.
2026-09-14T16:17:57.411+09:00  INFO 472 --- [mvc] [restartedMain] o.s.boot.tomcat.TomcatWebServer          : Tomcat initialized with port 8080 (http)
2026-09-14T16:17:57.411+09:00  INFO 472 --- [mvc] [restartedMain] o.apache.catalina.core.StandardService   : Starting service [Tomcat]
2026-09-14T16:17:57.411+09:00  INFO 472 --- [mvc] [restartedMain] o.apache.catalina.core.StandardEngine    : Starting Servlet engine: [Apache Tomcat/11.0.24]
2026-09-14T16:17:57.442+09:00  INFO 472 --- [mvc] [restartedMain] b.w.c.s.WebApplicationContextInitializer : Root WebApplicationContext: initialization completed in 288 ms
2026-09-14T16:17:57.473+09:00  INFO 472 --- [mvc] [restartedMain] org.hibernate.orm.jpa                    : HHH008540: Processing PersistenceUnitInfo [name: default]
2026-09-14T16:17:57.550+09:00  INFO 472 --- [mvc] [restartedMain] o.s.o.j.p.SpringPersistenceUnitInfo      : No LoadTimeWeaver setup: ignoring JPA class transformer
2026-09-14T16:17:57.552+09:00  INFO 472 --- [mvc] [restartedMain] com.zaxxer.hikari.HikariDataSource       : HikariPool-53 - Starting...
2026-09-14T16:17:57.555+09:00  INFO 472 --- [mvc] [restartedMain] com.zaxxer.hikari.pool.HikariPool        : HikariPool-53 - Added connection com.mysql.cj.jdbc.ConnectionImpl@1f26801f
2026-09-14T16:17:57.556+09:00  INFO 472 --- [mvc] [restartedMain] com.zaxxer.hikari.HikariDataSource       : HikariPool-53 - Start completed.
2026-09-14T16:17:57.557+09:00  INFO 472 --- [mvc] [restartedMain] org.hibernate.orm.connections.pooling    : HHH10001005: Database info:
	Database JDBC URL [jdbc:mysql://localhost:3306/aloha?serverTimezone=Asia/Seoul&allowPublicKeyRetrieval=true&useSSL=false]
	Database driver: MySQL Connector/J
	Database dialect: MySQLDialect
	Database version: 8.0.46
	Default catalog/schema: aloha/undefined
	Autocommit mode: undefined/unknown
	Isolation level: REPEATABLE_READ [default REPEATABLE_READ]
	JDBC fetch size: none
	Pool: DataSourceConnectionProvider
	Minimum pool size: undefined/unknown
	Maximum pool size: undefined/unknown
2026-09-14T16:17:57.619+09:00  INFO 472 --- [mvc] [restartedMain] org.hibernate.orm.core                   : HHH000489: No JTA platform available (set 'hibernate.transaction.jta.platform' to enable JTA platform integration)
2026-09-14T16:17:57.629+09:00  INFO 472 --- [mvc] [restartedMain] j.LocalContainerEntityManagerFactoryBean : Initialized JPA EntityManagerFactory for persistence unit 'default'
2026-09-14T16:17:57.687+09:00  WARN 472 --- [mvc] [restartedMain] JpaBaseConfiguration$JpaWebConfiguration : spring.jpa.open-in-view is enabled by default. Therefore, database queries may be performed during view rendering. Explicitly configure spring.jpa.open-in-view to disable this warning
2026-09-14T16:17:57.743+09:00  WARN 472 --- [mvc] [restartedMain] .s.a.UserDetailsServiceAutoConfiguration : 

Using generated security password: a0979eaf-ba76-48c6-a5eb-7bd34e0e33b1

This generated password is for development use only. Your security configuration must be updated before running your application in production.

2026-09-14T16:17:57.749+09:00  INFO 472 --- [mvc] [restartedMain] r$InitializeUserDetailsManagerConfigurer : Global AuthenticationManager configured with UserDetailsService bean with name inMemoryUserDetailsManager
2026-09-14T16:17:57.833+09:00  INFO 472 --- [mvc] [restartedMain] o.s.b.w.a.WelcomePageHandlerMapping      : Adding welcome page template: index
2026-09-14T16:17:57.979+09:00  INFO 472 --- [mvc] [restartedMain] o.s.boot.tomcat.TomcatWebServer          : Tomcat started on port 8080 (http) with context path '/'
2026-09-14T16:17:57.986+09:00  INFO 472 --- [mvc] [restartedMain] com.aloha.mvc.MvcApplication             : Started MvcApplication in 0.856 seconds (process running for 1288.025)
2026-09-14T16:17:57.988+09:00  INFO 472 --- [mvc] [restartedMain] .ConditionEvaluationDeltaLoggingListener : Condition evaluation unchanged
2026-09-14T16:19:58.339+09:00  INFO 472 --- [mvc] [File Watcher] rtingClassPathChangeChangedEventListener : Restarting due to 1 class path change (0 additions, 0 deletions, 1 modification)
2026-09-14T16:19:58.341+09:00  INFO 472 --- [mvc] [Thread-202] o.s.boot.tomcat.GracefulShutdown         : Commencing graceful shutdown. Waiting for active requests to complete
2026-09-14T16:19:58.476+09:00  INFO 472 --- [mvc] [tomcat-shutdown] o.s.boot.tomcat.GracefulShutdown         : Graceful shutdown complete
2026-09-14T16:19:58.477+09:00  INFO 472 --- [mvc] [Thread-202] j.LocalContainerEntityManagerFactoryBean : Closing JPA EntityManagerFactory for persistence unit 'default'
2026-09-14T16:19:58.478+09:00  INFO 472 --- [mvc] [Thread-202] com.zaxxer.hikari.HikariDataSource       : HikariPool-53 - Shutdown initiated...
2026-09-14T16:19:58.479+09:00  INFO 472 --- [mvc] [Thread-202] com.zaxxer.hikari.HikariDataSource       : HikariPool-53 - Shutdown completed.
2026-09-14T16:19:58.695+09:00  INFO 472 --- [mvc] [restartedMain] com.aloha.mvc.MvcApplication             : Starting MvcApplication using Java 17.0.12 with PID 472 (C:\ALOHA\GITHUB\AIOT7_SPRINGBOOT\mvc\bin\main started by Admin in C:\ALOHA\GITHUB\AIOT7_SPRINGBOOT)
2026-09-14T16:19:58.696+09:00  INFO 472 --- [mvc] [restartedMain] com.aloha.mvc.MvcApplication             : No active profile set, falling back to 1 default profile: "default"
2026-09-14T16:19:58.851+09:00  INFO 472 --- [mvc] [restartedMain] .s.d.r.c.RepositoryConfigurationDelegate : Bootstrapping Spring Data JPA repositories in DEFAULT mode.
2026-09-14T16:19:58.863+09:00  INFO 472 --- [mvc] [restartedMain] .s.d.r.c.RepositoryConfigurationDelegate : Finished Spring Data repository scanning in 11 ms. Found 2 JPA repository interfaces.
2026-09-14T16:19:58.950+09:00  INFO 472 --- [mvc] [restartedMain] o.s.boot.tomcat.TomcatWebServer          : Tomcat initialized with port 8080 (http)
2026-09-14T16:19:58.950+09:00  INFO 472 --- [mvc] [restartedMain] o.apache.catalina.core.StandardService   : Starting service [Tomcat]
2026-09-14T16:19:58.951+09:00  INFO 472 --- [mvc] [restartedMain] o.apache.catalina.core.StandardEngine    : Starting Servlet engine: [Apache Tomcat/11.0.24]
2026-09-14T16:19:58.969+09:00  INFO 472 --- [mvc] [restartedMain] b.w.c.s.WebApplicationContextInitializer : Root WebApplicationContext: initialization completed in 272 ms
2026-09-14T16:19:58.997+09:00  INFO 472 --- [mvc] [restartedMain] org.hibernate.orm.jpa                    : HHH008540: Processing PersistenceUnitInfo [name: default]
2026-09-14T16:19:59.044+09:00  INFO 472 --- [mvc] [restartedMain] o.s.o.j.p.SpringPersistenceUnitInfo      : No LoadTimeWeaver setup: ignoring JPA class transformer
2026-09-14T16:19:59.046+09:00  INFO 472 --- [mvc] [restartedMain] com.zaxxer.hikari.HikariDataSource       : HikariPool-54 - Starting...
2026-09-14T16:19:59.049+09:00  INFO 472 --- [mvc] [restartedMain] com.zaxxer.hikari.pool.HikariPool        : HikariPool-54 - Added connection com.mysql.cj.jdbc.ConnectionImpl@3d10c7ba
2026-09-14T16:19:59.049+09:00  INFO 472 --- [mvc] [restartedMain] com.zaxxer.hikari.HikariDataSource       : HikariPool-54 - Start completed.
2026-09-14T16:19:59.050+09:00  INFO 472 --- [mvc] [restartedMain] org.hibernate.orm.connections.pooling    : HHH10001005: Database info:
	Database JDBC URL [jdbc:mysql://localhost:3306/aloha?serverTimezone=Asia/Seoul&allowPublicKeyRetrieval=true&useSSL=false]
	Database driver: MySQL Connector/J
	Database dialect: MySQLDialect
	Database version: 8.0.46
	Default catalog/schema: aloha/undefined
	Autocommit mode: undefined/unknown
	Isolation level: REPEATABLE_READ [default REPEATABLE_READ]
	JDBC fetch size: none
	Pool: DataSourceConnectionProvider
	Minimum pool size: undefined/unknown
	Maximum pool size: undefined/unknown
2026-09-14T16:19:59.105+09:00  INFO 472 --- [mvc] [restartedMain] org.hibernate.orm.core                   : HHH000489: No JTA platform available (set 'hibernate.transaction.jta.platform' to enable JTA platform integration)
2026-09-14T16:19:59.113+09:00  INFO 472 --- [mvc] [restartedMain] j.LocalContainerEntityManagerFactoryBean : Initialized JPA EntityManagerFactory for persistence unit 'default'
2026-09-14T16:19:59.158+09:00  WARN 472 --- [mvc] [restartedMain] JpaBaseConfiguration$JpaWebConfiguration : spring.jpa.open-in-view is enabled by default. Therefore, database queries may be performed during view rendering. Explicitly configure spring.jpa.open-in-view to disable this warning
2026-09-14T16:19:59.173+09:00  WARN 472 --- [mvc] [restartedMain] .s.a.UserDetailsServiceAutoConfiguration : 

Using generated security password: 3bf56067-ff46-4df1-9ed9-ec89cc3bfcb8

This generated password is for development use only. Your security configuration must be updated before running your application in production.

2026-09-14T16:19:59.174+09:00  INFO 472 --- [mvc] [restartedMain] r$InitializeUserDetailsManagerConfigurer : Global AuthenticationManager configured with UserDetailsService bean with name inMemoryUserDetailsManager
2026-09-14T16:19:59.212+09:00  INFO 472 --- [mvc] [restartedMain] o.s.b.w.a.WelcomePageHandlerMapping      : Adding welcome page template: index
2026-09-14T16:19:59.248+09:00  INFO 472 --- [mvc] [restartedMain] o.s.boot.tomcat.TomcatWebServer          : Tomcat started on port 8080 (http) with context path '/'
2026-09-14T16:19:59.249+09:00  INFO 472 --- [mvc] [restartedMain] com.aloha.mvc.MvcApplication             : Started MvcApplication in 0.6 seconds (process running for 1409.287)
2026-09-14T16:19:59.249+09:00  INFO 472 --- [mvc] [restartedMain] .ConditionEvaluationDeltaLoggingListener : Condition evaluation unchanged
2026-09-14T16:20:06.909+09:00  INFO 472 --- [mvc] [File Watcher] rtingClassPathChangeChangedEventListener : Restarting due to 1 class path change (0 additions, 0 deletions, 1 modification)
2026-09-14T16:20:06.912+09:00  INFO 472 --- [mvc] [Thread-206] o.s.boot.tomcat.GracefulShutdown         : Commencing graceful shutdown. Waiting for active requests to complete
2026-09-14T16:20:07.086+09:00  INFO 472 --- [mvc] [tomcat-shutdown] o.s.boot.tomcat.GracefulShutdown         : Graceful shutdown complete
2026-09-14T16:20:07.088+09:00  INFO 472 --- [mvc] [Thread-206] j.LocalContainerEntityManagerFactoryBean : Closing JPA EntityManagerFactory for persistence unit 'default'
2026-09-14T16:20:07.089+09:00  INFO 472 --- [mvc] [Thread-206] com.zaxxer.hikari.HikariDataSource       : HikariPool-54 - Shutdown initiated...
2026-09-14T16:20:07.092+09:00  INFO 472 --- [mvc] [Thread-206] com.zaxxer.hikari.HikariDataSource       : HikariPool-54 - Shutdown completed.
2026-09-14T16:20:07.232+09:00  INFO 472 --- [mvc] [restartedMain] com.aloha.mvc.MvcApplication             : Starting MvcApplication using Java 17.0.12 with PID 472 (C:\ALOHA\GITHUB\AIOT7_SPRINGBOOT\mvc\bin\main started by Admin in C:\ALOHA\GITHUB\AIOT7_SPRINGBOOT)
2026-09-14T16:20:07.232+09:00  INFO 472 --- [mvc] [restartedMain] com.aloha.mvc.MvcApplication             : No active profile set, falling back to 1 default profile: "default"
2026-09-14T16:20:07.437+09:00  INFO 472 --- [mvc] [restartedMain] .s.d.r.c.RepositoryConfigurationDelegate : Bootstrapping Spring Data JPA repositories in DEFAULT mode.
2026-09-14T16:20:07.448+09:00  INFO 472 --- [mvc] [restartedMain] .s.d.r.c.RepositoryConfigurationDelegate : Finished Spring Data repository scanning in 9 ms. Found 2 JPA repository interfaces.
2026-09-14T16:20:07.514+09:00  INFO 472 --- [mvc] [restartedMain] o.s.boot.tomcat.TomcatWebServer          : Tomcat initialized with port 8080 (http)
2026-09-14T16:20:07.515+09:00  INFO 472 --- [mvc] [restartedMain] o.apache.catalina.core.StandardService   : Starting service [Tomcat]
2026-09-14T16:20:07.515+09:00  INFO 472 --- [mvc] [restartedMain] o.apache.catalina.core.StandardEngine    : Starting Servlet engine: [Apache Tomcat/11.0.24]
2026-09-14T16:20:07.540+09:00  INFO 472 --- [mvc] [restartedMain] b.w.c.s.WebApplicationContextInitializer : Root WebApplicationContext: initialization completed in 307 ms
2026-09-14T16:20:07.568+09:00  INFO 472 --- [mvc] [restartedMain] org.hibernate.orm.jpa                    : HHH008540: Processing PersistenceUnitInfo [name: default]
2026-09-14T16:20:07.632+09:00  INFO 472 --- [mvc] [restartedMain] o.s.o.j.p.SpringPersistenceUnitInfo      : No LoadTimeWeaver setup: ignoring JPA class transformer
2026-09-14T16:20:07.633+09:00  INFO 472 --- [mvc] [restartedMain] com.zaxxer.hikari.HikariDataSource       : HikariPool-55 - Starting...
2026-09-14T16:20:07.636+09:00  INFO 472 --- [mvc] [restartedMain] com.zaxxer.hikari.pool.HikariPool        : HikariPool-55 - Added connection com.mysql.cj.jdbc.ConnectionImpl@7a70b2b8
2026-09-14T16:20:07.636+09:00  INFO 472 --- [mvc] [restartedMain] com.zaxxer.hikari.HikariDataSource       : HikariPool-55 - Start completed.
2026-09-14T16:20:07.637+09:00  INFO 472 --- [mvc] [restartedMain] org.hibernate.orm.connections.pooling    : HHH10001005: Database info:
	Database JDBC URL [jdbc:mysql://localhost:3306/aloha?serverTimezone=Asia/Seoul&allowPublicKeyRetrieval=true&useSSL=false]
	Database driver: MySQL Connector/J
	Database dialect: MySQLDialect
	Database version: 8.0.46
	Default catalog/schema: aloha/undefined
	Autocommit mode: undefined/unknown
	Isolation level: REPEATABLE_READ [default REPEATABLE_READ]
	JDBC fetch size: none
	Pool: DataSourceConnectionProvider
	Minimum pool size: undefined/unknown
	Maximum pool size: undefined/unknown
2026-09-14T16:20:07.693+09:00  INFO 472 --- [mvc] [restartedMain] org.hibernate.orm.core                   : HHH000489: No JTA platform available (set 'hibernate.transaction.jta.platform' to enable JTA platform integration)
2026-09-14T16:20:07.701+09:00  INFO 472 --- [mvc] [restartedMain] j.LocalContainerEntityManagerFactoryBean : Initialized JPA EntityManagerFactory for persistence unit 'default'
2026-09-14T16:20:07.751+09:00  WARN 472 --- [mvc] [restartedMain] JpaBaseConfiguration$JpaWebConfiguration : spring.jpa.open-in-view is enabled by default. Therefore, database queries may be performed during view rendering. Explicitly configure spring.jpa.open-in-view to disable this warning
2026-09-14T16:20:07.780+09:00  WARN 472 --- [mvc] [restartedMain] .s.a.UserDetailsServiceAutoConfiguration : 

Using generated security password: f5147cad-69fe-4caa-a2e8-0930ddabe953

This generated password is for development use only. Your security configuration must be updated before running your application in production.

2026-09-14T16:20:07.781+09:00  INFO 472 --- [mvc] [restartedMain] r$InitializeUserDetailsManagerConfigurer : Global AuthenticationManager configured with UserDetailsService bean with name inMemoryUserDetailsManager
2026-09-14T16:20:07.833+09:00  INFO 472 --- [mvc] [restartedMain] o.s.b.w.a.WelcomePageHandlerMapping      : Adding welcome page template: index
2026-09-14T16:20:07.907+09:00  INFO 472 --- [mvc] [restartedMain] o.s.boot.tomcat.TomcatWebServer          : Tomcat started on port 8080 (http) with context path '/'
2026-09-14T16:20:07.915+09:00  INFO 472 --- [mvc] [restartedMain] com.aloha.mvc.MvcApplication             : Started MvcApplication in 0.704 seconds (process running for 1417.953)
2026-09-14T16:20:07.917+09:00  INFO 472 --- [mvc] [restartedMain] .ConditionEvaluationDeltaLoggingListener : Condition evaluation unchanged
2026-09-14T16:20:20.606+09:00  INFO 472 --- [mvc] [File Watcher] rtingClassPathChangeChangedEventListener : Restarting due to 1 class path change (0 additions, 0 deletions, 1 modification)
2026-09-14T16:20:20.608+09:00  INFO 472 --- [mvc] [Thread-210] o.s.boot.tomcat.GracefulShutdown         : Commencing graceful shutdown. Waiting for active requests to complete
2026-09-14T16:20:20.778+09:00  INFO 472 --- [mvc] [tomcat-shutdown] o.s.boot.tomcat.GracefulShutdown         : Graceful shutdown complete
2026-09-14T16:20:20.798+09:00  INFO 472 --- [mvc] [Thread-210] j.LocalContainerEntityManagerFactoryBean : Closing JPA EntityManagerFactory for persistence unit 'default'
2026-09-14T16:20:20.800+09:00  INFO 472 --- [mvc] [Thread-210] com.zaxxer.hikari.HikariDataSource       : HikariPool-55 - Shutdown initiated...
2026-09-14T16:20:20.809+09:00  INFO 472 --- [mvc] [Thread-210] com.zaxxer.hikari.HikariDataSource       : HikariPool-55 - Shutdown completed.
2026-09-14T16:20:20.949+09:00  INFO 472 --- [mvc] [restartedMain] com.aloha.mvc.MvcApplication             : Starting MvcApplication using Java 17.0.12 with PID 472 (C:\ALOHA\GITHUB\AIOT7_SPRINGBOOT\mvc\bin\main started by Admin in C:\ALOHA\GITHUB\AIOT7_SPRINGBOOT)
2026-09-14T16:20:20.949+09:00  INFO 472 --- [mvc] [restartedMain] com.aloha.mvc.MvcApplication             : No active profile set, falling back to 1 default profile: "default"
2026-09-14T16:20:21.271+09:00  INFO 472 --- [mvc] [restartedMain] .s.d.r.c.RepositoryConfigurationDelegate : Bootstrapping Spring Data JPA repositories in DEFAULT mode.
2026-09-14T16:20:21.281+09:00  INFO 472 --- [mvc] [restartedMain] .s.d.r.c.RepositoryConfigurationDelegate : Finished Spring Data repository scanning in 8 ms. Found 2 JPA repository interfaces.
2026-09-14T16:20:21.484+09:00  INFO 472 --- [mvc] [restartedMain] o.s.boot.tomcat.TomcatWebServer          : Tomcat initialized with port 8080 (http)
2026-09-14T16:20:21.485+09:00  INFO 472 --- [mvc] [restartedMain] o.apache.catalina.core.StandardService   : Starting service [Tomcat]
2026-09-14T16:20:21.485+09:00  INFO 472 --- [mvc] [restartedMain] o.apache.catalina.core.StandardEngine    : Starting Servlet engine: [Apache Tomcat/11.0.24]
2026-09-14T16:20:21.505+09:00  INFO 472 --- [mvc] [restartedMain] b.w.c.s.WebApplicationContextInitializer : Root WebApplicationContext: initialization completed in 554 ms
2026-09-14T16:20:21.562+09:00  INFO 472 --- [mvc] [restartedMain] org.hibernate.orm.jpa                    : HHH008540: Processing PersistenceUnitInfo [name: default]
2026-09-14T16:20:21.613+09:00  INFO 472 --- [mvc] [restartedMain] o.s.o.j.p.SpringPersistenceUnitInfo      : No LoadTimeWeaver setup: ignoring JPA class transformer
2026-09-14T16:20:21.616+09:00  INFO 472 --- [mvc] [restartedMain] com.zaxxer.hikari.HikariDataSource       : HikariPool-56 - Starting...
2026-09-14T16:20:21.621+09:00  INFO 472 --- [mvc] [restartedMain] com.zaxxer.hikari.pool.HikariPool        : HikariPool-56 - Added connection com.mysql.cj.jdbc.ConnectionImpl@38b3e4c3
2026-09-14T16:20:21.630+09:00  INFO 472 --- [mvc] [restartedMain] com.zaxxer.hikari.HikariDataSource       : HikariPool-56 - Start completed.
2026-09-14T16:20:21.632+09:00  INFO 472 --- [mvc] [restartedMain] org.hibernate.orm.connections.pooling    : HHH10001005: Database info:
	Database JDBC URL [jdbc:mysql://localhost:3306/aloha?serverTimezone=Asia/Seoul&allowPublicKeyRetrieval=true&useSSL=false]
	Database driver: MySQL Connector/J
	Database dialect: MySQLDialect
	Database version: 8.0.46
	Default catalog/schema: aloha/undefined
	Autocommit mode: undefined/unknown
	Isolation level: REPEATABLE_READ [default REPEATABLE_READ]
	JDBC fetch size: none
	Pool: DataSourceConnectionProvider
	Minimum pool size: undefined/unknown
	Maximum pool size: undefined/unknown
2026-09-14T16:20:21.694+09:00  INFO 472 --- [mvc] [restartedMain] org.hibernate.orm.core                   : HHH000489: No JTA platform available (set 'hibernate.transaction.jta.platform' to enable JTA platform integration)
2026-09-14T16:20:21.704+09:00  INFO 472 --- [mvc] [restartedMain] j.LocalContainerEntityManagerFactoryBean : Initialized JPA EntityManagerFactory for persistence unit 'default'
2026-09-14T16:20:21.806+09:00  WARN 472 --- [mvc] [restartedMain] JpaBaseConfiguration$JpaWebConfiguration : spring.jpa.open-in-view is enabled by default. Therefore, database queries may be performed during view rendering. Explicitly configure spring.jpa.open-in-view to disable this warning
2026-09-14T16:20:21.829+09:00  WARN 472 --- [mvc] [restartedMain] .s.a.UserDetailsServiceAutoConfiguration : 

Using generated security password: 7f30231e-0cfc-41ff-9723-bc7e515f2e96

This generated password is for development use only. Your security configuration must be updated before running your application in production.

2026-09-14T16:20:21.840+09:00  INFO 472 --- [mvc] [restartedMain] r$InitializeUserDetailsManagerConfigurer : Global AuthenticationManager configured with UserDetailsService bean with name inMemoryUserDetailsManager
2026-09-14T16:20:21.917+09:00  INFO 472 --- [mvc] [restartedMain] o.s.b.w.a.WelcomePageHandlerMapping      : Adding welcome page template: index
2026-09-14T16:20:21.961+09:00  INFO 472 --- [mvc] [restartedMain] o.s.boot.tomcat.TomcatWebServer          : Tomcat started on port 8080 (http) with context path '/'
2026-09-14T16:20:21.963+09:00  INFO 472 --- [mvc] [restartedMain] com.aloha.mvc.MvcApplication             : Started MvcApplication in 1.038 seconds (process running for 1432.001)
2026-09-14T16:20:21.964+09:00  INFO 472 --- [mvc] [restartedMain] .ConditionEvaluationDeltaLoggingListener : Condition evaluation unchanged
2026-09-14T16:20:24.414+09:00  INFO 472 --- [mvc] [File Watcher] rtingClassPathChangeChangedEventListener : Restarting due to 1 class path change (0 additions, 0 deletions, 1 modification)
2026-09-14T16:20:24.415+09:00  INFO 472 --- [mvc] [Thread-214] o.s.boot.tomcat.GracefulShutdown         : Commencing graceful shutdown. Waiting for active requests to complete
2026-09-14T16:20:24.499+09:00  INFO 472 --- [mvc] [tomcat-shutdown] o.s.boot.tomcat.GracefulShutdown         : Graceful shutdown complete
2026-09-14T16:20:24.500+09:00  INFO 472 --- [mvc] [Thread-214] j.LocalContainerEntityManagerFactoryBean : Closing JPA EntityManagerFactory for persistence unit 'default'
2026-09-14T16:20:24.500+09:00  INFO 472 --- [mvc] [Thread-214] com.zaxxer.hikari.HikariDataSource       : HikariPool-56 - Shutdown initiated...
2026-09-14T16:20:24.503+09:00  INFO 472 --- [mvc] [Thread-214] com.zaxxer.hikari.HikariDataSource       : HikariPool-56 - Shutdown completed.
2026-09-14T16:20:24.641+09:00  INFO 472 --- [mvc] [restartedMain] com.aloha.mvc.MvcApplication             : Starting MvcApplication using Java 17.0.12 with PID 472 (C:\ALOHA\GITHUB\AIOT7_SPRINGBOOT\mvc\bin\main started by Admin in C:\ALOHA\GITHUB\AIOT7_SPRINGBOOT)
2026-09-14T16:20:24.642+09:00  INFO 472 --- [mvc] [restartedMain] com.aloha.mvc.MvcApplication             : No active profile set, falling back to 1 default profile: "default"
2026-09-14T16:20:24.886+09:00  INFO 472 --- [mvc] [restartedMain] .s.d.r.c.RepositoryConfigurationDelegate : Bootstrapping Spring Data JPA repositories in DEFAULT mode.
2026-09-14T16:20:24.911+09:00  INFO 472 --- [mvc] [restartedMain] .s.d.r.c.RepositoryConfigurationDelegate : Finished Spring Data repository scanning in 22 ms. Found 2 JPA repository interfaces.
2026-09-14T16:20:25.077+09:00  INFO 472 --- [mvc] [restartedMain] o.s.boot.tomcat.TomcatWebServer          : Tomcat initialized with port 8080 (http)
2026-09-14T16:20:25.078+09:00  INFO 472 --- [mvc] [restartedMain] o.apache.catalina.core.StandardService   : Starting service [Tomcat]
2026-09-14T16:20:25.078+09:00  INFO 472 --- [mvc] [restartedMain] o.apache.catalina.core.StandardEngine    : Starting Servlet engine: [Apache Tomcat/11.0.24]
2026-09-14T16:20:25.097+09:00  INFO 472 --- [mvc] [restartedMain] b.w.c.s.WebApplicationContextInitializer : Root WebApplicationContext: initialization completed in 454 ms
2026-09-14T16:20:25.130+09:00  INFO 472 --- [mvc] [restartedMain] org.hibernate.orm.jpa                    : HHH008540: Processing PersistenceUnitInfo [name: default]
2026-09-14T16:20:25.172+09:00  INFO 472 --- [mvc] [restartedMain] o.s.o.j.p.SpringPersistenceUnitInfo      : No LoadTimeWeaver setup: ignoring JPA class transformer
2026-09-14T16:20:25.175+09:00  INFO 472 --- [mvc] [restartedMain] com.zaxxer.hikari.HikariDataSource       : HikariPool-57 - Starting...
2026-09-14T16:20:25.177+09:00  INFO 472 --- [mvc] [restartedMain] com.zaxxer.hikari.pool.HikariPool        : HikariPool-57 - Added connection com.mysql.cj.jdbc.ConnectionImpl@26d27afb
2026-09-14T16:20:25.177+09:00  INFO 472 --- [mvc] [restartedMain] com.zaxxer.hikari.HikariDataSource       : HikariPool-57 - Start completed.
2026-09-14T16:20:25.178+09:00  INFO 472 --- [mvc] [restartedMain] org.hibernate.orm.connections.pooling    : HHH10001005: Database info:
	Database JDBC URL [jdbc:mysql://localhost:3306/aloha?serverTimezone=Asia/Seoul&allowPublicKeyRetrieval=true&useSSL=false]
	Database driver: MySQL Connector/J
	Database dialect: MySQLDialect
	Database version: 8.0.46
	Default catalog/schema: aloha/undefined
	Autocommit mode: undefined/unknown
	Isolation level: REPEATABLE_READ [default REPEATABLE_READ]
	JDBC fetch size: none
	Pool: DataSourceConnectionProvider
	Minimum pool size: undefined/unknown
	Maximum pool size: undefined/unknown
2026-09-14T16:20:25.223+09:00  INFO 472 --- [mvc] [restartedMain] org.hibernate.orm.core                   : HHH000489: No JTA platform available (set 'hibernate.transaction.jta.platform' to enable JTA platform integration)
2026-09-14T16:20:25.230+09:00  INFO 472 --- [mvc] [restartedMain] j.LocalContainerEntityManagerFactoryBean : Initialized JPA EntityManagerFactory for persistence unit 'default'
2026-09-14T16:20:25.272+09:00  WARN 472 --- [mvc] [restartedMain] JpaBaseConfiguration$JpaWebConfiguration : spring.jpa.open-in-view is enabled by default. Therefore, database queries may be performed during view rendering. Explicitly configure spring.jpa.open-in-view to disable this warning
2026-09-14T16:20:25.287+09:00  WARN 472 --- [mvc] [restartedMain] .s.a.UserDetailsServiceAutoConfiguration : 

Using generated security password: 36568115-77b4-439b-82c6-0b281421ab6a

This generated password is for development use only. Your security configuration must be updated before running your application in production.

2026-09-14T16:20:25.288+09:00  INFO 472 --- [mvc] [restartedMain] r$InitializeUserDetailsManagerConfigurer : Global AuthenticationManager configured with UserDetailsService bean with name inMemoryUserDetailsManager
2026-09-14T16:20:25.324+09:00  INFO 472 --- [mvc] [restartedMain] o.s.b.w.a.WelcomePageHandlerMapping      : Adding welcome page template: index
2026-09-14T16:20:25.361+09:00  INFO 472 --- [mvc] [restartedMain] o.s.boot.tomcat.TomcatWebServer          : Tomcat started on port 8080 (http) with context path '/'
2026-09-14T16:20:25.363+09:00  INFO 472 --- [mvc] [restartedMain] com.aloha.mvc.MvcApplication             : Started MvcApplication in 0.745 seconds (process running for 1435.401)
2026-09-14T16:20:25.364+09:00  INFO 472 --- [mvc] [restartedMain] .ConditionEvaluationDeltaLoggingListener : Condition evaluation unchanged
2026-09-14T16:20:27.801+09:00  INFO 472 --- [mvc] [File Watcher] rtingClassPathChangeChangedEventListener : Restarting due to 1 class path change (0 additions, 0 deletions, 1 modification)
2026-09-14T16:20:27.803+09:00  INFO 472 --- [mvc] [Thread-218] o.s.boot.tomcat.GracefulShutdown         : Commencing graceful shutdown. Waiting for active requests to complete
2026-09-14T16:20:27.884+09:00  INFO 472 --- [mvc] [tomcat-shutdown] o.s.boot.tomcat.GracefulShutdown         : Graceful shutdown complete
2026-09-14T16:20:27.886+09:00  INFO 472 --- [mvc] [Thread-218] j.LocalContainerEntityManagerFactoryBean : Closing JPA EntityManagerFactory for persistence unit 'default'
2026-09-14T16:20:27.887+09:00  INFO 472 --- [mvc] [Thread-218] com.zaxxer.hikari.HikariDataSource       : HikariPool-57 - Shutdown initiated...
2026-09-14T16:20:27.889+09:00  INFO 472 --- [mvc] [Thread-218] com.zaxxer.hikari.HikariDataSource       : HikariPool-57 - Shutdown completed.
2026-09-14T16:20:27.973+09:00  INFO 472 --- [mvc] [restartedMain] com.aloha.mvc.MvcApplication             : Starting MvcApplication using Java 17.0.12 with PID 472 (C:\ALOHA\GITHUB\AIOT7_SPRINGBOOT\mvc\bin\main started by Admin in C:\ALOHA\GITHUB\AIOT7_SPRINGBOOT)
2026-09-14T16:20:27.973+09:00  INFO 472 --- [mvc] [restartedMain] com.aloha.mvc.MvcApplication             : No active profile set, falling back to 1 default profile: "default"
2026-09-14T16:20:28.138+09:00  INFO 472 --- [mvc] [restartedMain] .s.d.r.c.RepositoryConfigurationDelegate : Bootstrapping Spring Data JPA repositories in DEFAULT mode.
2026-09-14T16:20:28.148+09:00  INFO 472 --- [mvc] [restartedMain] .s.d.r.c.RepositoryConfigurationDelegate : Finished Spring Data repository scanning in 8 ms. Found 2 JPA repository interfaces.
2026-09-14T16:20:28.257+09:00  INFO 472 --- [mvc] [restartedMain] o.s.boot.tomcat.TomcatWebServer          : Tomcat initialized with port 8080 (http)
2026-09-14T16:20:28.258+09:00  INFO 472 --- [mvc] [restartedMain] o.apache.catalina.core.StandardService   : Starting service [Tomcat]
2026-09-14T16:20:28.258+09:00  INFO 472 --- [mvc] [restartedMain] o.apache.catalina.core.StandardEngine    : Starting Servlet engine: [Apache Tomcat/11.0.24]
2026-09-14T16:20:28.280+09:00  INFO 472 --- [mvc] [restartedMain] b.w.c.s.WebApplicationContextInitializer : Root WebApplicationContext: initialization completed in 306 ms
2026-09-14T16:20:28.326+09:00  INFO 472 --- [mvc] [restartedMain] org.hibernate.orm.jpa                    : HHH008540: Processing PersistenceUnitInfo [name: default]
2026-09-14T16:20:28.428+09:00  INFO 472 --- [mvc] [restartedMain] o.s.o.j.p.SpringPersistenceUnitInfo      : No LoadTimeWeaver setup: ignoring JPA class transformer
2026-09-14T16:20:28.429+09:00  INFO 472 --- [mvc] [restartedMain] com.zaxxer.hikari.HikariDataSource       : HikariPool-58 - Starting...
2026-09-14T16:20:28.431+09:00  INFO 472 --- [mvc] [restartedMain] com.zaxxer.hikari.pool.HikariPool        : HikariPool-58 - Added connection com.mysql.cj.jdbc.ConnectionImpl@2900ba22
2026-09-14T16:20:28.432+09:00  INFO 472 --- [mvc] [restartedMain] com.zaxxer.hikari.HikariDataSource       : HikariPool-58 - Start completed.
2026-09-14T16:20:28.432+09:00  INFO 472 --- [mvc] [restartedMain] org.hibernate.orm.connections.pooling    : HHH10001005: Database info:
	Database JDBC URL [jdbc:mysql://localhost:3306/aloha?serverTimezone=Asia/Seoul&allowPublicKeyRetrieval=true&useSSL=false]
	Database driver: MySQL Connector/J
	Database dialect: MySQLDialect
	Database version: 8.0.46
	Default catalog/schema: aloha/undefined
	Autocommit mode: undefined/unknown
	Isolation level: REPEATABLE_READ [default REPEATABLE_READ]
	JDBC fetch size: none
	Pool: DataSourceConnectionProvider
	Minimum pool size: undefined/unknown
	Maximum pool size: undefined/unknown
2026-09-14T16:20:28.484+09:00  INFO 472 --- [mvc] [restartedMain] org.hibernate.orm.core                   : HHH000489: No JTA platform available (set 'hibernate.transaction.jta.platform' to enable JTA platform integration)
2026-09-14T16:20:28.492+09:00  INFO 472 --- [mvc] [restartedMain] j.LocalContainerEntityManagerFactoryBean : Initialized JPA EntityManagerFactory for persistence unit 'default'
2026-09-14T16:20:28.538+09:00  WARN 472 --- [mvc] [restartedMain] JpaBaseConfiguration$JpaWebConfiguration : spring.jpa.open-in-view is enabled by default. Therefore, database queries may be performed during view rendering. Explicitly configure spring.jpa.open-in-view to disable this warning
2026-09-14T16:20:28.556+09:00  WARN 472 --- [mvc] [restartedMain] .s.a.UserDetailsServiceAutoConfiguration : 

Using generated security password: 3a33d6ed-4ba8-4da5-b937-0bfbd19f1ea2

This generated password is for development use only. Your security configuration must be updated before running your application in production.

2026-09-14T16:20:28.559+09:00  INFO 472 --- [mvc] [restartedMain] r$InitializeUserDetailsManagerConfigurer : Global AuthenticationManager configured with UserDetailsService bean with name inMemoryUserDetailsManager
2026-09-14T16:20:28.593+09:00  INFO 472 --- [mvc] [restartedMain] o.s.b.w.a.WelcomePageHandlerMapping      : Adding welcome page template: index
2026-09-14T16:20:28.652+09:00  INFO 472 --- [mvc] [restartedMain] o.s.boot.tomcat.TomcatWebServer          : Tomcat started on port 8080 (http) with context path '/'
2026-09-14T16:20:28.696+09:00  INFO 472 --- [mvc] [restartedMain] com.aloha.mvc.MvcApplication             : Started MvcApplication in 0.743 seconds (process running for 1438.735)
2026-09-14T16:20:28.709+09:00  INFO 472 --- [mvc] [restartedMain] .ConditionEvaluationDeltaLoggingListener : Condition evaluation unchanged
2026-09-14T16:20:37.311+09:00  INFO 472 --- [mvc] [File Watcher] rtingClassPathChangeChangedEventListener : Restarting due to 1 class path change (0 additions, 0 deletions, 1 modification)
2026-09-14T16:20:37.312+09:00  INFO 472 --- [mvc] [Thread-222] o.s.boot.tomcat.GracefulShutdown         : Commencing graceful shutdown. Waiting for active requests to complete
2026-09-14T16:20:37.392+09:00  INFO 472 --- [mvc] [tomcat-shutdown] o.s.boot.tomcat.GracefulShutdown         : Graceful shutdown complete
2026-09-14T16:20:37.393+09:00  INFO 472 --- [mvc] [Thread-222] j.LocalContainerEntityManagerFactoryBean : Closing JPA EntityManagerFactory for persistence unit 'default'
2026-09-14T16:20:37.394+09:00  INFO 472 --- [mvc] [Thread-222] com.zaxxer.hikari.HikariDataSource       : HikariPool-58 - Shutdown initiated...
2026-09-14T16:20:37.395+09:00  INFO 472 --- [mvc] [Thread-222] com.zaxxer.hikari.HikariDataSource       : HikariPool-58 - Shutdown completed.
2026-09-14T16:20:37.487+09:00  INFO 472 --- [mvc] [restartedMain] com.aloha.mvc.MvcApplication             : Starting MvcApplication using Java 17.0.12 with PID 472 (C:\ALOHA\GITHUB\AIOT7_SPRINGBOOT\mvc\bin\main started by Admin in C:\ALOHA\GITHUB\AIOT7_SPRINGBOOT)
2026-09-14T16:20:37.487+09:00  INFO 472 --- [mvc] [restartedMain] com.aloha.mvc.MvcApplication             : No active profile set, falling back to 1 default profile: "default"
2026-09-14T16:20:37.649+09:00  INFO 472 --- [mvc] [restartedMain] .s.d.r.c.RepositoryConfigurationDelegate : Bootstrapping Spring Data JPA repositories in DEFAULT mode.
2026-09-14T16:20:37.659+09:00  INFO 472 --- [mvc] [restartedMain] .s.d.r.c.RepositoryConfigurationDelegate : Finished Spring Data repository scanning in 9 ms. Found 2 JPA repository interfaces.
2026-09-14T16:20:37.724+09:00  INFO 472 --- [mvc] [restartedMain] o.s.boot.tomcat.TomcatWebServer          : Tomcat initialized with port 8080 (http)
2026-09-14T16:20:37.724+09:00  INFO 472 --- [mvc] [restartedMain] o.apache.catalina.core.StandardService   : Starting service [Tomcat]
2026-09-14T16:20:37.725+09:00  INFO 472 --- [mvc] [restartedMain] o.apache.catalina.core.StandardEngine    : Starting Servlet engine: [Apache Tomcat/11.0.24]
2026-09-14T16:20:37.742+09:00  INFO 472 --- [mvc] [restartedMain] b.w.c.s.WebApplicationContextInitializer : Root WebApplicationContext: initialization completed in 254 ms
2026-09-14T16:20:37.779+09:00  INFO 472 --- [mvc] [restartedMain] org.hibernate.orm.jpa                    : HHH008540: Processing PersistenceUnitInfo [name: default]
2026-09-14T16:20:37.820+09:00  INFO 472 --- [mvc] [restartedMain] o.s.o.j.p.SpringPersistenceUnitInfo      : No LoadTimeWeaver setup: ignoring JPA class transformer
2026-09-14T16:20:37.822+09:00  INFO 472 --- [mvc] [restartedMain] com.zaxxer.hikari.HikariDataSource       : HikariPool-59 - Starting...
2026-09-14T16:20:37.825+09:00  INFO 472 --- [mvc] [restartedMain] com.zaxxer.hikari.pool.HikariPool        : HikariPool-59 - Added connection com.mysql.cj.jdbc.ConnectionImpl@2c7b6033
2026-09-14T16:20:37.826+09:00  INFO 472 --- [mvc] [restartedMain] com.zaxxer.hikari.HikariDataSource       : HikariPool-59 - Start completed.
2026-09-14T16:20:37.826+09:00  INFO 472 --- [mvc] [restartedMain] org.hibernate.orm.connections.pooling    : HHH10001005: Database info:
	Database JDBC URL [jdbc:mysql://localhost:3306/aloha?serverTimezone=Asia/Seoul&allowPublicKeyRetrieval=true&useSSL=false]
	Database driver: MySQL Connector/J
	Database dialect: MySQLDialect
	Database version: 8.0.46
	Default catalog/schema: aloha/undefined
	Autocommit mode: undefined/unknown
	Isolation level: REPEATABLE_READ [default REPEATABLE_READ]
	JDBC fetch size: none
	Pool: DataSourceConnectionProvider
	Minimum pool size: undefined/unknown
	Maximum pool size: undefined/unknown
2026-09-14T16:20:37.876+09:00  INFO 472 --- [mvc] [restartedMain] org.hibernate.orm.core                   : HHH000489: No JTA platform available (set 'hibernate.transaction.jta.platform' to enable JTA platform integration)
2026-09-14T16:20:37.883+09:00  INFO 472 --- [mvc] [restartedMain] j.LocalContainerEntityManagerFactoryBean : Initialized JPA EntityManagerFactory for persistence unit 'default'
2026-09-14T16:20:37.932+09:00  WARN 472 --- [mvc] [restartedMain] JpaBaseConfiguration$JpaWebConfiguration : spring.jpa.open-in-view is enabled by default. Therefore, database queries may be performed during view rendering. Explicitly configure spring.jpa.open-in-view to disable this warning
2026-09-14T16:20:37.949+09:00  WARN 472 --- [mvc] [restartedMain] .s.a.UserDetailsServiceAutoConfiguration : 

Using generated security password: a86a7560-53fe-420a-a5d6-0cfbdeb6aa65

This generated password is for development use only. Your security configuration must be updated before running your application in production.

2026-09-14T16:20:37.949+09:00  INFO 472 --- [mvc] [restartedMain] r$InitializeUserDetailsManagerConfigurer : Global AuthenticationManager configured with UserDetailsService bean with name inMemoryUserDetailsManager
2026-09-14T16:20:37.983+09:00  INFO 472 --- [mvc] [restartedMain] o.s.b.w.a.WelcomePageHandlerMapping      : Adding welcome page template: index
2026-09-14T16:20:38.026+09:00  INFO 472 --- [mvc] [restartedMain] o.s.boot.tomcat.TomcatWebServer          : Tomcat started on port 8080 (http) with context path '/'
2026-09-14T16:20:38.028+09:00  INFO 472 --- [mvc] [restartedMain] com.aloha.mvc.MvcApplication             : Started MvcApplication in 0.559 seconds (process running for 1448.066)
2026-09-14T16:20:38.029+09:00  INFO 472 --- [mvc] [restartedMain] .ConditionEvaluationDeltaLoggingListener : Condition evaluation unchanged
2026-09-14T16:20:42.523+09:00  INFO 472 --- [mvc] [File Watcher] rtingClassPathChangeChangedEventListener : Restarting due to 1 class path change (0 additions, 0 deletions, 1 modification)
2026-09-14T16:20:42.533+09:00  INFO 472 --- [mvc] [Thread-226] o.s.boot.tomcat.GracefulShutdown         : Commencing graceful shutdown. Waiting for active requests to complete
2026-09-14T16:20:42.783+09:00  INFO 472 --- [mvc] [tomcat-shutdown] o.s.boot.tomcat.GracefulShutdown         : Graceful shutdown complete
2026-09-14T16:20:42.794+09:00  INFO 472 --- [mvc] [Thread-226] j.LocalContainerEntityManagerFactoryBean : Closing JPA EntityManagerFactory for persistence unit 'default'
2026-09-14T16:20:42.795+09:00  INFO 472 --- [mvc] [Thread-226] com.zaxxer.hikari.HikariDataSource       : HikariPool-59 - Shutdown initiated...
2026-09-14T16:20:42.798+09:00  INFO 472 --- [mvc] [Thread-226] com.zaxxer.hikari.HikariDataSource       : HikariPool-59 - Shutdown completed.
2026-09-14T16:20:42.949+09:00  INFO 472 --- [mvc] [restartedMain] com.aloha.mvc.MvcApplication             : Starting MvcApplication using Java 17.0.12 with PID 472 (C:\ALOHA\GITHUB\AIOT7_SPRINGBOOT\mvc\bin\main started by Admin in C:\ALOHA\GITHUB\AIOT7_SPRINGBOOT)
2026-09-14T16:20:42.950+09:00  INFO 472 --- [mvc] [restartedMain] com.aloha.mvc.MvcApplication             : No active profile set, falling back to 1 default profile: "default"
2026-09-14T16:20:43.189+09:00  INFO 472 --- [mvc] [restartedMain] .s.d.r.c.RepositoryConfigurationDelegate : Bootstrapping Spring Data JPA repositories in DEFAULT mode.
2026-09-14T16:20:43.198+09:00  INFO 472 --- [mvc] [restartedMain] .s.d.r.c.RepositoryConfigurationDelegate : Finished Spring Data repository scanning in 7 ms. Found 2 JPA repository interfaces.
2026-09-14T16:20:43.257+09:00  INFO 472 --- [mvc] [restartedMain] o.s.boot.tomcat.TomcatWebServer          : Tomcat initialized with port 8080 (http)
2026-09-14T16:20:43.258+09:00  INFO 472 --- [mvc] [restartedMain] o.apache.catalina.core.StandardService   : Starting service [Tomcat]
2026-09-14T16:20:43.258+09:00  INFO 472 --- [mvc] [restartedMain] o.apache.catalina.core.StandardEngine    : Starting Servlet engine: [Apache Tomcat/11.0.24]
2026-09-14T16:20:43.276+09:00  INFO 472 --- [mvc] [restartedMain] b.w.c.s.WebApplicationContextInitializer : Root WebApplicationContext: initialization completed in 324 ms
2026-09-14T16:20:43.305+09:00  INFO 472 --- [mvc] [restartedMain] org.hibernate.orm.jpa                    : HHH008540: Processing PersistenceUnitInfo [name: default]
2026-09-14T16:20:43.360+09:00  INFO 472 --- [mvc] [restartedMain] o.s.o.j.p.SpringPersistenceUnitInfo      : No LoadTimeWeaver setup: ignoring JPA class transformer
2026-09-14T16:20:43.361+09:00  INFO 472 --- [mvc] [restartedMain] com.zaxxer.hikari.HikariDataSource       : HikariPool-60 - Starting...
2026-09-14T16:20:43.365+09:00  INFO 472 --- [mvc] [restartedMain] com.zaxxer.hikari.pool.HikariPool        : HikariPool-60 - Added connection com.mysql.cj.jdbc.ConnectionImpl@7b7ec348
2026-09-14T16:20:43.367+09:00  INFO 472 --- [mvc] [restartedMain] com.zaxxer.hikari.HikariDataSource       : HikariPool-60 - Start completed.
2026-09-14T16:20:43.369+09:00  INFO 472 --- [mvc] [restartedMain] org.hibernate.orm.connections.pooling    : HHH10001005: Database info:
	Database JDBC URL [jdbc:mysql://localhost:3306/aloha?serverTimezone=Asia/Seoul&allowPublicKeyRetrieval=true&useSSL=false]
	Database driver: MySQL Connector/J
	Database dialect: MySQLDialect
	Database version: 8.0.46
	Default catalog/schema: aloha/undefined
	Autocommit mode: undefined/unknown
	Isolation level: REPEATABLE_READ [default REPEATABLE_READ]
	JDBC fetch size: none
	Pool: DataSourceConnectionProvider
	Minimum pool size: undefined/unknown
	Maximum pool size: undefined/unknown
2026-09-14T16:20:43.451+09:00  INFO 472 --- [mvc] [restartedMain] org.hibernate.orm.core                   : HHH000489: No JTA platform available (set 'hibernate.transaction.jta.platform' to enable JTA platform integration)
2026-09-14T16:20:43.465+09:00  INFO 472 --- [mvc] [restartedMain] j.LocalContainerEntityManagerFactoryBean : Initialized JPA EntityManagerFactory for persistence unit 'default'
2026-09-14T16:20:43.547+09:00  WARN 472 --- [mvc] [restartedMain] JpaBaseConfiguration$JpaWebConfiguration : spring.jpa.open-in-view is enabled by default. Therefore, database queries may be performed during view rendering. Explicitly configure spring.jpa.open-in-view to disable this warning
2026-09-14T16:20:43.567+09:00  WARN 472 --- [mvc] [restartedMain] .s.a.UserDetailsServiceAutoConfiguration : 

Using generated security password: afec2dc0-cd53-4213-86b6-1ada40a4a564

This generated password is for development use only. Your security configuration must be updated before running your application in production.

2026-09-14T16:20:43.569+09:00  INFO 472 --- [mvc] [restartedMain] r$InitializeUserDetailsManagerConfigurer : Global AuthenticationManager configured with UserDetailsService bean with name inMemoryUserDetailsManager
2026-09-14T16:20:43.606+09:00  INFO 472 --- [mvc] [restartedMain] o.s.b.w.a.WelcomePageHandlerMapping      : Adding welcome page template: index
2026-09-14T16:20:43.729+09:00  INFO 472 --- [mvc] [restartedMain] o.s.boot.tomcat.TomcatWebServer          : Tomcat started on port 8080 (http) with context path '/'
2026-09-14T16:20:43.733+09:00  INFO 472 --- [mvc] [restartedMain] com.aloha.mvc.MvcApplication             : Started MvcApplication in 0.81 seconds (process running for 1453.772)
2026-09-14T16:20:43.734+09:00  INFO 472 --- [mvc] [restartedMain] .ConditionEvaluationDeltaLoggingListener : Condition evaluation unchanged
2026-09-14T16:20:45.144+09:00  INFO 472 --- [mvc] [File Watcher] rtingClassPathChangeChangedEventListener : Restarting due to 1 class path change (0 additions, 0 deletions, 1 modification)
2026-09-14T16:20:45.145+09:00  INFO 472 --- [mvc] [Thread-230] o.s.boot.tomcat.GracefulShutdown         : Commencing graceful shutdown. Waiting for active requests to complete
2026-09-14T16:20:45.300+09:00  INFO 472 --- [mvc] [tomcat-shutdown] o.s.boot.tomcat.GracefulShutdown         : Graceful shutdown complete
2026-09-14T16:20:45.302+09:00  INFO 472 --- [mvc] [Thread-230] j.LocalContainerEntityManagerFactoryBean : Closing JPA EntityManagerFactory for persistence unit 'default'
2026-09-14T16:20:45.303+09:00  INFO 472 --- [mvc] [Thread-230] com.zaxxer.hikari.HikariDataSource       : HikariPool-60 - Shutdown initiated...
2026-09-14T16:20:45.305+09:00  INFO 472 --- [mvc] [Thread-230] com.zaxxer.hikari.HikariDataSource       : HikariPool-60 - Shutdown completed.
2026-09-14T16:20:45.413+09:00  INFO 472 --- [mvc] [restartedMain] com.aloha.mvc.MvcApplication             : Starting MvcApplication using Java 17.0.12 with PID 472 (C:\ALOHA\GITHUB\AIOT7_SPRINGBOOT\mvc\bin\main started by Admin in C:\ALOHA\GITHUB\AIOT7_SPRINGBOOT)
2026-09-14T16:20:45.413+09:00  INFO 472 --- [mvc] [restartedMain] com.aloha.mvc.MvcApplication             : No active profile set, falling back to 1 default profile: "default"
2026-09-14T16:20:45.568+09:00  INFO 472 --- [mvc] [restartedMain] .s.d.r.c.RepositoryConfigurationDelegate : Bootstrapping Spring Data JPA repositories in DEFAULT mode.
2026-09-14T16:20:45.582+09:00  INFO 472 --- [mvc] [restartedMain] .s.d.r.c.RepositoryConfigurationDelegate : Finished Spring Data repository scanning in 12 ms. Found 2 JPA repository interfaces.
2026-09-14T16:20:45.638+09:00  INFO 472 --- [mvc] [restartedMain] o.s.boot.tomcat.TomcatWebServer          : Tomcat initialized with port 8080 (http)
2026-09-14T16:20:45.639+09:00  INFO 472 --- [mvc] [restartedMain] o.apache.catalina.core.StandardService   : Starting service [Tomcat]
2026-09-14T16:20:45.640+09:00  INFO 472 --- [mvc] [restartedMain] o.apache.catalina.core.StandardEngine    : Starting Servlet engine: [Apache Tomcat/11.0.24]
2026-09-14T16:20:45.660+09:00  INFO 472 --- [mvc] [restartedMain] b.w.c.s.WebApplicationContextInitializer : Root WebApplicationContext: initialization completed in 246 ms
2026-09-14T16:20:45.681+09:00  INFO 472 --- [mvc] [restartedMain] org.hibernate.orm.jpa                    : HHH008540: Processing PersistenceUnitInfo [name: default]
2026-09-14T16:20:45.725+09:00  INFO 472 --- [mvc] [restartedMain] o.s.o.j.p.SpringPersistenceUnitInfo      : No LoadTimeWeaver setup: ignoring JPA class transformer
2026-09-14T16:20:45.726+09:00  INFO 472 --- [mvc] [restartedMain] com.zaxxer.hikari.HikariDataSource       : HikariPool-61 - Starting...
2026-09-14T16:20:45.728+09:00  INFO 472 --- [mvc] [restartedMain] com.zaxxer.hikari.pool.HikariPool        : HikariPool-61 - Added connection com.mysql.cj.jdbc.ConnectionImpl@249ea418
2026-09-14T16:20:45.728+09:00  INFO 472 --- [mvc] [restartedMain] com.zaxxer.hikari.HikariDataSource       : HikariPool-61 - Start completed.
2026-09-14T16:20:45.729+09:00  INFO 472 --- [mvc] [restartedMain] org.hibernate.orm.connections.pooling    : HHH10001005: Database info:
	Database JDBC URL [jdbc:mysql://localhost:3306/aloha?serverTimezone=Asia/Seoul&allowPublicKeyRetrieval=true&useSSL=false]
	Database driver: MySQL Connector/J
	Database dialect: MySQLDialect
	Database version: 8.0.46
	Default catalog/schema: aloha/undefined
	Autocommit mode: undefined/unknown
	Isolation level: REPEATABLE_READ [default REPEATABLE_READ]
	JDBC fetch size: none
	Pool: DataSourceConnectionProvider
	Minimum pool size: undefined/unknown
	Maximum pool size: undefined/unknown
2026-09-14T16:20:45.777+09:00  INFO 472 --- [mvc] [restartedMain] org.hibernate.orm.core                   : HHH000489: No JTA platform available (set 'hibernate.transaction.jta.platform' to enable JTA platform integration)
2026-09-14T16:20:45.783+09:00  INFO 472 --- [mvc] [restartedMain] j.LocalContainerEntityManagerFactoryBean : Initialized JPA EntityManagerFactory for persistence unit 'default'
2026-09-14T16:20:45.826+09:00  WARN 472 --- [mvc] [restartedMain] JpaBaseConfiguration$JpaWebConfiguration : spring.jpa.open-in-view is enabled by default. Therefore, database queries may be performed during view rendering. Explicitly configure spring.jpa.open-in-view to disable this warning
2026-09-14T16:20:45.842+09:00  WARN 472 --- [mvc] [restartedMain] .s.a.UserDetailsServiceAutoConfiguration : 

Using generated security password: d288d193-f06b-41bd-bcfe-a181f3a6d4dd

This generated password is for development use only. Your security configuration must be updated before running your application in production.

2026-09-14T16:20:45.846+09:00  INFO 472 --- [mvc] [restartedMain] r$InitializeUserDetailsManagerConfigurer : Global AuthenticationManager configured with UserDetailsService bean with name inMemoryUserDetailsManager
2026-09-14T16:20:45.905+09:00  INFO 472 --- [mvc] [restartedMain] o.s.b.w.a.WelcomePageHandlerMapping      : Adding welcome page template: index
2026-09-14T16:20:45.989+09:00  INFO 472 --- [mvc] [restartedMain] o.s.boot.tomcat.TomcatWebServer          : Tomcat started on port 8080 (http) with context path '/'
2026-09-14T16:20:45.990+09:00  INFO 472 --- [mvc] [restartedMain] com.aloha.mvc.MvcApplication             : Started MvcApplication in 0.593 seconds (process running for 1456.029)
2026-09-14T16:20:45.991+09:00  INFO 472 --- [mvc] [restartedMain] .ConditionEvaluationDeltaLoggingListener : Condition evaluation unchanged
2026-09-14T16:20:49.426+09:00  INFO 472 --- [mvc] [File Watcher] rtingClassPathChangeChangedEventListener : Restarting due to 1 class path change (0 additions, 0 deletions, 1 modification)
2026-09-14T16:20:49.427+09:00  INFO 472 --- [mvc] [Thread-234] o.s.boot.tomcat.GracefulShutdown         : Commencing graceful shutdown. Waiting for active requests to complete
2026-09-14T16:20:49.509+09:00  INFO 472 --- [mvc] [tomcat-shutdown] o.s.boot.tomcat.GracefulShutdown         : Graceful shutdown complete
2026-09-14T16:20:49.510+09:00  INFO 472 --- [mvc] [Thread-234] j.LocalContainerEntityManagerFactoryBean : Closing JPA EntityManagerFactory for persistence unit 'default'
2026-09-14T16:20:49.510+09:00  INFO 472 --- [mvc] [Thread-234] com.zaxxer.hikari.HikariDataSource       : HikariPool-61 - Shutdown initiated...
2026-09-14T16:20:49.511+09:00  INFO 472 --- [mvc] [Thread-234] com.zaxxer.hikari.HikariDataSource       : HikariPool-61 - Shutdown completed.
2026-09-14T16:20:49.628+09:00  INFO 472 --- [mvc] [restartedMain] com.aloha.mvc.MvcApplication             : Starting MvcApplication using Java 17.0.12 with PID 472 (C:\ALOHA\GITHUB\AIOT7_SPRINGBOOT\mvc\bin\main started by Admin in C:\ALOHA\GITHUB\AIOT7_SPRINGBOOT)
2026-09-14T16:20:49.628+09:00  INFO 472 --- [mvc] [restartedMain] com.aloha.mvc.MvcApplication             : No active profile set, falling back to 1 default profile: "default"
2026-09-14T16:20:49.838+09:00  INFO 472 --- [mvc] [restartedMain] .s.d.r.c.RepositoryConfigurationDelegate : Bootstrapping Spring Data JPA repositories in DEFAULT mode.
2026-09-14T16:20:49.849+09:00  INFO 472 --- [mvc] [restartedMain] .s.d.r.c.RepositoryConfigurationDelegate : Finished Spring Data repository scanning in 9 ms. Found 2 JPA repository interfaces.
2026-09-14T16:20:49.955+09:00  INFO 472 --- [mvc] [restartedMain] o.s.boot.tomcat.TomcatWebServer          : Tomcat initialized with port 8080 (http)
2026-09-14T16:20:49.958+09:00  INFO 472 --- [mvc] [restartedMain] o.apache.catalina.core.StandardService   : Starting service [Tomcat]
2026-09-14T16:20:49.958+09:00  INFO 472 --- [mvc] [restartedMain] o.apache.catalina.core.StandardEngine    : Starting Servlet engine: [Apache Tomcat/11.0.24]
2026-09-14T16:20:49.979+09:00  INFO 472 --- [mvc] [restartedMain] b.w.c.s.WebApplicationContextInitializer : Root WebApplicationContext: initialization completed in 348 ms
2026-09-14T16:20:50.012+09:00  INFO 472 --- [mvc] [restartedMain] org.hibernate.orm.jpa                    : HHH008540: Processing PersistenceUnitInfo [name: default]
2026-09-14T16:20:50.070+09:00  INFO 472 --- [mvc] [restartedMain] o.s.o.j.p.SpringPersistenceUnitInfo      : No LoadTimeWeaver setup: ignoring JPA class transformer
2026-09-14T16:20:50.071+09:00  INFO 472 --- [mvc] [restartedMain] com.zaxxer.hikari.HikariDataSource       : HikariPool-62 - Starting...
2026-09-14T16:20:50.073+09:00  INFO 472 --- [mvc] [restartedMain] com.zaxxer.hikari.pool.HikariPool        : HikariPool-62 - Added connection com.mysql.cj.jdbc.ConnectionImpl@4a6cc3e5
2026-09-14T16:20:50.073+09:00  INFO 472 --- [mvc] [restartedMain] com.zaxxer.hikari.HikariDataSource       : HikariPool-62 - Start completed.
2026-09-14T16:20:50.074+09:00  INFO 472 --- [mvc] [restartedMain] org.hibernate.orm.connections.pooling    : HHH10001005: Database info:
	Database JDBC URL [jdbc:mysql://localhost:3306/aloha?serverTimezone=Asia/Seoul&allowPublicKeyRetrieval=true&useSSL=false]
	Database driver: MySQL Connector/J
	Database dialect: MySQLDialect
	Database version: 8.0.46
	Default catalog/schema: aloha/undefined
	Autocommit mode: undefined/unknown
	Isolation level: REPEATABLE_READ [default REPEATABLE_READ]
	JDBC fetch size: none
	Pool: DataSourceConnectionProvider
	Minimum pool size: undefined/unknown
	Maximum pool size: undefined/unknown
2026-09-14T16:20:50.124+09:00  INFO 472 --- [mvc] [restartedMain] org.hibernate.orm.core                   : HHH000489: No JTA platform available (set 'hibernate.transaction.jta.platform' to enable JTA platform integration)
2026-09-14T16:20:50.131+09:00  INFO 472 --- [mvc] [restartedMain] j.LocalContainerEntityManagerFactoryBean : Initialized JPA EntityManagerFactory for persistence unit 'default'
2026-09-14T16:20:50.172+09:00  WARN 472 --- [mvc] [restartedMain] JpaBaseConfiguration$JpaWebConfiguration : spring.jpa.open-in-view is enabled by default. Therefore, database queries may be performed during view rendering. Explicitly configure spring.jpa.open-in-view to disable this warning
2026-09-14T16:20:50.191+09:00  WARN 472 --- [mvc] [restartedMain] .s.a.UserDetailsServiceAutoConfiguration : 

Using generated security password: d719f79c-4cef-44f9-9a0e-83e12342eff2

This generated password is for development use only. Your security configuration must be updated before running your application in production.

2026-09-14T16:20:50.192+09:00  INFO 472 --- [mvc] [restartedMain] r$InitializeUserDetailsManagerConfigurer : Global AuthenticationManager configured with UserDetailsService bean with name inMemoryUserDetailsManager
2026-09-14T16:20:50.235+09:00  INFO 472 --- [mvc] [restartedMain] o.s.b.w.a.WelcomePageHandlerMapping      : Adding welcome page template: index
2026-09-14T16:20:50.299+09:00  INFO 472 --- [mvc] [restartedMain] o.s.boot.tomcat.TomcatWebServer          : Tomcat started on port 8080 (http) with context path '/'
2026-09-14T16:20:50.302+09:00  INFO 472 --- [mvc] [restartedMain] com.aloha.mvc.MvcApplication             : Started MvcApplication in 0.695 seconds (process running for 1460.34)
2026-09-14T16:20:50.303+09:00  INFO 472 --- [mvc] [restartedMain] .ConditionEvaluationDeltaLoggingListener : Condition evaluation unchanged
2026-09-14T16:20:55.846+09:00  INFO 472 --- [mvc] [File Watcher] rtingClassPathChangeChangedEventListener : Restarting due to 1 class path change (0 additions, 0 deletions, 1 modification)
2026-09-14T16:20:55.847+09:00  INFO 472 --- [mvc] [Thread-238] o.s.boot.tomcat.GracefulShutdown         : Commencing graceful shutdown. Waiting for active requests to complete
2026-09-14T16:20:55.957+09:00  INFO 472 --- [mvc] [tomcat-shutdown] o.s.boot.tomcat.GracefulShutdown         : Graceful shutdown complete
2026-09-14T16:20:55.958+09:00  INFO 472 --- [mvc] [Thread-238] j.LocalContainerEntityManagerFactoryBean : Closing JPA EntityManagerFactory for persistence unit 'default'
2026-09-14T16:20:55.959+09:00  INFO 472 --- [mvc] [Thread-238] com.zaxxer.hikari.HikariDataSource       : HikariPool-62 - Shutdown initiated...
2026-09-14T16:20:55.959+09:00  INFO 472 --- [mvc] [Thread-238] com.zaxxer.hikari.HikariDataSource       : HikariPool-62 - Shutdown completed.
2026-09-14T16:20:56.046+09:00  INFO 472 --- [mvc] [restartedMain] com.aloha.mvc.MvcApplication             : Starting MvcApplication using Java 17.0.12 with PID 472 (C:\ALOHA\GITHUB\AIOT7_SPRINGBOOT\mvc\bin\main started by Admin in C:\ALOHA\GITHUB\AIOT7_SPRINGBOOT)
2026-09-14T16:20:56.046+09:00  INFO 472 --- [mvc] [restartedMain] com.aloha.mvc.MvcApplication             : No active profile set, falling back to 1 default profile: "default"
2026-09-14T16:20:56.206+09:00  INFO 472 --- [mvc] [restartedMain] .s.d.r.c.RepositoryConfigurationDelegate : Bootstrapping Spring Data JPA repositories in DEFAULT mode.
2026-09-14T16:20:56.218+09:00  INFO 472 --- [mvc] [restartedMain] .s.d.r.c.RepositoryConfigurationDelegate : Finished Spring Data repository scanning in 11 ms. Found 2 JPA repository interfaces.
2026-09-14T16:20:56.295+09:00  INFO 472 --- [mvc] [restartedMain] o.s.boot.tomcat.TomcatWebServer          : Tomcat initialized with port 8080 (http)
2026-09-14T16:20:56.295+09:00  INFO 472 --- [mvc] [restartedMain] o.apache.catalina.core.StandardService   : Starting service [Tomcat]
2026-09-14T16:20:56.296+09:00  INFO 472 --- [mvc] [restartedMain] o.apache.catalina.core.StandardEngine    : Starting Servlet engine: [Apache Tomcat/11.0.24]
2026-09-14T16:20:56.314+09:00  INFO 472 --- [mvc] [restartedMain] b.w.c.s.WebApplicationContextInitializer : Root WebApplicationContext: initialization completed in 266 ms
2026-09-14T16:20:56.348+09:00  INFO 472 --- [mvc] [restartedMain] org.hibernate.orm.jpa                    : HHH008540: Processing PersistenceUnitInfo [name: default]
2026-09-14T16:20:56.409+09:00  INFO 472 --- [mvc] [restartedMain] o.s.o.j.p.SpringPersistenceUnitInfo      : No LoadTimeWeaver setup: ignoring JPA class transformer
2026-09-14T16:20:56.411+09:00  INFO 472 --- [mvc] [restartedMain] com.zaxxer.hikari.HikariDataSource       : HikariPool-63 - Starting...
2026-09-14T16:20:56.413+09:00  INFO 472 --- [mvc] [restartedMain] com.zaxxer.hikari.pool.HikariPool        : HikariPool-63 - Added connection com.mysql.cj.jdbc.ConnectionImpl@19bd916c
2026-09-14T16:20:56.413+09:00  INFO 472 --- [mvc] [restartedMain] com.zaxxer.hikari.HikariDataSource       : HikariPool-63 - Start completed.
2026-09-14T16:20:56.415+09:00  INFO 472 --- [mvc] [restartedMain] org.hibernate.orm.connections.pooling    : HHH10001005: Database info:
	Database JDBC URL [jdbc:mysql://localhost:3306/aloha?serverTimezone=Asia/Seoul&allowPublicKeyRetrieval=true&useSSL=false]
	Database driver: MySQL Connector/J
	Database dialect: MySQLDialect
	Database version: 8.0.46
	Default catalog/schema: aloha/undefined
	Autocommit mode: undefined/unknown
	Isolation level: REPEATABLE_READ [default REPEATABLE_READ]
	JDBC fetch size: none
	Pool: DataSourceConnectionProvider
	Minimum pool size: undefined/unknown
	Maximum pool size: undefined/unknown
2026-09-14T16:20:56.465+09:00  INFO 472 --- [mvc] [restartedMain] org.hibernate.orm.core                   : HHH000489: No JTA platform available (set 'hibernate.transaction.jta.platform' to enable JTA platform integration)
2026-09-14T16:20:56.473+09:00  INFO 472 --- [mvc] [restartedMain] j.LocalContainerEntityManagerFactoryBean : Initialized JPA EntityManagerFactory for persistence unit 'default'
2026-09-14T16:20:56.503+09:00  WARN 472 --- [mvc] [restartedMain] ConfigServletWebServerApplicationContext : Exception encountered during context initialization - cancelling refresh attempt: org.springframework.beans.factory.BeanCreationException: Error creating bean with name 'postController' defined in file [C:\ALOHA\GITHUB\AIOT7_SPRINGBOOT\mvc\bin\main\com\aloha\mvc\controller\PostController.class]: Failed to instantiate [com.aloha.mvc.controller.PostController]: Constructor threw exception
2026-09-14T16:20:56.503+09:00  INFO 472 --- [mvc] [restartedMain] j.LocalContainerEntityManagerFactoryBean : Closing JPA EntityManagerFactory for persistence unit 'default'
2026-09-14T16:20:56.504+09:00  INFO 472 --- [mvc] [restartedMain] com.zaxxer.hikari.HikariDataSource       : HikariPool-63 - Shutdown initiated...
2026-09-14T16:20:56.505+09:00  INFO 472 --- [mvc] [restartedMain] com.zaxxer.hikari.HikariDataSource       : HikariPool-63 - Shutdown completed.
2026-09-14T16:20:56.506+09:00  INFO 472 --- [mvc] [restartedMain] o.apache.catalina.core.StandardService   : Stopping service [Tomcat]
2026-09-14T16:20:56.510+09:00  INFO 472 --- [mvc] [restartedMain] .s.b.a.l.ConditionEvaluationReportLogger : 

Error starting ApplicationContext. To display the condition evaluation report re-run your application with 'debug' enabled.
2026-09-14T16:20:56.513+09:00 ERROR 472 --- [mvc] [restartedMain] o.s.boot.SpringApplication               : Application run failed

org.springframework.beans.factory.BeanCreationException: Error creating bean with name 'postController' defined in file [C:\ALOHA\GITHUB\AIOT7_SPRINGBOOT\mvc\bin\main\com\aloha\mvc\controller\PostController.class]: Failed to instantiate [com.aloha.mvc.controller.PostController]: Constructor threw exception
	at org.springframework.beans.factory.support.ConstructorResolver.instantiate(ConstructorResolver.java:321) ~[spring-beans-7.0.9.jar:7.0.9]
	at org.springframework.beans.factory.support.ConstructorResolver.autowireConstructor(ConstructorResolver.java:309) ~[spring-beans-7.0.9.jar:7.0.9]
	at org.springframework.beans.factory.support.AbstractAutowireCapableBeanFactory.autowireConstructor(AbstractAutowireCapableBeanFactory.java:1380) ~[spring-beans-7.0.9.jar:7.0.9]
	at org.springframework.beans.factory.support.AbstractAutowireCapableBeanFactory.createBeanInstance(AbstractAutowireCapableBeanFactory.java:1219) ~[spring-beans-7.0.9.jar:7.0.9]
	at org.springframework.beans.factory.support.AbstractAutowireCapableBeanFactory.doCreateBean(AbstractAutowireCapableBeanFactory.java:565) ~[spring-beans-7.0.9.jar:7.0.9]
	at org.springframework.beans.factory.support.AbstractAutowireCapableBeanFactory.createBean(AbstractAutowireCapableBeanFactory.java:525) ~[spring-beans-7.0.9.jar:7.0.9]
	at org.springframework.beans.factory.support.AbstractBeanFactory.lambda$doGetBean$0(AbstractBeanFactory.java:333) ~[spring-beans-7.0.9.jar:7.0.9]
	at org.springframework.beans.factory.support.DefaultSingletonBeanRegistry.getSingleton(DefaultSingletonBeanRegistry.java:371) ~[spring-beans-7.0.9.jar:7.0.9]
	at org.springframework.beans.factory.support.AbstractBeanFactory.doGetBean(AbstractBeanFactory.java:331) ~[spring-beans-7.0.9.jar:7.0.9]
	at org.springframework.beans.factory.support.AbstractBeanFactory.getBean(AbstractBeanFactory.java:196) ~[spring-beans-7.0.9.jar:7.0.9]
	at org.springframework.beans.factory.support.DefaultListableBeanFactory.instantiateSingleton(DefaultListableBeanFactory.java:1225) ~[spring-beans-7.0.9.jar:7.0.9]
	at org.springframework.beans.factory.support.DefaultListableBeanFactory.preInstantiateSingleton(DefaultListableBeanFactory.java:1191) ~[spring-beans-7.0.9.jar:7.0.9]
	at org.springframework.beans.factory.support.DefaultListableBeanFactory.preInstantiateSingletons(DefaultListableBeanFactory.java:1121) ~[spring-beans-7.0.9.jar:7.0.9]
	at org.springframework.context.support.AbstractApplicationContext.finishBeanFactoryInitialization(AbstractApplicationContext.java:994) ~[spring-context-7.0.9.jar:7.0.9]
	at org.springframework.context.support.AbstractApplicationContext.refresh(AbstractApplicationContext.java:621) ~[spring-context-7.0.9.jar:7.0.9]
	at org.springframework.boot.web.server.servlet.context.ServletWebServerApplicationContext.refresh(ServletWebServerApplicationContext.java:143) ~[spring-boot-web-server-4.1.1.jar:4.1.1]
	at org.springframework.boot.SpringApplication.refresh(SpringApplication.java:756) ~[spring-boot-4.1.1.jar:4.1.1]
	at org.springframework.boot.SpringApplication.refreshContext(SpringApplication.java:445) ~[spring-boot-4.1.1.jar:4.1.1]
	at org.springframework.boot.SpringApplication.run(SpringApplication.java:321) ~[spring-boot-4.1.1.jar:4.1.1]
	at org.springframework.boot.SpringApplication.run(SpringApplication.java:1365) ~[spring-boot-4.1.1.jar:4.1.1]
	at org.springframework.boot.SpringApplication.run(SpringApplication.java:1354) ~[spring-boot-4.1.1.jar:4.1.1]
	at com.aloha.mvc.MvcApplication.main(MvcApplication.java:10) ~[main/:na]
	at java.base/jdk.internal.reflect.NativeMethodAccessorImpl.invoke0(Native Method) ~[na:na]
	at java.base/jdk.internal.reflect.NativeMethodAccessorImpl.invoke(NativeMethodAccessorImpl.java:77) ~[na:na]
	at java.base/jdk.internal.reflect.DelegatingMethodAccessorImpl.invoke(DelegatingMethodAccessorImpl.java:43) ~[na:na]
	at java.base/java.lang.reflect.Method.invoke(Method.java:568) ~[na:na]
	at org.springframework.boot.devtools.restart.RestartLauncher.run(RestartLauncher.java:52) ~[spring-boot-devtools-4.1.1.jar:4.1.1]
Caused by: org.springframework.beans.BeanInstantiationException: Failed to instantiate [com.aloha.mvc.controller.PostController]: Constructor threw exception
	at org.springframework.beans.BeanUtils.instantiateClass(BeanUtils.java:220) ~[spring-beans-7.0.9.jar:7.0.9]
	at org.springframework.beans.factory.support.SimpleInstantiationStrategy.instantiate(SimpleInstantiationStrategy.java:129) ~[spring-beans-7.0.9.jar:7.0.9]
	at org.springframework.beans.factory.support.ConstructorResolver.instantiate(ConstructorResolver.java:318) ~[spring-beans-7.0.9.jar:7.0.9]
	... 26 common frames omitted
Caused by: java.lang.Error: Unresolved compilation problems: 
	Syntax error, insert "Identifier (" to complete ConstructorHeaderName
	Syntax error, insert ")" to complete ConstructorDeclaration
	Syntax error, insert ";" to complete ConstructorDeclaration

	at com.aloha.mvc.controller.PostController.<init>(PostController.java:23) ~[main/:na]
	at java.base/jdk.internal.reflect.NativeConstructorAccessorImpl.newInstance0(Native Method) ~[na:na]
	at java.base/jdk.internal.reflect.NativeConstructorAccessorImpl.newInstance(NativeConstructorAccessorImpl.java:77) ~[na:na]
	at java.base/jdk.internal.reflect.DelegatingConstructorAccessorImpl.newInstance(DelegatingConstructorAccessorImpl.java:45) ~[na:na]
	at java.base/java.lang.reflect.Constructor.newInstanceWithCaller(Constructor.java:499) ~[na:na]
	at java.base/java.lang.reflect.Constructor.newInstance(Constructor.java:480) ~[na:na]
	at org.springframework.beans.BeanUtils.instantiateClass(BeanUtils.java:207) ~[spring-beans-7.0.9.jar:7.0.9]
	... 28 common frames omitted

2026-09-14T16:21:11.348+09:00  INFO 472 --- [mvc] [restartedMain] com.aloha.mvc.MvcApplication             : Starting MvcApplication using Java 17.0.12 with PID 472 (C:\ALOHA\GITHUB\AIOT7_SPRINGBOOT\mvc\bin\main started by Admin in C:\ALOHA\GITHUB\AIOT7_SPRINGBOOT)
2026-09-14T16:21:11.348+09:00  INFO 472 --- [mvc] [restartedMain] com.aloha.mvc.MvcApplication             : No active profile set, falling back to 1 default profile: "default"
2026-09-14T16:21:11.559+09:00  INFO 472 --- [mvc] [restartedMain] .s.d.r.c.RepositoryConfigurationDelegate : Bootstrapping Spring Data JPA repositories in DEFAULT mode.
2026-09-14T16:21:11.568+09:00  INFO 472 --- [mvc] [restartedMain] .s.d.r.c.RepositoryConfigurationDelegate : Finished Spring Data repository scanning in 8 ms. Found 2 JPA repository interfaces.
2026-09-14T16:21:11.663+09:00  INFO 472 --- [mvc] [restartedMain] o.s.boot.tomcat.TomcatWebServer          : Tomcat initialized with port 8080 (http)
2026-09-14T16:21:11.663+09:00  INFO 472 --- [mvc] [restartedMain] o.apache.catalina.core.StandardService   : Starting service [Tomcat]
2026-09-14T16:21:11.663+09:00  INFO 472 --- [mvc] [restartedMain] o.apache.catalina.core.StandardEngine    : Starting Servlet engine: [Apache Tomcat/11.0.24]
2026-09-14T16:21:11.681+09:00  INFO 472 --- [mvc] [restartedMain] b.w.c.s.WebApplicationContextInitializer : Root WebApplicationContext: initialization completed in 331 ms
2026-09-14T16:21:11.719+09:00  INFO 472 --- [mvc] [restartedMain] org.hibernate.orm.jpa                    : HHH008540: Processing PersistenceUnitInfo [name: default]
2026-09-14T16:21:11.763+09:00  INFO 472 --- [mvc] [restartedMain] o.s.o.j.p.SpringPersistenceUnitInfo      : No LoadTimeWeaver setup: ignoring JPA class transformer
2026-09-14T16:21:11.764+09:00  INFO 472 --- [mvc] [restartedMain] com.zaxxer.hikari.HikariDataSource       : HikariPool-64 - Starting...
2026-09-14T16:21:11.766+09:00  INFO 472 --- [mvc] [restartedMain] com.zaxxer.hikari.pool.HikariPool        : HikariPool-64 - Added connection com.mysql.cj.jdbc.ConnectionImpl@67411621
2026-09-14T16:21:11.766+09:00  INFO 472 --- [mvc] [restartedMain] com.zaxxer.hikari.HikariDataSource       : HikariPool-64 - Start completed.
2026-09-14T16:21:11.767+09:00  INFO 472 --- [mvc] [restartedMain] org.hibernate.orm.connections.pooling    : HHH10001005: Database info:
	Database JDBC URL [jdbc:mysql://localhost:3306/aloha?serverTimezone=Asia/Seoul&allowPublicKeyRetrieval=true&useSSL=false]
	Database driver: MySQL Connector/J
	Database dialect: MySQLDialect
	Database version: 8.0.46
	Default catalog/schema: aloha/undefined
	Autocommit mode: undefined/unknown
	Isolation level: REPEATABLE_READ [default REPEATABLE_READ]
	JDBC fetch size: none
	Pool: DataSourceConnectionProvider
	Minimum pool size: undefined/unknown
	Maximum pool size: undefined/unknown
2026-09-14T16:21:11.821+09:00  INFO 472 --- [mvc] [restartedMain] org.hibernate.orm.core                   : HHH000489: No JTA platform available (set 'hibernate.transaction.jta.platform' to enable JTA platform integration)
2026-09-14T16:21:11.830+09:00  INFO 472 --- [mvc] [restartedMain] j.LocalContainerEntityManagerFactoryBean : Initialized JPA EntityManagerFactory for persistence unit 'default'
2026-09-14T16:21:11.862+09:00  WARN 472 --- [mvc] [restartedMain] ConfigServletWebServerApplicationContext : Exception encountered during context initialization - cancelling refresh attempt: org.springframework.beans.factory.BeanCreationException: Error creating bean with name 'postController' defined in file [C:\ALOHA\GITHUB\AIOT7_SPRINGBOOT\mvc\bin\main\com\aloha\mvc\controller\PostController.class]: Failed to instantiate [com.aloha.mvc.controller.PostController]: Constructor threw exception
2026-09-14T16:21:11.862+09:00  INFO 472 --- [mvc] [restartedMain] j.LocalContainerEntityManagerFactoryBean : Closing JPA EntityManagerFactory for persistence unit 'default'
2026-09-14T16:21:11.862+09:00  INFO 472 --- [mvc] [restartedMain] com.zaxxer.hikari.HikariDataSource       : HikariPool-64 - Shutdown initiated...
2026-09-14T16:21:11.863+09:00  INFO 472 --- [mvc] [restartedMain] com.zaxxer.hikari.HikariDataSource       : HikariPool-64 - Shutdown completed.
2026-09-14T16:21:11.863+09:00  INFO 472 --- [mvc] [restartedMain] o.apache.catalina.core.StandardService   : Stopping service [Tomcat]
2026-09-14T16:21:11.868+09:00  INFO 472 --- [mvc] [restartedMain] .s.b.a.l.ConditionEvaluationReportLogger : 

Error starting ApplicationContext. To display the condition evaluation report re-run your application with 'debug' enabled.
2026-09-14T16:21:11.873+09:00 ERROR 472 --- [mvc] [restartedMain] o.s.boot.SpringApplication               : Application run failed

org.springframework.beans.factory.BeanCreationException: Error creating bean with name 'postController' defined in file [C:\ALOHA\GITHUB\AIOT7_SPRINGBOOT\mvc\bin\main\com\aloha\mvc\controller\PostController.class]: Failed to instantiate [com.aloha.mvc.controller.PostController]: Constructor threw exception
	at org.springframework.beans.factory.support.ConstructorResolver.instantiate(ConstructorResolver.java:321) ~[spring-beans-7.0.9.jar:7.0.9]
	at org.springframework.beans.factory.support.ConstructorResolver.autowireConstructor(ConstructorResolver.java:309) ~[spring-beans-7.0.9.jar:7.0.9]
	at org.springframework.beans.factory.support.AbstractAutowireCapableBeanFactory.autowireConstructor(AbstractAutowireCapableBeanFactory.java:1380) ~[spring-beans-7.0.9.jar:7.0.9]
	at org.springframework.beans.factory.support.AbstractAutowireCapableBeanFactory.createBeanInstance(AbstractAutowireCapableBeanFactory.java:1219) ~[spring-beans-7.0.9.jar:7.0.9]
	at org.springframework.beans.factory.support.AbstractAutowireCapableBeanFactory.doCreateBean(AbstractAutowireCapableBeanFactory.java:565) ~[spring-beans-7.0.9.jar:7.0.9]
	at org.springframework.beans.factory.support.AbstractAutowireCapableBeanFactory.createBean(AbstractAutowireCapableBeanFactory.java:525) ~[spring-beans-7.0.9.jar:7.0.9]
	at org.springframework.beans.factory.support.AbstractBeanFactory.lambda$doGetBean$0(AbstractBeanFactory.java:333) ~[spring-beans-7.0.9.jar:7.0.9]
	at org.springframework.beans.factory.support.DefaultSingletonBeanRegistry.getSingleton(DefaultSingletonBeanRegistry.java:371) ~[spring-beans-7.0.9.jar:7.0.9]
	at org.springframework.beans.factory.support.AbstractBeanFactory.doGetBean(AbstractBeanFactory.java:331) ~[spring-beans-7.0.9.jar:7.0.9]
	at org.springframework.beans.factory.support.AbstractBeanFactory.getBean(AbstractBeanFactory.java:196) ~[spring-beans-7.0.9.jar:7.0.9]
	at org.springframework.beans.factory.support.DefaultListableBeanFactory.instantiateSingleton(DefaultListableBeanFactory.java:1225) ~[spring-beans-7.0.9.jar:7.0.9]
	at org.springframework.beans.factory.support.DefaultListableBeanFactory.preInstantiateSingleton(DefaultListableBeanFactory.java:1191) ~[spring-beans-7.0.9.jar:7.0.9]
	at org.springframework.beans.factory.support.DefaultListableBeanFactory.preInstantiateSingletons(DefaultListableBeanFactory.java:1121) ~[spring-beans-7.0.9.jar:7.0.9]
	at org.springframework.context.support.AbstractApplicationContext.finishBeanFactoryInitialization(AbstractApplicationContext.java:994) ~[spring-context-7.0.9.jar:7.0.9]
	at org.springframework.context.support.AbstractApplicationContext.refresh(AbstractApplicationContext.java:621) ~[spring-context-7.0.9.jar:7.0.9]
	at org.springframework.boot.web.server.servlet.context.ServletWebServerApplicationContext.refresh(ServletWebServerApplicationContext.java:143) ~[spring-boot-web-server-4.1.1.jar:4.1.1]
	at org.springframework.boot.SpringApplication.refresh(SpringApplication.java:756) ~[spring-boot-4.1.1.jar:4.1.1]
	at org.springframework.boot.SpringApplication.refreshContext(SpringApplication.java:445) ~[spring-boot-4.1.1.jar:4.1.1]
	at org.springframework.boot.SpringApplication.run(SpringApplication.java:321) ~[spring-boot-4.1.1.jar:4.1.1]
	at org.springframework.boot.SpringApplication.run(SpringApplication.java:1365) ~[spring-boot-4.1.1.jar:4.1.1]
	at org.springframework.boot.SpringApplication.run(SpringApplication.java:1354) ~[spring-boot-4.1.1.jar:4.1.1]
	at com.aloha.mvc.MvcApplication.main(MvcApplication.java:10) ~[main/:na]
	at java.base/jdk.internal.reflect.NativeMethodAccessorImpl.invoke0(Native Method) ~[na:na]
	at java.base/jdk.internal.reflect.NativeMethodAccessorImpl.invoke(NativeMethodAccessorImpl.java:77) ~[na:na]
	at java.base/jdk.internal.reflect.DelegatingMethodAccessorImpl.invoke(DelegatingMethodAccessorImpl.java:43) ~[na:na]
	at java.base/java.lang.reflect.Method.invoke(Method.java:568) ~[na:na]
	at org.springframework.boot.devtools.restart.RestartLauncher.run(RestartLauncher.java:52) ~[spring-boot-devtools-4.1.1.jar:4.1.1]
Caused by: org.springframework.beans.BeanInstantiationException: Failed to instantiate [com.aloha.mvc.controller.PostController]: Constructor threw exception
	at org.springframework.beans.BeanUtils.instantiateClass(BeanUtils.java:220) ~[spring-beans-7.0.9.jar:7.0.9]
	at org.springframework.beans.factory.support.SimpleInstantiationStrategy.instantiate(SimpleInstantiationStrategy.java:129) ~[spring-beans-7.0.9.jar:7.0.9]
	at org.springframework.beans.factory.support.ConstructorResolver.instantiate(ConstructorResolver.java:318) ~[spring-beans-7.0.9.jar:7.0.9]
	... 26 common frames omitted
Caused by: java.lang.Error: Unresolved compilation problems: 
	Syntax error, insert "Identifier (" to complete ConstructorHeaderName
	Syntax error, insert ")" to complete ConstructorDeclaration
	Syntax error, insert ";" to complete ConstructorDeclaration

	at com.aloha.mvc.controller.PostController.<init>(PostController.java:23) ~[main/:na]
	at java.base/jdk.internal.reflect.NativeConstructorAccessorImpl.newInstance0(Native Method) ~[na:na]
	at java.base/jdk.internal.reflect.NativeConstructorAccessorImpl.newInstance(NativeConstructorAccessorImpl.java:77) ~[na:na]
	at java.base/jdk.internal.reflect.DelegatingConstructorAccessorImpl.newInstance(DelegatingConstructorAccessorImpl.java:45) ~[na:na]
	at java.base/java.lang.reflect.Constructor.newInstanceWithCaller(Constructor.java:499) ~[na:na]
	at java.base/java.lang.reflect.Constructor.newInstance(Constructor.java:480) ~[na:na]
	at org.springframework.beans.BeanUtils.instantiateClass(BeanUtils.java:207) ~[spring-beans-7.0.9.jar:7.0.9]
	... 28 common frames omitted

2026-09-14T16:21:28.817+09:00  INFO 472 --- [mvc] [restartedMain] com.aloha.mvc.MvcApplication             : Starting MvcApplication using Java 17.0.12 with PID 472 (C:\ALOHA\GITHUB\AIOT7_SPRINGBOOT\mvc\bin\main started by Admin in C:\ALOHA\GITHUB\AIOT7_SPRINGBOOT)
2026-09-14T16:21:28.817+09:00  INFO 472 --- [mvc] [restartedMain] com.aloha.mvc.MvcApplication             : No active profile set, falling back to 1 default profile: "default"
2026-09-14T16:21:29.000+09:00  INFO 472 --- [mvc] [restartedMain] .s.d.r.c.RepositoryConfigurationDelegate : Bootstrapping Spring Data JPA repositories in DEFAULT mode.
2026-09-14T16:21:29.015+09:00  INFO 472 --- [mvc] [restartedMain] .s.d.r.c.RepositoryConfigurationDelegate : Finished Spring Data repository scanning in 10 ms. Found 2 JPA repository interfaces.
2026-09-14T16:21:29.096+09:00  INFO 472 --- [mvc] [restartedMain] o.s.boot.tomcat.TomcatWebServer          : Tomcat initialized with port 8080 (http)
2026-09-14T16:21:29.096+09:00  INFO 472 --- [mvc] [restartedMain] o.apache.catalina.core.StandardService   : Starting service [Tomcat]
2026-09-14T16:21:29.097+09:00  INFO 472 --- [mvc] [restartedMain] o.apache.catalina.core.StandardEngine    : Starting Servlet engine: [Apache Tomcat/11.0.24]
2026-09-14T16:21:29.115+09:00  INFO 472 --- [mvc] [restartedMain] b.w.c.s.WebApplicationContextInitializer : Root WebApplicationContext: initialization completed in 296 ms
2026-09-14T16:21:29.143+09:00  INFO 472 --- [mvc] [restartedMain] org.hibernate.orm.jpa                    : HHH008540: Processing PersistenceUnitInfo [name: default]
2026-09-14T16:21:29.189+09:00  INFO 472 --- [mvc] [restartedMain] o.s.o.j.p.SpringPersistenceUnitInfo      : No LoadTimeWeaver setup: ignoring JPA class transformer
2026-09-14T16:21:29.191+09:00  INFO 472 --- [mvc] [restartedMain] com.zaxxer.hikari.HikariDataSource       : HikariPool-65 - Starting...
2026-09-14T16:21:29.193+09:00  INFO 472 --- [mvc] [restartedMain] com.zaxxer.hikari.pool.HikariPool        : HikariPool-65 - Added connection com.mysql.cj.jdbc.ConnectionImpl@abe688c
2026-09-14T16:21:29.194+09:00  INFO 472 --- [mvc] [restartedMain] com.zaxxer.hikari.HikariDataSource       : HikariPool-65 - Start completed.
2026-09-14T16:21:29.195+09:00  INFO 472 --- [mvc] [restartedMain] org.hibernate.orm.connections.pooling    : HHH10001005: Database info:
	Database JDBC URL [jdbc:mysql://localhost:3306/aloha?serverTimezone=Asia/Seoul&allowPublicKeyRetrieval=true&useSSL=false]
	Database driver: MySQL Connector/J
	Database dialect: MySQLDialect
	Database version: 8.0.46
	Default catalog/schema: aloha/undefined
	Autocommit mode: undefined/unknown
	Isolation level: REPEATABLE_READ [default REPEATABLE_READ]
	JDBC fetch size: none
	Pool: DataSourceConnectionProvider
	Minimum pool size: undefined/unknown
	Maximum pool size: undefined/unknown
2026-09-14T16:21:29.251+09:00  INFO 472 --- [mvc] [restartedMain] org.hibernate.orm.core                   : HHH000489: No JTA platform available (set 'hibernate.transaction.jta.platform' to enable JTA platform integration)
2026-09-14T16:21:29.260+09:00  INFO 472 --- [mvc] [restartedMain] j.LocalContainerEntityManagerFactoryBean : Initialized JPA EntityManagerFactory for persistence unit 'default'
2026-09-14T16:21:29.300+09:00  WARN 472 --- [mvc] [restartedMain] JpaBaseConfiguration$JpaWebConfiguration : spring.jpa.open-in-view is enabled by default. Therefore, database queries may be performed during view rendering. Explicitly configure spring.jpa.open-in-view to disable this warning
2026-09-14T16:21:29.328+09:00  WARN 472 --- [mvc] [restartedMain] .s.a.UserDetailsServiceAutoConfiguration : 

Using generated security password: 8e84ea7f-410a-4818-b5bd-6ce245dd01a1

This generated password is for development use only. Your security configuration must be updated before running your application in production.

2026-09-14T16:21:29.329+09:00  INFO 472 --- [mvc] [restartedMain] r$InitializeUserDetailsManagerConfigurer : Global AuthenticationManager configured with UserDetailsService bean with name inMemoryUserDetailsManager
2026-09-14T16:21:29.359+09:00  INFO 472 --- [mvc] [restartedMain] o.s.b.w.a.WelcomePageHandlerMapping      : Adding welcome page template: index
2026-09-14T16:21:29.400+09:00  INFO 472 --- [mvc] [restartedMain] o.s.boot.tomcat.TomcatWebServer          : Tomcat started on port 8080 (http) with context path '/'
2026-09-14T16:21:29.402+09:00  INFO 472 --- [mvc] [restartedMain] com.aloha.mvc.MvcApplication             : Started MvcApplication in 0.605 seconds (process running for 1499.441)
2026-09-14T16:21:29.403+09:00  INFO 472 --- [mvc] [restartedMain] .ConditionEvaluationDeltaLoggingListener : Condition evaluation unchanged
2026-09-14T16:21:30.826+09:00  INFO 472 --- [mvc] [File Watcher] rtingClassPathChangeChangedEventListener : Restarting due to 1 class path change (0 additions, 0 deletions, 1 modification)
2026-09-14T16:21:30.827+09:00  INFO 472 --- [mvc] [Thread-242] o.s.boot.tomcat.GracefulShutdown         : Commencing graceful shutdown. Waiting for active requests to complete
2026-09-14T16:21:30.931+09:00  INFO 472 --- [mvc] [tomcat-shutdown] o.s.boot.tomcat.GracefulShutdown         : Graceful shutdown complete
2026-09-14T16:21:30.932+09:00  INFO 472 --- [mvc] [Thread-242] j.LocalContainerEntityManagerFactoryBean : Closing JPA EntityManagerFactory for persistence unit 'default'
2026-09-14T16:21:30.932+09:00  INFO 472 --- [mvc] [Thread-242] com.zaxxer.hikari.HikariDataSource       : HikariPool-65 - Shutdown initiated...
2026-09-14T16:21:30.935+09:00  INFO 472 --- [mvc] [Thread-242] com.zaxxer.hikari.HikariDataSource       : HikariPool-65 - Shutdown completed.
2026-09-14T16:21:31.228+09:00  INFO 472 --- [mvc] [restartedMain] com.aloha.mvc.MvcApplication             : Starting MvcApplication using Java 17.0.12 with PID 472 (C:\ALOHA\GITHUB\AIOT7_SPRINGBOOT\mvc\bin\main started by Admin in C:\ALOHA\GITHUB\AIOT7_SPRINGBOOT)
2026-09-14T16:21:31.229+09:00  INFO 472 --- [mvc] [restartedMain] com.aloha.mvc.MvcApplication             : No active profile set, falling back to 1 default profile: "default"
2026-09-14T16:21:31.450+09:00  INFO 472 --- [mvc] [restartedMain] .s.d.r.c.RepositoryConfigurationDelegate : Bootstrapping Spring Data JPA repositories in DEFAULT mode.
2026-09-14T16:21:31.462+09:00  INFO 472 --- [mvc] [restartedMain] .s.d.r.c.RepositoryConfigurationDelegate : Finished Spring Data repository scanning in 10 ms. Found 2 JPA repository interfaces.
2026-09-14T16:21:31.526+09:00  INFO 472 --- [mvc] [restartedMain] o.s.boot.tomcat.TomcatWebServer          : Tomcat initialized with port 8080 (http)
2026-09-14T16:21:31.526+09:00  INFO 472 --- [mvc] [restartedMain] o.apache.catalina.core.StandardService   : Starting service [Tomcat]
2026-09-14T16:21:31.527+09:00  INFO 472 --- [mvc] [restartedMain] o.apache.catalina.core.StandardEngine    : Starting Servlet engine: [Apache Tomcat/11.0.24]
2026-09-14T16:21:31.543+09:00  INFO 472 --- [mvc] [restartedMain] b.w.c.s.WebApplicationContextInitializer : Root WebApplicationContext: initialization completed in 313 ms
2026-09-14T16:21:31.565+09:00  INFO 472 --- [mvc] [restartedMain] org.hibernate.orm.jpa                    : HHH008540: Processing PersistenceUnitInfo [name: default]
2026-09-14T16:21:31.618+09:00  INFO 472 --- [mvc] [restartedMain] o.s.o.j.p.SpringPersistenceUnitInfo      : No LoadTimeWeaver setup: ignoring JPA class transformer
2026-09-14T16:21:31.620+09:00  INFO 472 --- [mvc] [restartedMain] com.zaxxer.hikari.HikariDataSource       : HikariPool-66 - Starting...
2026-09-14T16:21:31.624+09:00  INFO 472 --- [mvc] [restartedMain] com.zaxxer.hikari.pool.HikariPool        : HikariPool-66 - Added connection com.mysql.cj.jdbc.ConnectionImpl@31403d3d
2026-09-14T16:21:31.624+09:00  INFO 472 --- [mvc] [restartedMain] com.zaxxer.hikari.HikariDataSource       : HikariPool-66 - Start completed.
2026-09-14T16:21:31.626+09:00  INFO 472 --- [mvc] [restartedMain] org.hibernate.orm.connections.pooling    : HHH10001005: Database info:
	Database JDBC URL [jdbc:mysql://localhost:3306/aloha?serverTimezone=Asia/Seoul&allowPublicKeyRetrieval=true&useSSL=false]
	Database driver: MySQL Connector/J
	Database dialect: MySQLDialect
	Database version: 8.0.46
	Default catalog/schema: aloha/undefined
	Autocommit mode: undefined/unknown
	Isolation level: REPEATABLE_READ [default REPEATABLE_READ]
	JDBC fetch size: none
	Pool: DataSourceConnectionProvider
	Minimum pool size: undefined/unknown
	Maximum pool size: undefined/unknown
2026-09-14T16:21:31.685+09:00  INFO 472 --- [mvc] [restartedMain] org.hibernate.orm.core                   : HHH000489: No JTA platform available (set 'hibernate.transaction.jta.platform' to enable JTA platform integration)
2026-09-14T16:21:31.692+09:00  INFO 472 --- [mvc] [restartedMain] j.LocalContainerEntityManagerFactoryBean : Initialized JPA EntityManagerFactory for persistence unit 'default'
2026-09-14T16:21:31.732+09:00  WARN 472 --- [mvc] [restartedMain] JpaBaseConfiguration$JpaWebConfiguration : spring.jpa.open-in-view is enabled by default. Therefore, database queries may be performed during view rendering. Explicitly configure spring.jpa.open-in-view to disable this warning
2026-09-14T16:21:31.747+09:00  WARN 472 --- [mvc] [restartedMain] .s.a.UserDetailsServiceAutoConfiguration : 

Using generated security password: 27b15208-1fe8-4196-83ac-99f21762bc54

This generated password is for development use only. Your security configuration must be updated before running your application in production.

2026-09-14T16:21:31.748+09:00  INFO 472 --- [mvc] [restartedMain] r$InitializeUserDetailsManagerConfigurer : Global AuthenticationManager configured with UserDetailsService bean with name inMemoryUserDetailsManager
2026-09-14T16:21:31.777+09:00  INFO 472 --- [mvc] [restartedMain] o.s.b.w.a.WelcomePageHandlerMapping      : Adding welcome page template: index
2026-09-14T16:21:31.822+09:00  INFO 472 --- [mvc] [restartedMain] o.s.boot.tomcat.TomcatWebServer          : Tomcat started on port 8080 (http) with context path '/'
2026-09-14T16:21:31.823+09:00  INFO 472 --- [mvc] [restartedMain] com.aloha.mvc.MvcApplication             : Started MvcApplication in 0.782 seconds (process running for 1501.862)
2026-09-14T16:21:31.824+09:00  INFO 472 --- [mvc] [restartedMain] .ConditionEvaluationDeltaLoggingListener : Condition evaluation unchanged
2026-09-14T16:21:37.426+09:00  INFO 472 --- [mvc] [File Watcher] rtingClassPathChangeChangedEventListener : Restarting due to 1 class path change (0 additions, 0 deletions, 1 modification)
2026-09-14T16:21:37.427+09:00  INFO 472 --- [mvc] [Thread-252] o.s.boot.tomcat.GracefulShutdown         : Commencing graceful shutdown. Waiting for active requests to complete
2026-09-14T16:21:37.514+09:00  INFO 472 --- [mvc] [tomcat-shutdown] o.s.boot.tomcat.GracefulShutdown         : Graceful shutdown complete
2026-09-14T16:21:37.516+09:00  INFO 472 --- [mvc] [Thread-252] j.LocalContainerEntityManagerFactoryBean : Closing JPA EntityManagerFactory for persistence unit 'default'
2026-09-14T16:21:37.517+09:00  INFO 472 --- [mvc] [Thread-252] com.zaxxer.hikari.HikariDataSource       : HikariPool-66 - Shutdown initiated...
2026-09-14T16:21:37.526+09:00  INFO 472 --- [mvc] [Thread-252] com.zaxxer.hikari.HikariDataSource       : HikariPool-66 - Shutdown completed.
2026-09-14T16:21:37.640+09:00  INFO 472 --- [mvc] [restartedMain] com.aloha.mvc.MvcApplication             : Starting MvcApplication using Java 17.0.12 with PID 472 (C:\ALOHA\GITHUB\AIOT7_SPRINGBOOT\mvc\bin\main started by Admin in C:\ALOHA\GITHUB\AIOT7_SPRINGBOOT)
2026-09-14T16:21:37.640+09:00  INFO 472 --- [mvc] [restartedMain] com.aloha.mvc.MvcApplication             : No active profile set, falling back to 1 default profile: "default"
2026-09-14T16:21:37.823+09:00  INFO 472 --- [mvc] [restartedMain] .s.d.r.c.RepositoryConfigurationDelegate : Bootstrapping Spring Data JPA repositories in DEFAULT mode.
2026-09-14T16:21:37.831+09:00  INFO 472 --- [mvc] [restartedMain] .s.d.r.c.RepositoryConfigurationDelegate : Finished Spring Data repository scanning in 8 ms. Found 2 JPA repository interfaces.
2026-09-14T16:21:37.903+09:00  INFO 472 --- [mvc] [restartedMain] o.s.boot.tomcat.TomcatWebServer          : Tomcat initialized with port 8080 (http)
2026-09-14T16:21:37.904+09:00  INFO 472 --- [mvc] [restartedMain] o.apache.catalina.core.StandardService   : Starting service [Tomcat]
2026-09-14T16:21:37.905+09:00  INFO 472 --- [mvc] [restartedMain] o.apache.catalina.core.StandardEngine    : Starting Servlet engine: [Apache Tomcat/11.0.24]
2026-09-14T16:21:37.924+09:00  INFO 472 --- [mvc] [restartedMain] b.w.c.s.WebApplicationContextInitializer : Root WebApplicationContext: initialization completed in 282 ms
2026-09-14T16:21:37.975+09:00  INFO 472 --- [mvc] [restartedMain] org.hibernate.orm.jpa                    : HHH008540: Processing PersistenceUnitInfo [name: default]
2026-09-14T16:21:38.034+09:00  INFO 472 --- [mvc] [restartedMain] o.s.o.j.p.SpringPersistenceUnitInfo      : No LoadTimeWeaver setup: ignoring JPA class transformer
2026-09-14T16:21:38.042+09:00  INFO 472 --- [mvc] [restartedMain] com.zaxxer.hikari.HikariDataSource       : HikariPool-67 - Starting...
2026-09-14T16:21:38.044+09:00  INFO 472 --- [mvc] [restartedMain] com.zaxxer.hikari.pool.HikariPool        : HikariPool-67 - Added connection com.mysql.cj.jdbc.ConnectionImpl@54682094
2026-09-14T16:21:38.045+09:00  INFO 472 --- [mvc] [restartedMain] com.zaxxer.hikari.HikariDataSource       : HikariPool-67 - Start completed.
2026-09-14T16:21:38.046+09:00  INFO 472 --- [mvc] [restartedMain] org.hibernate.orm.connections.pooling    : HHH10001005: Database info:
	Database JDBC URL [jdbc:mysql://localhost:3306/aloha?serverTimezone=Asia/Seoul&allowPublicKeyRetrieval=true&useSSL=false]
	Database driver: MySQL Connector/J
	Database dialect: MySQLDialect
	Database version: 8.0.46
	Default catalog/schema: aloha/undefined
	Autocommit mode: undefined/unknown
	Isolation level: REPEATABLE_READ [default REPEATABLE_READ]
	JDBC fetch size: none
	Pool: DataSourceConnectionProvider
	Minimum pool size: undefined/unknown
	Maximum pool size: undefined/unknown
2026-09-14T16:21:38.098+09:00  INFO 472 --- [mvc] [restartedMain] org.hibernate.orm.core                   : HHH000489: No JTA platform available (set 'hibernate.transaction.jta.platform' to enable JTA platform integration)
2026-09-14T16:21:38.113+09:00  INFO 472 --- [mvc] [restartedMain] j.LocalContainerEntityManagerFactoryBean : Initialized JPA EntityManagerFactory for persistence unit 'default'
2026-09-14T16:21:38.155+09:00  WARN 472 --- [mvc] [restartedMain] JpaBaseConfiguration$JpaWebConfiguration : spring.jpa.open-in-view is enabled by default. Therefore, database queries may be performed during view rendering. Explicitly configure spring.jpa.open-in-view to disable this warning
2026-09-14T16:21:38.167+09:00  WARN 472 --- [mvc] [restartedMain] .s.a.UserDetailsServiceAutoConfiguration : 

Using generated security password: 4a9eccb1-66f0-4bee-9aa3-31f6c0418643

This generated password is for development use only. Your security configuration must be updated before running your application in production.

2026-09-14T16:21:38.169+09:00  INFO 472 --- [mvc] [restartedMain] r$InitializeUserDetailsManagerConfigurer : Global AuthenticationManager configured with UserDetailsService bean with name inMemoryUserDetailsManager
2026-09-14T16:21:38.199+09:00  INFO 472 --- [mvc] [restartedMain] o.s.b.w.a.WelcomePageHandlerMapping      : Adding welcome page template: index
2026-09-14T16:21:38.241+09:00  INFO 472 --- [mvc] [restartedMain] o.s.boot.tomcat.TomcatWebServer          : Tomcat started on port 8080 (http) with context path '/'
2026-09-14T16:21:38.245+09:00  INFO 472 --- [mvc] [restartedMain] com.aloha.mvc.MvcApplication             : Started MvcApplication in 0.627 seconds (process running for 1508.284)
2026-09-14T16:21:38.246+09:00  INFO 472 --- [mvc] [restartedMain] .ConditionEvaluationDeltaLoggingListener : Condition evaluation unchanged
2026-09-14T16:21:45.877+09:00  INFO 472 --- [mvc] [File Watcher] rtingClassPathChangeChangedEventListener : Restarting due to 1 class path change (0 additions, 0 deletions, 1 modification)
2026-09-14T16:21:45.878+09:00  INFO 472 --- [mvc] [Thread-256] o.s.boot.tomcat.GracefulShutdown         : Commencing graceful shutdown. Waiting for active requests to complete
2026-09-14T16:21:45.970+09:00  INFO 472 --- [mvc] [tomcat-shutdown] o.s.boot.tomcat.GracefulShutdown         : Graceful shutdown complete
2026-09-14T16:21:45.972+09:00  INFO 472 --- [mvc] [Thread-256] j.LocalContainerEntityManagerFactoryBean : Closing JPA EntityManagerFactory for persistence unit 'default'
2026-09-14T16:21:45.972+09:00  INFO 472 --- [mvc] [Thread-256] com.zaxxer.hikari.HikariDataSource       : HikariPool-67 - Shutdown initiated...
2026-09-14T16:21:45.973+09:00  INFO 472 --- [mvc] [Thread-256] com.zaxxer.hikari.HikariDataSource       : HikariPool-67 - Shutdown completed.
2026-09-14T16:21:46.113+09:00  INFO 472 --- [mvc] [restartedMain] com.aloha.mvc.MvcApplication             : Starting MvcApplication using Java 17.0.12 with PID 472 (C:\ALOHA\GITHUB\AIOT7_SPRINGBOOT\mvc\bin\main started by Admin in C:\ALOHA\GITHUB\AIOT7_SPRINGBOOT)
2026-09-14T16:21:46.113+09:00  INFO 472 --- [mvc] [restartedMain] com.aloha.mvc.MvcApplication             : No active profile set, falling back to 1 default profile: "default"
2026-09-14T16:21:46.606+09:00  INFO 472 --- [mvc] [restartedMain] .s.d.r.c.RepositoryConfigurationDelegate : Bootstrapping Spring Data JPA repositories in DEFAULT mode.
2026-09-14T16:21:46.620+09:00  INFO 472 --- [mvc] [restartedMain] .s.d.r.c.RepositoryConfigurationDelegate : Finished Spring Data repository scanning in 11 ms. Found 2 JPA repository interfaces.
2026-09-14T16:21:46.716+09:00  INFO 472 --- [mvc] [restartedMain] o.s.boot.tomcat.TomcatWebServer          : Tomcat initialized with port 8080 (http)
2026-09-14T16:21:46.716+09:00  INFO 472 --- [mvc] [restartedMain] o.apache.catalina.core.StandardService   : Starting service [Tomcat]
2026-09-14T16:21:46.716+09:00  INFO 472 --- [mvc] [restartedMain] o.apache.catalina.core.StandardEngine    : Starting Servlet engine: [Apache Tomcat/11.0.24]
2026-09-14T16:21:46.738+09:00  INFO 472 --- [mvc] [restartedMain] b.w.c.s.WebApplicationContextInitializer : Root WebApplicationContext: initialization completed in 624 ms
2026-09-14T16:21:46.767+09:00  INFO 472 --- [mvc] [restartedMain] org.hibernate.orm.jpa                    : HHH008540: Processing PersistenceUnitInfo [name: default]
2026-09-14T16:21:46.813+09:00  INFO 472 --- [mvc] [restartedMain] o.s.o.j.p.SpringPersistenceUnitInfo      : No LoadTimeWeaver setup: ignoring JPA class transformer
2026-09-14T16:21:46.814+09:00  INFO 472 --- [mvc] [restartedMain] com.zaxxer.hikari.HikariDataSource       : HikariPool-68 - Starting...
2026-09-14T16:21:46.816+09:00  INFO 472 --- [mvc] [restartedMain] com.zaxxer.hikari.pool.HikariPool        : HikariPool-68 - Added connection com.mysql.cj.jdbc.ConnectionImpl@78e7b818
2026-09-14T16:21:46.816+09:00  INFO 472 --- [mvc] [restartedMain] com.zaxxer.hikari.HikariDataSource       : HikariPool-68 - Start completed.
2026-09-14T16:21:46.817+09:00  INFO 472 --- [mvc] [restartedMain] org.hibernate.orm.connections.pooling    : HHH10001005: Database info:
	Database JDBC URL [jdbc:mysql://localhost:3306/aloha?serverTimezone=Asia/Seoul&allowPublicKeyRetrieval=true&useSSL=false]
	Database driver: MySQL Connector/J
	Database dialect: MySQLDialect
	Database version: 8.0.46
	Default catalog/schema: aloha/undefined
	Autocommit mode: undefined/unknown
	Isolation level: REPEATABLE_READ [default REPEATABLE_READ]
	JDBC fetch size: none
	Pool: DataSourceConnectionProvider
	Minimum pool size: undefined/unknown
	Maximum pool size: undefined/unknown
2026-09-14T16:21:46.920+09:00  INFO 472 --- [mvc] [restartedMain] org.hibernate.orm.core                   : HHH000489: No JTA platform available (set 'hibernate.transaction.jta.platform' to enable JTA platform integration)
2026-09-14T16:21:46.927+09:00  INFO 472 --- [mvc] [restartedMain] j.LocalContainerEntityManagerFactoryBean : Initialized JPA EntityManagerFactory for persistence unit 'default'
2026-09-14T16:21:46.993+09:00  WARN 472 --- [mvc] [restartedMain] JpaBaseConfiguration$JpaWebConfiguration : spring.jpa.open-in-view is enabled by default. Therefore, database queries may be performed during view rendering. Explicitly configure spring.jpa.open-in-view to disable this warning
2026-09-14T16:21:47.034+09:00  WARN 472 --- [mvc] [restartedMain] .s.a.UserDetailsServiceAutoConfiguration : 

Using generated security password: 8c3f2c4a-5ecc-4776-8cc0-d472713c5edb

This generated password is for development use only. Your security configuration must be updated before running your application in production.

2026-09-14T16:21:47.043+09:00  INFO 472 --- [mvc] [restartedMain] r$InitializeUserDetailsManagerConfigurer : Global AuthenticationManager configured with UserDetailsService bean with name inMemoryUserDetailsManager
2026-09-14T16:21:47.102+09:00  INFO 472 --- [mvc] [restartedMain] o.s.b.w.a.WelcomePageHandlerMapping      : Adding welcome page template: index
2026-09-14T16:21:47.361+09:00  INFO 472 --- [mvc] [restartedMain] o.s.boot.tomcat.TomcatWebServer          : Tomcat started on port 8080 (http) with context path '/'
2026-09-14T16:21:47.484+09:00  INFO 472 --- [mvc] [restartedMain] com.aloha.mvc.MvcApplication             : Started MvcApplication in 1.399 seconds (process running for 1517.523)
2026-09-14T16:21:47.502+09:00  INFO 472 --- [mvc] [restartedMain] .ConditionEvaluationDeltaLoggingListener : Condition evaluation unchanged
2026-09-14T16:21:48.820+09:00  INFO 472 --- [mvc] [File Watcher] rtingClassPathChangeChangedEventListener : Restarting due to 1 class path change (0 additions, 0 deletions, 1 modification)
2026-09-14T16:21:48.821+09:00  INFO 472 --- [mvc] [Thread-260] o.s.boot.tomcat.GracefulShutdown         : Commencing graceful shutdown. Waiting for active requests to complete
2026-09-14T16:21:48.915+09:00  INFO 472 --- [mvc] [tomcat-shutdown] o.s.boot.tomcat.GracefulShutdown         : Graceful shutdown complete
2026-09-14T16:21:48.916+09:00  INFO 472 --- [mvc] [Thread-260] j.LocalContainerEntityManagerFactoryBean : Closing JPA EntityManagerFactory for persistence unit 'default'
2026-09-14T16:21:48.916+09:00  INFO 472 --- [mvc] [Thread-260] com.zaxxer.hikari.HikariDataSource       : HikariPool-68 - Shutdown initiated...
2026-09-14T16:21:48.917+09:00  INFO 472 --- [mvc] [Thread-260] com.zaxxer.hikari.HikariDataSource       : HikariPool-68 - Shutdown completed.
2026-09-14T16:21:49.038+09:00  INFO 472 --- [mvc] [restartedMain] com.aloha.mvc.MvcApplication             : Starting MvcApplication using Java 17.0.12 with PID 472 (C:\ALOHA\GITHUB\AIOT7_SPRINGBOOT\mvc\bin\main started by Admin in C:\ALOHA\GITHUB\AIOT7_SPRINGBOOT)
2026-09-14T16:21:49.038+09:00  INFO 472 --- [mvc] [restartedMain] com.aloha.mvc.MvcApplication             : No active profile set, falling back to 1 default profile: "default"
2026-09-14T16:21:49.246+09:00  INFO 472 --- [mvc] [restartedMain] .s.d.r.c.RepositoryConfigurationDelegate : Bootstrapping Spring Data JPA repositories in DEFAULT mode.
2026-09-14T16:21:49.271+09:00  INFO 472 --- [mvc] [restartedMain] .s.d.r.c.RepositoryConfigurationDelegate : Finished Spring Data repository scanning in 23 ms. Found 2 JPA repository interfaces.
2026-09-14T16:21:49.346+09:00  INFO 472 --- [mvc] [restartedMain] o.s.boot.tomcat.TomcatWebServer          : Tomcat initialized with port 8080 (http)
2026-09-14T16:21:49.347+09:00  INFO 472 --- [mvc] [restartedMain] o.apache.catalina.core.StandardService   : Starting service [Tomcat]
2026-09-14T16:21:49.348+09:00  INFO 472 --- [mvc] [restartedMain] o.apache.catalina.core.StandardEngine    : Starting Servlet engine: [Apache Tomcat/11.0.24]
2026-09-14T16:21:49.373+09:00  INFO 472 --- [mvc] [restartedMain] b.w.c.s.WebApplicationContextInitializer : Root WebApplicationContext: initialization completed in 334 ms
2026-09-14T16:21:49.403+09:00  INFO 472 --- [mvc] [restartedMain] org.hibernate.orm.jpa                    : HHH008540: Processing PersistenceUnitInfo [name: default]
2026-09-14T16:21:49.476+09:00  INFO 472 --- [mvc] [restartedMain] o.s.o.j.p.SpringPersistenceUnitInfo      : No LoadTimeWeaver setup: ignoring JPA class transformer
2026-09-14T16:21:49.477+09:00  INFO 472 --- [mvc] [restartedMain] com.zaxxer.hikari.HikariDataSource       : HikariPool-69 - Starting...
2026-09-14T16:21:49.479+09:00  INFO 472 --- [mvc] [restartedMain] com.zaxxer.hikari.pool.HikariPool        : HikariPool-69 - Added connection com.mysql.cj.jdbc.ConnectionImpl@3b0abf2e
2026-09-14T16:21:49.479+09:00  INFO 472 --- [mvc] [restartedMain] com.zaxxer.hikari.HikariDataSource       : HikariPool-69 - Start completed.
2026-09-14T16:21:49.480+09:00  INFO 472 --- [mvc] [restartedMain] org.hibernate.orm.connections.pooling    : HHH10001005: Database info:
	Database JDBC URL [jdbc:mysql://localhost:3306/aloha?serverTimezone=Asia/Seoul&allowPublicKeyRetrieval=true&useSSL=false]
	Database driver: MySQL Connector/J
	Database dialect: MySQLDialect
	Database version: 8.0.46
	Default catalog/schema: aloha/undefined
	Autocommit mode: undefined/unknown
	Isolation level: REPEATABLE_READ [default REPEATABLE_READ]
	JDBC fetch size: none
	Pool: DataSourceConnectionProvider
	Minimum pool size: undefined/unknown
	Maximum pool size: undefined/unknown
2026-09-14T16:21:49.541+09:00  INFO 472 --- [mvc] [restartedMain] org.hibernate.orm.core                   : HHH000489: No JTA platform available (set 'hibernate.transaction.jta.platform' to enable JTA platform integration)
2026-09-14T16:21:49.548+09:00  INFO 472 --- [mvc] [restartedMain] j.LocalContainerEntityManagerFactoryBean : Initialized JPA EntityManagerFactory for persistence unit 'default'
2026-09-14T16:21:49.609+09:00  WARN 472 --- [mvc] [restartedMain] JpaBaseConfiguration$JpaWebConfiguration : spring.jpa.open-in-view is enabled by default. Therefore, database queries may be performed during view rendering. Explicitly configure spring.jpa.open-in-view to disable this warning
2026-09-14T16:21:49.630+09:00  WARN 472 --- [mvc] [restartedMain] .s.a.UserDetailsServiceAutoConfiguration : 

Using generated security password: 4078d583-a0b6-4854-8a3e-34513edce718

This generated password is for development use only. Your security configuration must be updated before running your application in production.

2026-09-14T16:21:49.632+09:00  INFO 472 --- [mvc] [restartedMain] r$InitializeUserDetailsManagerConfigurer : Global AuthenticationManager configured with UserDetailsService bean with name inMemoryUserDetailsManager
2026-09-14T16:21:49.681+09:00  INFO 472 --- [mvc] [restartedMain] o.s.b.w.a.WelcomePageHandlerMapping      : Adding welcome page template: index
2026-09-14T16:21:49.753+09:00  INFO 472 --- [mvc] [restartedMain] o.s.boot.tomcat.TomcatWebServer          : Tomcat started on port 8080 (http) with context path '/'
2026-09-14T16:21:49.754+09:00  INFO 472 --- [mvc] [restartedMain] com.aloha.mvc.MvcApplication             : Started MvcApplication in 0.736 seconds (process running for 1519.793)
2026-09-14T16:21:49.756+09:00  INFO 472 --- [mvc] [restartedMain] .ConditionEvaluationDeltaLoggingListener : Condition evaluation unchanged
2026-09-14T16:21:52.209+09:00  INFO 472 --- [mvc] [File Watcher] rtingClassPathChangeChangedEventListener : Restarting due to 1 class path change (0 additions, 0 deletions, 1 modification)
2026-09-14T16:21:52.210+09:00  INFO 472 --- [mvc] [Thread-264] o.s.boot.tomcat.GracefulShutdown         : Commencing graceful shutdown. Waiting for active requests to complete
2026-09-14T16:21:52.470+09:00  INFO 472 --- [mvc] [tomcat-shutdown] o.s.boot.tomcat.GracefulShutdown         : Graceful shutdown complete
2026-09-14T16:21:52.471+09:00  INFO 472 --- [mvc] [Thread-264] j.LocalContainerEntityManagerFactoryBean : Closing JPA EntityManagerFactory for persistence unit 'default'
2026-09-14T16:21:52.472+09:00  INFO 472 --- [mvc] [Thread-264] com.zaxxer.hikari.HikariDataSource       : HikariPool-69 - Shutdown initiated...
2026-09-14T16:21:52.473+09:00  INFO 472 --- [mvc] [Thread-264] com.zaxxer.hikari.HikariDataSource       : HikariPool-69 - Shutdown completed.
2026-09-14T16:21:52.648+09:00  INFO 472 --- [mvc] [restartedMain] com.aloha.mvc.MvcApplication             : Starting MvcApplication using Java 17.0.12 with PID 472 (C:\ALOHA\GITHUB\AIOT7_SPRINGBOOT\mvc\bin\main started by Admin in C:\ALOHA\GITHUB\AIOT7_SPRINGBOOT)
2026-09-14T16:21:52.649+09:00  INFO 472 --- [mvc] [restartedMain] com.aloha.mvc.MvcApplication             : No active profile set, falling back to 1 default profile: "default"
2026-09-14T16:21:52.873+09:00  INFO 472 --- [mvc] [restartedMain] .s.d.r.c.RepositoryConfigurationDelegate : Bootstrapping Spring Data JPA repositories in DEFAULT mode.
2026-09-14T16:21:52.884+09:00  INFO 472 --- [mvc] [restartedMain] .s.d.r.c.RepositoryConfigurationDelegate : Finished Spring Data repository scanning in 8 ms. Found 2 JPA repository interfaces.
2026-09-14T16:21:52.979+09:00  INFO 472 --- [mvc] [restartedMain] o.s.boot.tomcat.TomcatWebServer          : Tomcat initialized with port 8080 (http)
2026-09-14T16:21:52.981+09:00  INFO 472 --- [mvc] [restartedMain] o.apache.catalina.core.StandardService   : Starting service [Tomcat]
2026-09-14T16:21:52.981+09:00  INFO 472 --- [mvc] [restartedMain] o.apache.catalina.core.StandardEngine    : Starting Servlet engine: [Apache Tomcat/11.0.24]
2026-09-14T16:21:52.999+09:00  INFO 472 --- [mvc] [restartedMain] b.w.c.s.WebApplicationContextInitializer : Root WebApplicationContext: initialization completed in 348 ms
2026-09-14T16:21:53.048+09:00  INFO 472 --- [mvc] [restartedMain] org.hibernate.orm.jpa                    : HHH008540: Processing PersistenceUnitInfo [name: default]
2026-09-14T16:21:53.102+09:00  INFO 472 --- [mvc] [restartedMain] o.s.o.j.p.SpringPersistenceUnitInfo      : No LoadTimeWeaver setup: ignoring JPA class transformer
2026-09-14T16:21:53.105+09:00  INFO 472 --- [mvc] [restartedMain] com.zaxxer.hikari.HikariDataSource       : HikariPool-70 - Starting...
2026-09-14T16:21:53.108+09:00  INFO 472 --- [mvc] [restartedMain] com.zaxxer.hikari.pool.HikariPool        : HikariPool-70 - Added connection com.mysql.cj.jdbc.ConnectionImpl@4d4a3ab3
2026-09-14T16:21:53.108+09:00  INFO 472 --- [mvc] [restartedMain] com.zaxxer.hikari.HikariDataSource       : HikariPool-70 - Start completed.
2026-09-14T16:21:53.109+09:00  INFO 472 --- [mvc] [restartedMain] org.hibernate.orm.connections.pooling    : HHH10001005: Database info:
	Database JDBC URL [jdbc:mysql://localhost:3306/aloha?serverTimezone=Asia/Seoul&allowPublicKeyRetrieval=true&useSSL=false]
	Database driver: MySQL Connector/J
	Database dialect: MySQLDialect
	Database version: 8.0.46
	Default catalog/schema: aloha/undefined
	Autocommit mode: undefined/unknown
	Isolation level: REPEATABLE_READ [default REPEATABLE_READ]
	JDBC fetch size: none
	Pool: DataSourceConnectionProvider
	Minimum pool size: undefined/unknown
	Maximum pool size: undefined/unknown
2026-09-14T16:21:53.160+09:00  INFO 472 --- [mvc] [restartedMain] org.hibernate.orm.core                   : HHH000489: No JTA platform available (set 'hibernate.transaction.jta.platform' to enable JTA platform integration)
2026-09-14T16:21:53.168+09:00  INFO 472 --- [mvc] [restartedMain] j.LocalContainerEntityManagerFactoryBean : Initialized JPA EntityManagerFactory for persistence unit 'default'
2026-09-14T16:21:53.210+09:00  WARN 472 --- [mvc] [restartedMain] JpaBaseConfiguration$JpaWebConfiguration : spring.jpa.open-in-view is enabled by default. Therefore, database queries may be performed during view rendering. Explicitly configure spring.jpa.open-in-view to disable this warning
2026-09-14T16:21:53.225+09:00  WARN 472 --- [mvc] [restartedMain] .s.a.UserDetailsServiceAutoConfiguration : 

Using generated security password: 6454e9e3-d7c4-4545-b3fb-35b88e02c9b3

This generated password is for development use only. Your security configuration must be updated before running your application in production.

2026-09-14T16:21:53.226+09:00  INFO 472 --- [mvc] [restartedMain] r$InitializeUserDetailsManagerConfigurer : Global AuthenticationManager configured with UserDetailsService bean with name inMemoryUserDetailsManager
2026-09-14T16:21:53.251+09:00  INFO 472 --- [mvc] [restartedMain] o.s.b.w.a.WelcomePageHandlerMapping      : Adding welcome page template: index
2026-09-14T16:21:53.325+09:00  INFO 472 --- [mvc] [restartedMain] o.s.boot.tomcat.TomcatWebServer          : Tomcat started on port 8080 (http) with context path '/'
2026-09-14T16:21:53.333+09:00  INFO 472 --- [mvc] [restartedMain] com.aloha.mvc.MvcApplication             : Started MvcApplication in 0.714 seconds (process running for 1523.372)
2026-09-14T16:21:53.335+09:00  INFO 472 --- [mvc] [restartedMain] .ConditionEvaluationDeltaLoggingListener : Condition evaluation unchanged
2026-09-14T16:21:54.717+09:00  INFO 472 --- [mvc] [File Watcher] rtingClassPathChangeChangedEventListener : Restarting due to 1 class path change (0 additions, 0 deletions, 1 modification)
2026-09-14T16:21:54.719+09:00  INFO 472 --- [mvc] [Thread-268] o.s.boot.tomcat.GracefulShutdown         : Commencing graceful shutdown. Waiting for active requests to complete
2026-09-14T16:21:54.880+09:00  INFO 472 --- [mvc] [tomcat-shutdown] o.s.boot.tomcat.GracefulShutdown         : Graceful shutdown complete
2026-09-14T16:21:54.881+09:00  INFO 472 --- [mvc] [Thread-268] j.LocalContainerEntityManagerFactoryBean : Closing JPA EntityManagerFactory for persistence unit 'default'
2026-09-14T16:21:54.881+09:00  INFO 472 --- [mvc] [Thread-268] com.zaxxer.hikari.HikariDataSource       : HikariPool-70 - Shutdown initiated...
2026-09-14T16:21:54.882+09:00  INFO 472 --- [mvc] [Thread-268] com.zaxxer.hikari.HikariDataSource       : HikariPool-70 - Shutdown completed.
2026-09-14T16:21:54.996+09:00  INFO 472 --- [mvc] [restartedMain] com.aloha.mvc.MvcApplication             : Starting MvcApplication using Java 17.0.12 with PID 472 (C:\ALOHA\GITHUB\AIOT7_SPRINGBOOT\mvc\bin\main started by Admin in C:\ALOHA\GITHUB\AIOT7_SPRINGBOOT)
2026-09-14T16:21:54.997+09:00  INFO 472 --- [mvc] [restartedMain] com.aloha.mvc.MvcApplication             : No active profile set, falling back to 1 default profile: "default"
2026-09-14T16:21:55.283+09:00  INFO 472 --- [mvc] [restartedMain] .s.d.r.c.RepositoryConfigurationDelegate : Bootstrapping Spring Data JPA repositories in DEFAULT mode.
2026-09-14T16:21:55.292+09:00  INFO 472 --- [mvc] [restartedMain] .s.d.r.c.RepositoryConfigurationDelegate : Finished Spring Data repository scanning in 8 ms. Found 2 JPA repository interfaces.
2026-09-14T16:21:55.392+09:00  INFO 472 --- [mvc] [restartedMain] o.s.boot.tomcat.TomcatWebServer          : Tomcat initialized with port 8080 (http)
2026-09-14T16:21:55.392+09:00  INFO 472 --- [mvc] [restartedMain] o.apache.catalina.core.StandardService   : Starting service [Tomcat]
2026-09-14T16:21:55.392+09:00  INFO 472 --- [mvc] [restartedMain] o.apache.catalina.core.StandardEngine    : Starting Servlet engine: [Apache Tomcat/11.0.24]
2026-09-14T16:21:55.411+09:00  INFO 472 --- [mvc] [restartedMain] b.w.c.s.WebApplicationContextInitializer : Root WebApplicationContext: initialization completed in 413 ms
2026-09-14T16:21:55.438+09:00  INFO 472 --- [mvc] [restartedMain] org.hibernate.orm.jpa                    : HHH008540: Processing PersistenceUnitInfo [name: default]
2026-09-14T16:21:55.491+09:00  INFO 472 --- [mvc] [restartedMain] o.s.o.j.p.SpringPersistenceUnitInfo      : No LoadTimeWeaver setup: ignoring JPA class transformer
2026-09-14T16:21:55.492+09:00  INFO 472 --- [mvc] [restartedMain] com.zaxxer.hikari.HikariDataSource       : HikariPool-71 - Starting...
2026-09-14T16:21:55.494+09:00  INFO 472 --- [mvc] [restartedMain] com.zaxxer.hikari.pool.HikariPool        : HikariPool-71 - Added connection com.mysql.cj.jdbc.ConnectionImpl@6f962507
2026-09-14T16:21:55.494+09:00  INFO 472 --- [mvc] [restartedMain] com.zaxxer.hikari.HikariDataSource       : HikariPool-71 - Start completed.
2026-09-14T16:21:55.496+09:00  INFO 472 --- [mvc] [restartedMain] org.hibernate.orm.connections.pooling    : HHH10001005: Database info:
	Database JDBC URL [jdbc:mysql://localhost:3306/aloha?serverTimezone=Asia/Seoul&allowPublicKeyRetrieval=true&useSSL=false]
	Database driver: MySQL Connector/J
	Database dialect: MySQLDialect
	Database version: 8.0.46
	Default catalog/schema: aloha/undefined
	Autocommit mode: undefined/unknown
	Isolation level: REPEATABLE_READ [default REPEATABLE_READ]
	JDBC fetch size: none
	Pool: DataSourceConnectionProvider
	Minimum pool size: undefined/unknown
	Maximum pool size: undefined/unknown
2026-09-14T16:21:55.546+09:00  INFO 472 --- [mvc] [restartedMain] org.hibernate.orm.core                   : HHH000489: No JTA platform available (set 'hibernate.transaction.jta.platform' to enable JTA platform integration)
2026-09-14T16:21:55.554+09:00  INFO 472 --- [mvc] [restartedMain] j.LocalContainerEntityManagerFactoryBean : Initialized JPA EntityManagerFactory for persistence unit 'default'
2026-09-14T16:21:55.605+09:00  WARN 472 --- [mvc] [restartedMain] JpaBaseConfiguration$JpaWebConfiguration : spring.jpa.open-in-view is enabled by default. Therefore, database queries may be performed during view rendering. Explicitly configure spring.jpa.open-in-view to disable this warning
2026-09-14T16:21:55.628+09:00  WARN 472 --- [mvc] [restartedMain] .s.a.UserDetailsServiceAutoConfiguration : 

Using generated security password: 578ec160-f1ad-49f7-9439-f226942ca7ed

This generated password is for development use only. Your security configuration must be updated before running your application in production.

2026-09-14T16:21:55.629+09:00  INFO 472 --- [mvc] [restartedMain] r$InitializeUserDetailsManagerConfigurer : Global AuthenticationManager configured with UserDetailsService bean with name inMemoryUserDetailsManager
2026-09-14T16:21:55.681+09:00  INFO 472 --- [mvc] [restartedMain] o.s.b.w.a.WelcomePageHandlerMapping      : Adding welcome page template: index
2026-09-14T16:21:55.723+09:00  INFO 472 --- [mvc] [restartedMain] o.s.boot.tomcat.TomcatWebServer          : Tomcat started on port 8080 (http) with context path '/'
2026-09-14T16:21:55.726+09:00  INFO 472 --- [mvc] [restartedMain] com.aloha.mvc.MvcApplication             : Started MvcApplication in 0.75 seconds (process running for 1525.765)
2026-09-14T16:21:55.727+09:00  INFO 472 --- [mvc] [restartedMain] .ConditionEvaluationDeltaLoggingListener : Condition evaluation unchanged
2026-09-14T16:23:29.453+09:00  INFO 472 --- [mvc] [File Watcher] rtingClassPathChangeChangedEventListener : Restarting due to 1 class path change (0 additions, 0 deletions, 1 modification)
2026-09-14T16:23:29.454+09:00  INFO 472 --- [mvc] [Thread-272] o.s.boot.tomcat.GracefulShutdown         : Commencing graceful shutdown. Waiting for active requests to complete
2026-09-14T16:23:29.543+09:00  INFO 472 --- [mvc] [tomcat-shutdown] o.s.boot.tomcat.GracefulShutdown         : Graceful shutdown complete
2026-09-14T16:23:29.544+09:00  INFO 472 --- [mvc] [Thread-272] j.LocalContainerEntityManagerFactoryBean : Closing JPA EntityManagerFactory for persistence unit 'default'
2026-09-14T16:23:29.544+09:00  INFO 472 --- [mvc] [Thread-272] com.zaxxer.hikari.HikariDataSource       : HikariPool-71 - Shutdown initiated...
2026-09-14T16:23:29.545+09:00  INFO 472 --- [mvc] [Thread-272] com.zaxxer.hikari.HikariDataSource       : HikariPool-71 - Shutdown completed.
2026-09-14T16:23:29.644+09:00  INFO 472 --- [mvc] [restartedMain] com.aloha.mvc.MvcApplication             : Starting MvcApplication using Java 17.0.12 with PID 472 (C:\ALOHA\GITHUB\AIOT7_SPRINGBOOT\mvc\bin\main started by Admin in C:\ALOHA\GITHUB\AIOT7_SPRINGBOOT)
2026-09-14T16:23:29.644+09:00  INFO 472 --- [mvc] [restartedMain] com.aloha.mvc.MvcApplication             : No active profile set, falling back to 1 default profile: "default"
2026-09-14T16:23:29.813+09:00  INFO 472 --- [mvc] [restartedMain] .s.d.r.c.RepositoryConfigurationDelegate : Bootstrapping Spring Data JPA repositories in DEFAULT mode.
2026-09-14T16:23:29.831+09:00  INFO 472 --- [mvc] [restartedMain] .s.d.r.c.RepositoryConfigurationDelegate : Finished Spring Data repository scanning in 16 ms. Found 2 JPA repository interfaces.
2026-09-14T16:23:29.892+09:00  INFO 472 --- [mvc] [restartedMain] o.s.boot.tomcat.TomcatWebServer          : Tomcat initialized with port 8080 (http)
2026-09-14T16:23:29.892+09:00  INFO 472 --- [mvc] [restartedMain] o.apache.catalina.core.StandardService   : Starting service [Tomcat]
2026-09-14T16:23:29.892+09:00  INFO 472 --- [mvc] [restartedMain] o.apache.catalina.core.StandardEngine    : Starting Servlet engine: [Apache Tomcat/11.0.24]
2026-09-14T16:23:29.912+09:00  INFO 472 --- [mvc] [restartedMain] b.w.c.s.WebApplicationContextInitializer : Root WebApplicationContext: initialization completed in 267 ms
2026-09-14T16:23:29.934+09:00  INFO 472 --- [mvc] [restartedMain] org.hibernate.orm.jpa                    : HHH008540: Processing PersistenceUnitInfo [name: default]
2026-09-14T16:23:29.979+09:00  INFO 472 --- [mvc] [restartedMain] o.s.o.j.p.SpringPersistenceUnitInfo      : No LoadTimeWeaver setup: ignoring JPA class transformer
2026-09-14T16:23:29.980+09:00  INFO 472 --- [mvc] [restartedMain] com.zaxxer.hikari.HikariDataSource       : HikariPool-72 - Starting...
2026-09-14T16:23:29.982+09:00  INFO 472 --- [mvc] [restartedMain] com.zaxxer.hikari.pool.HikariPool        : HikariPool-72 - Added connection com.mysql.cj.jdbc.ConnectionImpl@66bfc195
2026-09-14T16:23:29.982+09:00  INFO 472 --- [mvc] [restartedMain] com.zaxxer.hikari.HikariDataSource       : HikariPool-72 - Start completed.
2026-09-14T16:23:29.983+09:00  INFO 472 --- [mvc] [restartedMain] org.hibernate.orm.connections.pooling    : HHH10001005: Database info:
	Database JDBC URL [jdbc:mysql://localhost:3306/aloha?serverTimezone=Asia/Seoul&allowPublicKeyRetrieval=true&useSSL=false]
	Database driver: MySQL Connector/J
	Database dialect: MySQLDialect
	Database version: 8.0.46
	Default catalog/schema: aloha/undefined
	Autocommit mode: undefined/unknown
	Isolation level: REPEATABLE_READ [default REPEATABLE_READ]
	JDBC fetch size: none
	Pool: DataSourceConnectionProvider
	Minimum pool size: undefined/unknown
	Maximum pool size: undefined/unknown
2026-09-14T16:23:30.031+09:00  INFO 472 --- [mvc] [restartedMain] org.hibernate.orm.core                   : HHH000489: No JTA platform available (set 'hibernate.transaction.jta.platform' to enable JTA platform integration)
2026-09-14T16:23:30.039+09:00  INFO 472 --- [mvc] [restartedMain] j.LocalContainerEntityManagerFactoryBean : Initialized JPA EntityManagerFactory for persistence unit 'default'
2026-09-14T16:23:30.077+09:00  WARN 472 --- [mvc] [restartedMain] JpaBaseConfiguration$JpaWebConfiguration : spring.jpa.open-in-view is enabled by default. Therefore, database queries may be performed during view rendering. Explicitly configure spring.jpa.open-in-view to disable this warning
2026-09-14T16:23:30.091+09:00  WARN 472 --- [mvc] [restartedMain] .s.a.UserDetailsServiceAutoConfiguration : 

Using generated security password: 9966e502-2c4d-4555-ab82-0721425169be

This generated password is for development use only. Your security configuration must be updated before running your application in production.

2026-09-14T16:23:30.091+09:00  INFO 472 --- [mvc] [restartedMain] r$InitializeUserDetailsManagerConfigurer : Global AuthenticationManager configured with UserDetailsService bean with name inMemoryUserDetailsManager
2026-09-14T16:23:30.127+09:00  INFO 472 --- [mvc] [restartedMain] o.s.b.w.a.WelcomePageHandlerMapping      : Adding welcome page template: index
2026-09-14T16:23:30.180+09:00  INFO 472 --- [mvc] [restartedMain] o.s.boot.tomcat.TomcatWebServer          : Tomcat started on port 8080 (http) with context path '/'
2026-09-14T16:23:30.182+09:00  INFO 472 --- [mvc] [restartedMain] com.aloha.mvc.MvcApplication             : Started MvcApplication in 0.559 seconds (process running for 1620.22)
2026-09-14T16:23:30.182+09:00  INFO 472 --- [mvc] [restartedMain] .ConditionEvaluationDeltaLoggingListener : Condition evaluation unchanged
2026-09-14T16:26:04.036+09:00  INFO 472 --- [mvc] [http-nio-8080-exec-3] o.a.c.c.C.[Tomcat-9].[localhost].[/]     : Initializing Spring DispatcherServlet 'dispatcherServlet'
2026-09-14T16:26:04.037+09:00  INFO 472 --- [mvc] [http-nio-8080-exec-3] o.s.web.servlet.DispatcherServlet        : Initializing Servlet 'dispatcherServlet'
2026-09-14T16:26:04.038+09:00  INFO 472 --- [mvc] [http-nio-8080-exec-3] o.s.web.servlet.DispatcherServlet        : Completed initialization in 1 ms
2026-09-14T16:29:12.178+09:00  INFO 472 --- [mvc] [File Watcher] rtingClassPathChangeChangedEventListener : Restarting due to 1 class path change (0 additions, 0 deletions, 1 modification)
2026-09-14T16:29:12.179+09:00  INFO 472 --- [mvc] [Thread-276] o.s.boot.tomcat.GracefulShutdown         : Commencing graceful shutdown. Waiting for active requests to complete
2026-09-14T16:29:12.298+09:00  INFO 472 --- [mvc] [tomcat-shutdown] o.s.boot.tomcat.GracefulShutdown         : Graceful shutdown complete
2026-09-14T16:29:12.300+09:00  INFO 472 --- [mvc] [Thread-276] j.LocalContainerEntityManagerFactoryBean : Closing JPA EntityManagerFactory for persistence unit 'default'
2026-09-14T16:29:12.300+09:00  INFO 472 --- [mvc] [Thread-276] com.zaxxer.hikari.HikariDataSource       : HikariPool-72 - Shutdown initiated...
2026-09-14T16:29:12.302+09:00  INFO 472 --- [mvc] [Thread-276] com.zaxxer.hikari.HikariDataSource       : HikariPool-72 - Shutdown completed.
2026-09-14T16:29:12.406+09:00  INFO 472 --- [mvc] [restartedMain] com.aloha.mvc.MvcApplication             : Starting MvcApplication using Java 17.0.12 with PID 472 (C:\ALOHA\GITHUB\AIOT7_SPRINGBOOT\mvc\bin\main started by Admin in C:\ALOHA\GITHUB\AIOT7_SPRINGBOOT)
2026-09-14T16:29:12.406+09:00  INFO 472 --- [mvc] [restartedMain] com.aloha.mvc.MvcApplication             : No active profile set, falling back to 1 default profile: "default"
2026-09-14T16:29:12.560+09:00  INFO 472 --- [mvc] [restartedMain] .s.d.r.c.RepositoryConfigurationDelegate : Bootstrapping Spring Data JPA repositories in DEFAULT mode.
2026-09-14T16:29:12.569+09:00  INFO 472 --- [mvc] [restartedMain] .s.d.r.c.RepositoryConfigurationDelegate : Finished Spring Data repository scanning in 8 ms. Found 2 JPA repository interfaces.
2026-09-14T16:29:12.631+09:00  INFO 472 --- [mvc] [restartedMain] o.s.boot.tomcat.TomcatWebServer          : Tomcat initialized with port 8080 (http)
2026-09-14T16:29:12.631+09:00  INFO 472 --- [mvc] [restartedMain] o.apache.catalina.core.StandardService   : Starting service [Tomcat]
2026-09-14T16:29:12.631+09:00  INFO 472 --- [mvc] [restartedMain] o.apache.catalina.core.StandardEngine    : Starting Servlet engine: [Apache Tomcat/11.0.24]
2026-09-14T16:29:12.650+09:00  INFO 472 --- [mvc] [restartedMain] b.w.c.s.WebApplicationContextInitializer : Root WebApplicationContext: initialization completed in 243 ms
2026-09-14T16:29:12.678+09:00  INFO 472 --- [mvc] [restartedMain] org.hibernate.orm.jpa                    : HHH008540: Processing PersistenceUnitInfo [name: default]
2026-09-14T16:29:12.720+09:00  INFO 472 --- [mvc] [restartedMain] o.s.o.j.p.SpringPersistenceUnitInfo      : No LoadTimeWeaver setup: ignoring JPA class transformer
2026-09-14T16:29:12.723+09:00  INFO 472 --- [mvc] [restartedMain] com.zaxxer.hikari.HikariDataSource       : HikariPool-73 - Starting...
2026-09-14T16:29:12.727+09:00  INFO 472 --- [mvc] [restartedMain] com.zaxxer.hikari.pool.HikariPool        : HikariPool-73 - Added connection com.mysql.cj.jdbc.ConnectionImpl@1ac00ee2
2026-09-14T16:29:12.727+09:00  INFO 472 --- [mvc] [restartedMain] com.zaxxer.hikari.HikariDataSource       : HikariPool-73 - Start completed.
2026-09-14T16:29:12.728+09:00  INFO 472 --- [mvc] [restartedMain] org.hibernate.orm.connections.pooling    : HHH10001005: Database info:
	Database JDBC URL [jdbc:mysql://localhost:3306/aloha?serverTimezone=Asia/Seoul&allowPublicKeyRetrieval=true&useSSL=false]
	Database driver: MySQL Connector/J
	Database dialect: MySQLDialect
	Database version: 8.0.46
	Default catalog/schema: aloha/undefined
	Autocommit mode: undefined/unknown
	Isolation level: REPEATABLE_READ [default REPEATABLE_READ]
	JDBC fetch size: none
	Pool: DataSourceConnectionProvider
	Minimum pool size: undefined/unknown
	Maximum pool size: undefined/unknown
2026-09-14T16:29:12.776+09:00  INFO 472 --- [mvc] [restartedMain] org.hibernate.orm.core                   : HHH000489: No JTA platform available (set 'hibernate.transaction.jta.platform' to enable JTA platform integration)
2026-09-14T16:29:12.782+09:00  INFO 472 --- [mvc] [restartedMain] j.LocalContainerEntityManagerFactoryBean : Initialized JPA EntityManagerFactory for persistence unit 'default'
2026-09-14T16:29:12.823+09:00  WARN 472 --- [mvc] [restartedMain] JpaBaseConfiguration$JpaWebConfiguration : spring.jpa.open-in-view is enabled by default. Therefore, database queries may be performed during view rendering. Explicitly configure spring.jpa.open-in-view to disable this warning
2026-09-14T16:29:12.839+09:00  WARN 472 --- [mvc] [restartedMain] .s.a.UserDetailsServiceAutoConfiguration : 

Using generated security password: 37167283-fca9-4392-8f80-9894d8b1705b

This generated password is for development use only. Your security configuration must be updated before running your application in production.

2026-09-14T16:29:12.842+09:00  INFO 472 --- [mvc] [restartedMain] r$InitializeUserDetailsManagerConfigurer : Global AuthenticationManager configured with UserDetailsService bean with name inMemoryUserDetailsManager
2026-09-14T16:29:12.870+09:00  INFO 472 --- [mvc] [restartedMain] o.s.b.w.a.WelcomePageHandlerMapping      : Adding welcome page template: index
2026-09-14T16:29:12.909+09:00  INFO 472 --- [mvc] [restartedMain] o.s.boot.tomcat.TomcatWebServer          : Tomcat started on port 8080 (http) with context path '/'
2026-09-14T16:29:12.911+09:00  INFO 472 --- [mvc] [restartedMain] com.aloha.mvc.MvcApplication             : Started MvcApplication in 0.526 seconds (process running for 1962.95)
2026-09-14T16:29:12.912+09:00  INFO 472 --- [mvc] [restartedMain] .ConditionEvaluationDeltaLoggingListener : Condition evaluation unchanged
2026-09-14T16:29:33.878+09:00  INFO 472 --- [mvc] [File Watcher] rtingClassPathChangeChangedEventListener : Restarting due to 1 class path change (0 additions, 0 deletions, 1 modification)
2026-09-14T16:29:33.879+09:00  INFO 472 --- [mvc] [Thread-280] o.s.boot.tomcat.GracefulShutdown         : Commencing graceful shutdown. Waiting for active requests to complete
2026-09-14T16:29:33.980+09:00  INFO 472 --- [mvc] [tomcat-shutdown] o.s.boot.tomcat.GracefulShutdown         : Graceful shutdown complete
2026-09-14T16:29:33.981+09:00  INFO 472 --- [mvc] [Thread-280] j.LocalContainerEntityManagerFactoryBean : Closing JPA EntityManagerFactory for persistence unit 'default'
2026-09-14T16:29:33.981+09:00  INFO 472 --- [mvc] [Thread-280] com.zaxxer.hikari.HikariDataSource       : HikariPool-73 - Shutdown initiated...
2026-09-14T16:29:33.982+09:00  INFO 472 --- [mvc] [Thread-280] com.zaxxer.hikari.HikariDataSource       : HikariPool-73 - Shutdown completed.
2026-09-14T16:29:34.086+09:00  INFO 472 --- [mvc] [restartedMain] com.aloha.mvc.MvcApplication             : Starting MvcApplication using Java 17.0.12 with PID 472 (C:\ALOHA\GITHUB\AIOT7_SPRINGBOOT\mvc\bin\main started by Admin in C:\ALOHA\GITHUB\AIOT7_SPRINGBOOT)
2026-09-14T16:29:34.086+09:00  INFO 472 --- [mvc] [restartedMain] com.aloha.mvc.MvcApplication             : No active profile set, falling back to 1 default profile: "default"
2026-09-14T16:29:34.300+09:00  INFO 472 --- [mvc] [restartedMain] .s.d.r.c.RepositoryConfigurationDelegate : Bootstrapping Spring Data JPA repositories in DEFAULT mode.
2026-09-14T16:29:34.310+09:00  INFO 472 --- [mvc] [restartedMain] .s.d.r.c.RepositoryConfigurationDelegate : Finished Spring Data repository scanning in 9 ms. Found 2 JPA repository interfaces.
2026-09-14T16:29:34.376+09:00  INFO 472 --- [mvc] [restartedMain] o.s.boot.tomcat.TomcatWebServer          : Tomcat initialized with port 8080 (http)
2026-09-14T16:29:34.376+09:00  INFO 472 --- [mvc] [restartedMain] o.apache.catalina.core.StandardService   : Starting service [Tomcat]
2026-09-14T16:29:34.377+09:00  INFO 472 --- [mvc] [restartedMain] o.apache.catalina.core.StandardEngine    : Starting Servlet engine: [Apache Tomcat/11.0.24]
2026-09-14T16:29:34.395+09:00  INFO 472 --- [mvc] [restartedMain] b.w.c.s.WebApplicationContextInitializer : Root WebApplicationContext: initialization completed in 304 ms
2026-09-14T16:29:34.415+09:00  INFO 472 --- [mvc] [restartedMain] org.hibernate.orm.jpa                    : HHH008540: Processing PersistenceUnitInfo [name: default]
2026-09-14T16:29:34.462+09:00  INFO 472 --- [mvc] [restartedMain] o.s.o.j.p.SpringPersistenceUnitInfo      : No LoadTimeWeaver setup: ignoring JPA class transformer
2026-09-14T16:29:34.463+09:00  INFO 472 --- [mvc] [restartedMain] com.zaxxer.hikari.HikariDataSource       : HikariPool-74 - Starting...
2026-09-14T16:29:34.465+09:00  INFO 472 --- [mvc] [restartedMain] com.zaxxer.hikari.pool.HikariPool        : HikariPool-74 - Added connection com.mysql.cj.jdbc.ConnectionImpl@31d85d2c
2026-09-14T16:29:34.465+09:00  INFO 472 --- [mvc] [restartedMain] com.zaxxer.hikari.HikariDataSource       : HikariPool-74 - Start completed.
2026-09-14T16:29:34.466+09:00  INFO 472 --- [mvc] [restartedMain] org.hibernate.orm.connections.pooling    : HHH10001005: Database info:
	Database JDBC URL [jdbc:mysql://localhost:3306/aloha?serverTimezone=Asia/Seoul&allowPublicKeyRetrieval=true&useSSL=false]
	Database driver: MySQL Connector/J
	Database dialect: MySQLDialect
	Database version: 8.0.46
	Default catalog/schema: aloha/undefined
	Autocommit mode: undefined/unknown
	Isolation level: REPEATABLE_READ [default REPEATABLE_READ]
	JDBC fetch size: none
	Pool: DataSourceConnectionProvider
	Minimum pool size: undefined/unknown
	Maximum pool size: undefined/unknown
2026-09-14T16:29:34.518+09:00  INFO 472 --- [mvc] [restartedMain] org.hibernate.orm.core                   : HHH000489: No JTA platform available (set 'hibernate.transaction.jta.platform' to enable JTA platform integration)
2026-09-14T16:29:34.527+09:00  INFO 472 --- [mvc] [restartedMain] j.LocalContainerEntityManagerFactoryBean : Initialized JPA EntityManagerFactory for persistence unit 'default'
2026-09-14T16:29:34.576+09:00  WARN 472 --- [mvc] [restartedMain] JpaBaseConfiguration$JpaWebConfiguration : spring.jpa.open-in-view is enabled by default. Therefore, database queries may be performed during view rendering. Explicitly configure spring.jpa.open-in-view to disable this warning
2026-09-14T16:29:34.592+09:00  WARN 472 --- [mvc] [restartedMain] .s.a.UserDetailsServiceAutoConfiguration : 

Using generated security password: ea17bc0e-0a8f-4e9f-b7b6-c271370275a9

This generated password is for development use only. Your security configuration must be updated before running your application in production.

2026-09-14T16:29:34.593+09:00  INFO 472 --- [mvc] [restartedMain] r$InitializeUserDetailsManagerConfigurer : Global AuthenticationManager configured with UserDetailsService bean with name inMemoryUserDetailsManager
2026-09-14T16:29:34.619+09:00  INFO 472 --- [mvc] [restartedMain] o.s.b.w.a.WelcomePageHandlerMapping      : Adding welcome page template: index
2026-09-14T16:29:34.655+09:00  INFO 472 --- [mvc] [restartedMain] o.s.boot.tomcat.TomcatWebServer          : Tomcat started on port 8080 (http) with context path '/'
2026-09-14T16:29:34.659+09:00  INFO 472 --- [mvc] [restartedMain] com.aloha.mvc.MvcApplication             : Started MvcApplication in 0.594 seconds (process running for 1984.697)
2026-09-14T16:29:34.663+09:00  INFO 472 --- [mvc] [restartedMain] .ConditionEvaluationDeltaLoggingListener : Condition evaluation unchanged
2026-09-14T16:29:38.763+09:00  INFO 472 --- [mvc] [http-nio-8080-exec-1] o.a.c.c.C.[Tomcat-9].[localhost].[/]     : Initializing Spring DispatcherServlet 'dispatcherServlet'
2026-09-14T16:29:38.764+09:00  INFO 472 --- [mvc] [http-nio-8080-exec-1] o.s.web.servlet.DispatcherServlet        : Initializing Servlet 'dispatcherServlet'
2026-09-14T16:29:38.765+09:00  INFO 472 --- [mvc] [http-nio-8080-exec-1] o.s.web.servlet.DispatcherServlet        : Completed initialization in 1 ms
2026-09-14T16:41:49.165+09:00  INFO 472 --- [mvc] [File Watcher] rtingClassPathChangeChangedEventListener : Restarting due to 1 class path change (0 additions, 0 deletions, 1 modification)
2026-09-14T16:41:49.166+09:00  INFO 472 --- [mvc] [Thread-284] o.s.boot.tomcat.GracefulShutdown         : Commencing graceful shutdown. Waiting for active requests to complete
2026-09-14T16:41:49.320+09:00  INFO 472 --- [mvc] [tomcat-shutdown] o.s.boot.tomcat.GracefulShutdown         : Graceful shutdown complete
2026-09-14T16:41:49.321+09:00  INFO 472 --- [mvc] [Thread-284] j.LocalContainerEntityManagerFactoryBean : Closing JPA EntityManagerFactory for persistence unit 'default'
2026-09-14T16:41:49.322+09:00  INFO 472 --- [mvc] [Thread-284] com.zaxxer.hikari.HikariDataSource       : HikariPool-74 - Shutdown initiated...
2026-09-14T16:41:49.323+09:00  INFO 472 --- [mvc] [Thread-284] com.zaxxer.hikari.HikariDataSource       : HikariPool-74 - Shutdown completed.
2026-09-14T16:41:49.415+09:00  INFO 472 --- [mvc] [restartedMain] com.aloha.mvc.MvcApplication             : Starting MvcApplication using Java 17.0.12 with PID 472 (C:\ALOHA\GITHUB\AIOT7_SPRINGBOOT\mvc\bin\main started by Admin in C:\ALOHA\GITHUB\AIOT7_SPRINGBOOT)
2026-09-14T16:41:49.415+09:00  INFO 472 --- [mvc] [restartedMain] com.aloha.mvc.MvcApplication             : No active profile set, falling back to 1 default profile: "default"
2026-09-14T16:41:49.569+09:00  INFO 472 --- [mvc] [restartedMain] .s.d.r.c.RepositoryConfigurationDelegate : Bootstrapping Spring Data JPA repositories in DEFAULT mode.
2026-09-14T16:41:49.580+09:00  INFO 472 --- [mvc] [restartedMain] .s.d.r.c.RepositoryConfigurationDelegate : Finished Spring Data repository scanning in 9 ms. Found 2 JPA repository interfaces.
2026-09-14T16:41:49.631+09:00  INFO 472 --- [mvc] [restartedMain] o.s.boot.tomcat.TomcatWebServer          : Tomcat initialized with port 8080 (http)
2026-09-14T16:41:49.631+09:00  INFO 472 --- [mvc] [restartedMain] o.apache.catalina.core.StandardService   : Starting service [Tomcat]
2026-09-14T16:41:49.631+09:00  INFO 472 --- [mvc] [restartedMain] o.apache.catalina.core.StandardEngine    : Starting Servlet engine: [Apache Tomcat/11.0.24]
2026-09-14T16:41:49.647+09:00  INFO 472 --- [mvc] [restartedMain] b.w.c.s.WebApplicationContextInitializer : Root WebApplicationContext: initialization completed in 230 ms
2026-09-14T16:41:49.670+09:00  INFO 472 --- [mvc] [restartedMain] org.hibernate.orm.jpa                    : HHH008540: Processing PersistenceUnitInfo [name: default]
2026-09-14T16:41:49.710+09:00  INFO 472 --- [mvc] [restartedMain] o.s.o.j.p.SpringPersistenceUnitInfo      : No LoadTimeWeaver setup: ignoring JPA class transformer
2026-09-14T16:41:49.711+09:00  INFO 472 --- [mvc] [restartedMain] com.zaxxer.hikari.HikariDataSource       : HikariPool-75 - Starting...
2026-09-14T16:41:49.714+09:00  INFO 472 --- [mvc] [restartedMain] com.zaxxer.hikari.pool.HikariPool        : HikariPool-75 - Added connection com.mysql.cj.jdbc.ConnectionImpl@30902436
2026-09-14T16:41:49.715+09:00  INFO 472 --- [mvc] [restartedMain] com.zaxxer.hikari.HikariDataSource       : HikariPool-75 - Start completed.
2026-09-14T16:41:49.716+09:00  INFO 472 --- [mvc] [restartedMain] org.hibernate.orm.connections.pooling    : HHH10001005: Database info:
	Database JDBC URL [jdbc:mysql://localhost:3306/aloha?serverTimezone=Asia/Seoul&allowPublicKeyRetrieval=true&useSSL=false]
	Database driver: MySQL Connector/J
	Database dialect: MySQLDialect
	Database version: 8.0.46
	Default catalog/schema: aloha/undefined
	Autocommit mode: undefined/unknown
	Isolation level: REPEATABLE_READ [default REPEATABLE_READ]
	JDBC fetch size: none
	Pool: DataSourceConnectionProvider
	Minimum pool size: undefined/unknown
	Maximum pool size: undefined/unknown
2026-09-14T16:41:49.761+09:00  INFO 472 --- [mvc] [restartedMain] org.hibernate.orm.core                   : HHH000489: No JTA platform available (set 'hibernate.transaction.jta.platform' to enable JTA platform integration)
2026-09-14T16:41:49.770+09:00  INFO 472 --- [mvc] [restartedMain] j.LocalContainerEntityManagerFactoryBean : Initialized JPA EntityManagerFactory for persistence unit 'default'
2026-09-14T16:41:49.813+09:00  WARN 472 --- [mvc] [restartedMain] JpaBaseConfiguration$JpaWebConfiguration : spring.jpa.open-in-view is enabled by default. Therefore, database queries may be performed during view rendering. Explicitly configure spring.jpa.open-in-view to disable this warning
2026-09-14T16:41:49.823+09:00  WARN 472 --- [mvc] [restartedMain] .s.a.UserDetailsServiceAutoConfiguration : 

Using generated security password: 4e0cd618-d751-4542-84d5-ce2bd4389c08

This generated password is for development use only. Your security configuration must be updated before running your application in production.

2026-09-14T16:41:49.824+09:00  INFO 472 --- [mvc] [restartedMain] r$InitializeUserDetailsManagerConfigurer : Global AuthenticationManager configured with UserDetailsService bean with name inMemoryUserDetailsManager
2026-09-14T16:41:49.853+09:00  INFO 472 --- [mvc] [restartedMain] o.s.b.w.a.WelcomePageHandlerMapping      : Adding welcome page template: index
2026-09-14T16:41:49.884+09:00  INFO 472 --- [mvc] [restartedMain] o.s.boot.tomcat.TomcatWebServer          : Tomcat started on port 8080 (http) with context path '/'
2026-09-14T16:41:49.885+09:00  INFO 472 --- [mvc] [restartedMain] com.aloha.mvc.MvcApplication             : Started MvcApplication in 0.489 seconds (process running for 2719.924)
2026-09-14T16:41:49.885+09:00  INFO 472 --- [mvc] [restartedMain] .ConditionEvaluationDeltaLoggingListener : Condition evaluation unchanged
