2026-09-14T15:24:05.400+09:00  INFO 16044 --- [mvc] [restartedMain] com.aloha.mvc.MvcApplication             : Starting MvcApplication using Java 17.0.12 with PID 16044 (C:\ALOHA\GITHUB\AIOT7_SPRINGBOOT\mvc\bin\main started by Admin in C:\ALOHA\GITHUB\AIOT7_SPRINGBOOT\mvc)
2026-09-14T15:24:05.405+09:00  INFO 16044 --- [mvc] [restartedMain] com.aloha.mvc.MvcApplication             : No active profile set, falling back to 1 default profile: "default"
2026-09-14T15:24:05.531+09:00  INFO 16044 --- [mvc] [restartedMain] .e.DevToolsPropertyDefaultsPostProcessor : Devtools property defaults active! Set 'spring.devtools.add-properties' to 'false' to disable
2026-09-14T15:24:05.531+09:00  INFO 16044 --- [mvc] [restartedMain] .e.DevToolsPropertyDefaultsPostProcessor : For additional web related logging consider setting the 'logging.level.web' property to 'DEBUG'
2026-09-14T15:24:06.862+09:00  INFO 16044 --- [mvc] [restartedMain] .s.d.r.c.RepositoryConfigurationDelegate : Bootstrapping Spring Data JPA repositories in DEFAULT mode.
2026-09-14T15:24:07.009+09:00  INFO 16044 --- [mvc] [restartedMain] .s.d.r.c.RepositoryConfigurationDelegate : Finished Spring Data repository scanning in 125 ms. Found 1 JPA repository interface.
2026-09-14T15:24:08.734+09:00  INFO 16044 --- [mvc] [restartedMain] o.s.boot.tomcat.TomcatWebServer          : Tomcat initialized with port 8080 (http)
2026-09-14T15:24:08.791+09:00  INFO 16044 --- [mvc] [restartedMain] o.apache.catalina.core.StandardService   : Starting service [Tomcat]
2026-09-14T15:24:08.794+09:00  INFO 16044 --- [mvc] [restartedMain] o.apache.catalina.core.StandardEngine    : Starting Servlet engine: [Apache Tomcat/11.0.24]
2026-09-14T15:24:08.983+09:00  INFO 16044 --- [mvc] [restartedMain] b.w.c.s.WebApplicationContextInitializer : Root WebApplicationContext: initialization completed in 3451 ms
2026-09-14T15:24:09.558+09:00  INFO 16044 --- [mvc] [restartedMain] org.hibernate.orm.jpa                    : HHH008540: Processing PersistenceUnitInfo [name: default]
2026-09-14T15:24:09.784+09:00  INFO 16044 --- [mvc] [restartedMain] org.hibernate.orm.core                   : HHH000001: Hibernate ORM core version 7.4.5.Final
2026-09-14T15:24:10.561+09:00  INFO 16044 --- [mvc] [restartedMain] o.s.o.j.p.SpringPersistenceUnitInfo      : No LoadTimeWeaver setup: ignoring JPA class transformer
2026-09-14T15:24:10.623+09:00  INFO 16044 --- [mvc] [restartedMain] com.zaxxer.hikari.HikariDataSource       : HikariPool-1 - Starting...
2026-09-14T15:24:10.902+09:00  INFO 16044 --- [mvc] [restartedMain] com.zaxxer.hikari.pool.HikariPool        : HikariPool-1 - Added connection com.mysql.cj.jdbc.ConnectionImpl@3b3281a2
2026-09-14T15:24:10.906+09:00  INFO 16044 --- [mvc] [restartedMain] com.zaxxer.hikari.HikariDataSource       : HikariPool-1 - Start completed.
2026-09-14T15:24:11.005+09:00  INFO 16044 --- [mvc] [restartedMain] org.hibernate.orm.connections.pooling    : HHH10001005: Database info:
	Database JDBC URL [jdbc:mysql://localhost:3306/aloha?serverTimezone=Asia/Seoul&allowPublicKeyRetrieval=true&useSSL=false]
	Database driver: MySQL Connector/J
	Database dialect: MySQLDialect
	Database version: 8.0.46
	Default catalog/schema: aloha/undefined
	Autocommit mode: undefined/unknown
	Isolation level: REPEATABLE_READ [default REPEATABLE_READ]
	JDBC fetch size: none
	Pool: DataSourceConnectionProvider
	Minimum pool size: undefined/unknown
	Maximum pool size: undefined/unknown
2026-09-14T15:24:12.510+09:00  INFO 16044 --- [mvc] [restartedMain] org.hibernate.orm.core                   : HHH000489: No JTA platform available (set 'hibernate.transaction.jta.platform' to enable JTA platform integration)
2026-09-14T15:24:12.722+09:00  INFO 16044 --- [mvc] [restartedMain] j.LocalContainerEntityManagerFactoryBean : Initialized JPA EntityManagerFactory for persistence unit 'default'
2026-09-14T15:24:12.902+09:00  INFO 16044 --- [mvc] [restartedMain] o.s.d.j.r.query.QueryEnhancerFactories   : Hibernate is in classpath; If applicable, HQL parser will be used.
2026-09-14T15:24:13.162+09:00  WARN 16044 --- [mvc] [restartedMain] JpaBaseConfiguration$JpaWebConfiguration : spring.jpa.open-in-view is enabled by default. Therefore, database queries may be performed during view rendering. Explicitly configure spring.jpa.open-in-view to disable this warning
2026-09-14T15:24:13.238+09:00  INFO 16044 --- [mvc] [restartedMain] o.s.b.w.a.WelcomePageHandlerMapping      : Adding welcome page template: index
2026-09-14T15:24:14.652+09:00  INFO 16044 --- [mvc] [restartedMain] o.s.boot.tomcat.TomcatWebServer          : Tomcat started on port 8080 (http) with context path '/'
2026-09-14T15:24:14.679+09:00  INFO 16044 --- [mvc] [restartedMain] com.aloha.mvc.MvcApplication             : Started MvcApplication in 10.55 seconds (process running for 11.634)
2026-09-14T15:24:30.604+09:00  INFO 16044 --- [mvc] [http-nio-8080-exec-1] o.a.c.c.C.[Tomcat].[localhost].[/]       : Initializing Spring DispatcherServlet 'dispatcherServlet'
2026-09-14T15:24:30.606+09:00  INFO 16044 --- [mvc] [http-nio-8080-exec-1] o.s.web.servlet.DispatcherServlet        : Initializing Servlet 'dispatcherServlet'
2026-09-14T15:24:30.608+09:00  INFO 16044 --- [mvc] [http-nio-8080-exec-1] o.s.web.servlet.DispatcherServlet        : Completed initialization in 1 ms
2026-09-14T15:25:59.147+09:00  INFO 16044 --- [mvc] [File Watcher] rtingClassPathChangeChangedEventListener : Restarting due to 1 class path change (0 additions, 0 deletions, 1 modification)
2026-09-14T15:25:59.154+09:00  INFO 16044 --- [mvc] [Thread-1] o.s.boot.tomcat.GracefulShutdown         : Commencing graceful shutdown. Waiting for active requests to complete
2026-09-14T15:25:59.256+09:00  INFO 16044 --- [mvc] [tomcat-shutdown] o.s.boot.tomcat.GracefulShutdown         : Graceful shutdown complete
2026-09-14T15:25:59.271+09:00  INFO 16044 --- [mvc] [Thread-1] j.LocalContainerEntityManagerFactoryBean : Closing JPA EntityManagerFactory for persistence unit 'default'
2026-09-14T15:25:59.274+09:00  INFO 16044 --- [mvc] [Thread-1] com.zaxxer.hikari.HikariDataSource       : HikariPool-1 - Shutdown initiated...
2026-09-14T15:25:59.281+09:00  INFO 16044 --- [mvc] [Thread-1] com.zaxxer.hikari.HikariDataSource       : HikariPool-1 - Shutdown completed.
2026-09-14T15:25:59.465+09:00  INFO 16044 --- [mvc] [restartedMain] com.aloha.mvc.MvcApplication             : Starting MvcApplication using Java 17.0.12 with PID 16044 (C:\ALOHA\GITHUB\AIOT7_SPRINGBOOT\mvc\bin\main started by Admin in C:\ALOHA\GITHUB\AIOT7_SPRINGBOOT\mvc)
2026-09-14T15:25:59.465+09:00  INFO 16044 --- [mvc] [restartedMain] com.aloha.mvc.MvcApplication             : No active profile set, falling back to 1 default profile: "default"
2026-09-14T15:26:00.102+09:00  INFO 16044 --- [mvc] [restartedMain] .s.d.r.c.RepositoryConfigurationDelegate : Bootstrapping Spring Data JPA repositories in DEFAULT mode.
2026-09-14T15:26:00.194+09:00  INFO 16044 --- [mvc] [restartedMain] .s.d.r.c.RepositoryConfigurationDelegate : Finished Spring Data repository scanning in 68 ms. Found 1 JPA repository interface.
2026-09-14T15:26:00.509+09:00  INFO 16044 --- [mvc] [restartedMain] o.s.boot.tomcat.TomcatWebServer          : Tomcat initialized with port 8080 (http)
2026-09-14T15:26:00.515+09:00  INFO 16044 --- [mvc] [restartedMain] o.apache.catalina.core.StandardService   : Starting service [Tomcat]
2026-09-14T15:26:00.516+09:00  INFO 16044 --- [mvc] [restartedMain] o.apache.catalina.core.StandardEngine    : Starting Servlet engine: [Apache Tomcat/11.0.24]
2026-09-14T15:26:00.674+09:00  INFO 16044 --- [mvc] [restartedMain] b.w.c.s.WebApplicationContextInitializer : Root WebApplicationContext: initialization completed in 1181 ms
2026-09-14T15:26:00.882+09:00  INFO 16044 --- [mvc] [restartedMain] org.hibernate.orm.jpa                    : HHH008540: Processing PersistenceUnitInfo [name: default]
2026-09-14T15:26:01.039+09:00  INFO 16044 --- [mvc] [restartedMain] o.s.o.j.p.SpringPersistenceUnitInfo      : No LoadTimeWeaver setup: ignoring JPA class transformer
2026-09-14T15:26:01.048+09:00  INFO 16044 --- [mvc] [restartedMain] com.zaxxer.hikari.HikariDataSource       : HikariPool-2 - Starting...
2026-09-14T15:26:01.066+09:00  INFO 16044 --- [mvc] [restartedMain] com.zaxxer.hikari.pool.HikariPool        : HikariPool-2 - Added connection com.mysql.cj.jdbc.ConnectionImpl@76e1cfef
2026-09-14T15:26:01.094+09:00  INFO 16044 --- [mvc] [restartedMain] com.zaxxer.hikari.HikariDataSource       : HikariPool-2 - Start completed.
2026-09-14T15:26:01.099+09:00  INFO 16044 --- [mvc] [restartedMain] org.hibernate.orm.connections.pooling    : HHH10001005: Database info:
	Database JDBC URL [jdbc:mysql://localhost:3306/aloha?serverTimezone=Asia/Seoul&allowPublicKeyRetrieval=true&useSSL=false]
	Database driver: MySQL Connector/J
	Database dialect: MySQLDialect
	Database version: 8.0.46
	Default catalog/schema: aloha/undefined
	Autocommit mode: undefined/unknown
	Isolation level: REPEATABLE_READ [default REPEATABLE_READ]
	JDBC fetch size: none
	Pool: DataSourceConnectionProvider
	Minimum pool size: undefined/unknown
	Maximum pool size: undefined/unknown
2026-09-14T15:26:01.206+09:00  INFO 16044 --- [mvc] [restartedMain] org.hibernate.orm.core                   : HHH000489: No JTA platform available (set 'hibernate.transaction.jta.platform' to enable JTA platform integration)
2026-09-14T15:26:01.281+09:00  INFO 16044 --- [mvc] [restartedMain] j.LocalContainerEntityManagerFactoryBean : Initialized JPA EntityManagerFactory for persistence unit 'default'
2026-09-14T15:26:01.341+09:00  WARN 16044 --- [mvc] [restartedMain] JpaBaseConfiguration$JpaWebConfiguration : spring.jpa.open-in-view is enabled by default. Therefore, database queries may be performed during view rendering. Explicitly configure spring.jpa.open-in-view to disable this warning
2026-09-14T15:26:01.368+09:00  INFO 16044 --- [mvc] [restartedMain] o.s.b.w.a.WelcomePageHandlerMapping      : Adding welcome page template: index
2026-09-14T15:26:01.555+09:00  INFO 16044 --- [mvc] [restartedMain] o.s.boot.tomcat.TomcatWebServer          : Tomcat started on port 8080 (http) with context path '/'
2026-09-14T15:26:01.573+09:00  INFO 16044 --- [mvc] [restartedMain] com.aloha.mvc.MvcApplication             : Started MvcApplication in 2.158 seconds (process running for 118.528)
2026-09-14T15:26:01.577+09:00  INFO 16044 --- [mvc] [restartedMain] .ConditionEvaluationDeltaLoggingListener : Condition evaluation unchanged
2026-09-14T15:28:28.712+09:00  INFO 16044 --- [mvc] [http-nio-8080-exec-4] o.a.c.c.C.[Tomcat].[localhost].[/]       : Initializing Spring DispatcherServlet 'dispatcherServlet'
2026-09-14T15:28:28.712+09:00  INFO 16044 --- [mvc] [http-nio-8080-exec-4] o.s.web.servlet.DispatcherServlet        : Initializing Servlet 'dispatcherServlet'
2026-09-14T15:28:28.714+09:00  INFO 16044 --- [mvc] [http-nio-8080-exec-4] o.s.web.servlet.DispatcherServlet        : Completed initialization in 2 ms
2026-09-14T15:30:13.617+09:00  INFO 16044 --- [mvc] [File Watcher] rtingClassPathChangeChangedEventListener : Restarting due to 2 class path changes (0 additions, 0 deletions, 2 modifications)
2026-09-14T15:30:13.619+09:00  INFO 16044 --- [mvc] [Thread-5] o.s.boot.tomcat.GracefulShutdown         : Commencing graceful shutdown. Waiting for active requests to complete
2026-09-14T15:30:13.701+09:00  INFO 16044 --- [mvc] [tomcat-shutdown] o.s.boot.tomcat.GracefulShutdown         : Graceful shutdown complete
2026-09-14T15:30:13.703+09:00  INFO 16044 --- [mvc] [Thread-5] j.LocalContainerEntityManagerFactoryBean : Closing JPA EntityManagerFactory for persistence unit 'default'
2026-09-14T15:30:13.704+09:00  INFO 16044 --- [mvc] [Thread-5] com.zaxxer.hikari.HikariDataSource       : HikariPool-2 - Shutdown initiated...
2026-09-14T15:30:13.706+09:00  INFO 16044 --- [mvc] [Thread-5] com.zaxxer.hikari.HikariDataSource       : HikariPool-2 - Shutdown completed.
2026-09-14T15:30:13.886+09:00  INFO 16044 --- [mvc] [restartedMain] com.aloha.mvc.MvcApplication             : Starting MvcApplication using Java 17.0.12 with PID 16044 (C:\ALOHA\GITHUB\AIOT7_SPRINGBOOT\mvc\bin\main started by Admin in C:\ALOHA\GITHUB\AIOT7_SPRINGBOOT\mvc)
2026-09-14T15:30:13.886+09:00  INFO 16044 --- [mvc] [restartedMain] com.aloha.mvc.MvcApplication             : No active profile set, falling back to 1 default profile: "default"
2026-09-14T15:30:14.652+09:00  INFO 16044 --- [mvc] [restartedMain] .s.d.r.c.RepositoryConfigurationDelegate : Bootstrapping Spring Data JPA repositories in DEFAULT mode.
2026-09-14T15:30:14.681+09:00  INFO 16044 --- [mvc] [restartedMain] .s.d.r.c.RepositoryConfigurationDelegate : Finished Spring Data repository scanning in 26 ms. Found 1 JPA repository interface.
2026-09-14T15:30:14.872+09:00  INFO 16044 --- [mvc] [restartedMain] o.s.boot.tomcat.TomcatWebServer          : Tomcat initialized with port 8080 (http)
2026-09-14T15:30:14.901+09:00  INFO 16044 --- [mvc] [restartedMain] o.apache.catalina.core.StandardService   : Starting service [Tomcat]
2026-09-14T15:30:14.902+09:00  INFO 16044 --- [mvc] [restartedMain] o.apache.catalina.core.StandardEngine    : Starting Servlet engine: [Apache Tomcat/11.0.24]
2026-09-14T15:30:14.933+09:00  INFO 16044 --- [mvc] [restartedMain] b.w.c.s.WebApplicationContextInitializer : Root WebApplicationContext: initialization completed in 1043 ms
2026-09-14T15:30:15.008+09:00  INFO 16044 --- [mvc] [restartedMain] org.hibernate.orm.jpa                    : HHH008540: Processing PersistenceUnitInfo [name: default]
2026-09-14T15:30:15.176+09:00  INFO 16044 --- [mvc] [restartedMain] o.s.o.j.p.SpringPersistenceUnitInfo      : No LoadTimeWeaver setup: ignoring JPA class transformer
2026-09-14T15:30:15.188+09:00  INFO 16044 --- [mvc] [restartedMain] com.zaxxer.hikari.HikariDataSource       : HikariPool-3 - Starting...
2026-09-14T15:30:15.201+09:00  INFO 16044 --- [mvc] [restartedMain] com.zaxxer.hikari.pool.HikariPool        : HikariPool-3 - Added connection com.mysql.cj.jdbc.ConnectionImpl@18a9478e
2026-09-14T15:30:15.204+09:00  INFO 16044 --- [mvc] [restartedMain] com.zaxxer.hikari.HikariDataSource       : HikariPool-3 - Start completed.
2026-09-14T15:30:15.206+09:00  INFO 16044 --- [mvc] [restartedMain] org.hibernate.orm.connections.pooling    : HHH10001005: Database info:
	Database JDBC URL [jdbc:mysql://localhost:3306/aloha?serverTimezone=Asia/Seoul&allowPublicKeyRetrieval=true&useSSL=false]
	Database driver: MySQL Connector/J
	Database dialect: MySQLDialect
	Database version: 8.0.46
	Default catalog/schema: aloha/undefined
	Autocommit mode: undefined/unknown
	Isolation level: REPEATABLE_READ [default REPEATABLE_READ]
	JDBC fetch size: none
	Pool: DataSourceConnectionProvider
	Minimum pool size: undefined/unknown
	Maximum pool size: undefined/unknown
2026-09-14T15:30:15.295+09:00  INFO 16044 --- [mvc] [restartedMain] org.hibernate.orm.core                   : HHH000489: No JTA platform available (set 'hibernate.transaction.jta.platform' to enable JTA platform integration)
2026-09-14T15:30:15.337+09:00  INFO 16044 --- [mvc] [restartedMain] j.LocalContainerEntityManagerFactoryBean : Initialized JPA EntityManagerFactory for persistence unit 'default'
2026-09-14T15:30:15.463+09:00  WARN 16044 --- [mvc] [restartedMain] JpaBaseConfiguration$JpaWebConfiguration : spring.jpa.open-in-view is enabled by default. Therefore, database queries may be performed during view rendering. Explicitly configure spring.jpa.open-in-view to disable this warning
2026-09-14T15:30:15.468+09:00  INFO 16044 --- [mvc] [restartedMain] o.s.b.w.a.WelcomePageHandlerMapping      : Adding welcome page template: index
2026-09-14T15:30:15.883+09:00  INFO 16044 --- [mvc] [restartedMain] o.s.boot.tomcat.TomcatWebServer          : Tomcat started on port 8080 (http) with context path '/'
2026-09-14T15:30:15.897+09:00  INFO 16044 --- [mvc] [restartedMain] com.aloha.mvc.MvcApplication             : Started MvcApplication in 2.065 seconds (process running for 372.853)
2026-09-14T15:30:15.898+09:00  INFO 16044 --- [mvc] [restartedMain] .ConditionEvaluationDeltaLoggingListener : Condition evaluation unchanged
2026-09-14T15:30:18.384+09:00  INFO 16044 --- [mvc] [http-nio-8080-exec-1] o.a.c.c.C.[Tomcat].[localhost].[/]       : Initializing Spring DispatcherServlet 'dispatcherServlet'
2026-09-14T15:30:18.387+09:00  INFO 16044 --- [mvc] [http-nio-8080-exec-1] o.s.web.servlet.DispatcherServlet        : Initializing Servlet 'dispatcherServlet'
2026-09-14T15:30:18.389+09:00  INFO 16044 --- [mvc] [http-nio-8080-exec-1] o.s.web.servlet.DispatcherServlet        : Completed initialization in 2 ms
2026-09-14T15:43:15.401+09:00  INFO 16044 --- [mvc] [File Watcher] rtingClassPathChangeChangedEventListener : Restarting due to 1 class path change (1 addition, 0 deletions, 0 modifications)
2026-09-14T15:43:15.404+09:00  INFO 16044 --- [mvc] [Thread-9] o.s.boot.tomcat.GracefulShutdown         : Commencing graceful shutdown. Waiting for active requests to complete
2026-09-14T15:43:15.595+09:00  INFO 16044 --- [mvc] [tomcat-shutdown] o.s.boot.tomcat.GracefulShutdown         : Graceful shutdown complete
2026-09-14T15:43:15.598+09:00  INFO 16044 --- [mvc] [Thread-9] j.LocalContainerEntityManagerFactoryBean : Closing JPA EntityManagerFactory for persistence unit 'default'
2026-09-14T15:43:15.599+09:00  INFO 16044 --- [mvc] [Thread-9] com.zaxxer.hikari.HikariDataSource       : HikariPool-3 - Shutdown initiated...
2026-09-14T15:43:15.603+09:00  INFO 16044 --- [mvc] [Thread-9] com.zaxxer.hikari.HikariDataSource       : HikariPool-3 - Shutdown completed.
2026-09-14T15:43:15.750+09:00  INFO 16044 --- [mvc] [restartedMain] com.aloha.mvc.MvcApplication             : Starting MvcApplication using Java 17.0.12 with PID 16044 (C:\ALOHA\GITHUB\AIOT7_SPRINGBOOT\mvc\bin\main started by Admin in C:\ALOHA\GITHUB\AIOT7_SPRINGBOOT\mvc)
2026-09-14T15:43:15.750+09:00  INFO 16044 --- [mvc] [restartedMain] com.aloha.mvc.MvcApplication             : No active profile set, falling back to 1 default profile: "default"
2026-09-14T15:43:16.265+09:00  INFO 16044 --- [mvc] [restartedMain] .s.d.r.c.RepositoryConfigurationDelegate : Bootstrapping Spring Data JPA repositories in DEFAULT mode.
2026-09-14T15:43:16.305+09:00  INFO 16044 --- [mvc] [restartedMain] .s.d.r.c.RepositoryConfigurationDelegate : Finished Spring Data repository scanning in 26 ms. Found 1 JPA repository interface.
2026-09-14T15:43:16.490+09:00  INFO 16044 --- [mvc] [restartedMain] o.s.boot.tomcat.TomcatWebServer          : Tomcat initialized with port 8080 (http)
2026-09-14T15:43:16.568+09:00  INFO 16044 --- [mvc] [restartedMain] o.apache.catalina.core.StandardService   : Starting service [Tomcat]
2026-09-14T15:43:16.602+09:00  INFO 16044 --- [mvc] [restartedMain] o.apache.catalina.core.StandardEngine    : Starting Servlet engine: [Apache Tomcat/11.0.24]
2026-09-14T15:43:16.739+09:00  INFO 16044 --- [mvc] [restartedMain] b.w.c.s.WebApplicationContextInitializer : Root WebApplicationContext: initialization completed in 985 ms
2026-09-14T15:43:16.837+09:00  INFO 16044 --- [mvc] [restartedMain] org.hibernate.orm.jpa                    : HHH008540: Processing PersistenceUnitInfo [name: default]
2026-09-14T15:43:16.873+09:00  INFO 16044 --- [mvc] [restartedMain] o.s.o.j.p.SpringPersistenceUnitInfo      : No LoadTimeWeaver setup: ignoring JPA class transformer
2026-09-14T15:43:16.874+09:00  INFO 16044 --- [mvc] [restartedMain] com.zaxxer.hikari.HikariDataSource       : HikariPool-4 - Starting...
2026-09-14T15:43:16.878+09:00  INFO 16044 --- [mvc] [restartedMain] com.zaxxer.hikari.pool.HikariPool        : HikariPool-4 - Added connection com.mysql.cj.jdbc.ConnectionImpl@4e1da9da
2026-09-14T15:43:16.878+09:00  INFO 16044 --- [mvc] [restartedMain] com.zaxxer.hikari.HikariDataSource       : HikariPool-4 - Start completed.
2026-09-14T15:43:16.880+09:00  INFO 16044 --- [mvc] [restartedMain] org.hibernate.orm.connections.pooling    : HHH10001005: Database info:
	Database JDBC URL [jdbc:mysql://localhost:3306/aloha?serverTimezone=Asia/Seoul&allowPublicKeyRetrieval=true&useSSL=false]
	Database driver: MySQL Connector/J
	Database dialect: MySQLDialect
	Database version: 8.0.46
	Default catalog/schema: aloha/undefined
	Autocommit mode: undefined/unknown
	Isolation level: REPEATABLE_READ [default REPEATABLE_READ]
	JDBC fetch size: none
	Pool: DataSourceConnectionProvider
	Minimum pool size: undefined/unknown
	Maximum pool size: undefined/unknown
2026-09-14T15:43:16.932+09:00  INFO 16044 --- [mvc] [restartedMain] org.hibernate.orm.core                   : HHH000489: No JTA platform available (set 'hibernate.transaction.jta.platform' to enable JTA platform integration)
2026-09-14T15:43:16.942+09:00  INFO 16044 --- [mvc] [restartedMain] j.LocalContainerEntityManagerFactoryBean : Initialized JPA EntityManagerFactory for persistence unit 'default'
2026-09-14T15:43:16.983+09:00  WARN 16044 --- [mvc] [restartedMain] JpaBaseConfiguration$JpaWebConfiguration : spring.jpa.open-in-view is enabled by default. Therefore, database queries may be performed during view rendering. Explicitly configure spring.jpa.open-in-view to disable this warning
2026-09-14T15:43:16.988+09:00  INFO 16044 --- [mvc] [restartedMain] o.s.b.w.a.WelcomePageHandlerMapping      : Adding welcome page template: index
2026-09-14T15:43:17.076+09:00  INFO 16044 --- [mvc] [restartedMain] o.s.boot.tomcat.TomcatWebServer          : Tomcat started on port 8080 (http) with context path '/'
2026-09-14T15:43:17.078+09:00  INFO 16044 --- [mvc] [restartedMain] com.aloha.mvc.MvcApplication             : Started MvcApplication in 1.365 seconds (process running for 1154.034)
2026-09-14T15:43:17.079+09:00  INFO 16044 --- [mvc] [restartedMain] .ConditionEvaluationDeltaLoggingListener : Condition evaluation unchanged
2026-09-14T15:43:25.661+09:00  INFO 16044 --- [mvc] [File Watcher] rtingClassPathChangeChangedEventListener : Restarting due to 1 class path change (0 additions, 0 deletions, 1 modification)
2026-09-14T15:43:25.663+09:00  INFO 16044 --- [mvc] [Thread-13] o.s.boot.tomcat.GracefulShutdown         : Commencing graceful shutdown. Waiting for active requests to complete
2026-09-14T15:43:25.740+09:00  INFO 16044 --- [mvc] [tomcat-shutdown] o.s.boot.tomcat.GracefulShutdown         : Graceful shutdown complete
2026-09-14T15:43:25.744+09:00  INFO 16044 --- [mvc] [Thread-13] j.LocalContainerEntityManagerFactoryBean : Closing JPA EntityManagerFactory for persistence unit 'default'
2026-09-14T15:43:25.745+09:00  INFO 16044 --- [mvc] [Thread-13] com.zaxxer.hikari.HikariDataSource       : HikariPool-4 - Shutdown initiated...
2026-09-14T15:43:25.748+09:00  INFO 16044 --- [mvc] [Thread-13] com.zaxxer.hikari.HikariDataSource       : HikariPool-4 - Shutdown completed.
2026-09-14T15:43:25.979+09:00  INFO 16044 --- [mvc] [restartedMain] com.aloha.mvc.MvcApplication             : Starting MvcApplication using Java 17.0.12 with PID 16044 (C:\ALOHA\GITHUB\AIOT7_SPRINGBOOT\mvc\bin\main started by Admin in C:\ALOHA\GITHUB\AIOT7_SPRINGBOOT\mvc)
2026-09-14T15:43:25.980+09:00  INFO 16044 --- [mvc] [restartedMain] com.aloha.mvc.MvcApplication             : No active profile set, falling back to 1 default profile: "default"
2026-09-14T15:43:26.348+09:00  INFO 16044 --- [mvc] [restartedMain] .s.d.r.c.RepositoryConfigurationDelegate : Bootstrapping Spring Data JPA repositories in DEFAULT mode.
2026-09-14T15:43:26.405+09:00  INFO 16044 --- [mvc] [restartedMain] .s.d.r.c.RepositoryConfigurationDelegate : Finished Spring Data repository scanning in 54 ms. Found 1 JPA repository interface.
2026-09-14T15:43:26.737+09:00  INFO 16044 --- [mvc] [restartedMain] o.s.boot.tomcat.TomcatWebServer          : Tomcat initialized with port 8080 (http)
2026-09-14T15:43:26.739+09:00  INFO 16044 --- [mvc] [restartedMain] o.apache.catalina.core.StandardService   : Starting service [Tomcat]
2026-09-14T15:43:26.739+09:00  INFO 16044 --- [mvc] [restartedMain] o.apache.catalina.core.StandardEngine    : Starting Servlet engine: [Apache Tomcat/11.0.24]
2026-09-14T15:43:26.783+09:00  INFO 16044 --- [mvc] [restartedMain] b.w.c.s.WebApplicationContextInitializer : Root WebApplicationContext: initialization completed in 800 ms
2026-09-14T15:43:26.855+09:00  INFO 16044 --- [mvc] [restartedMain] org.hibernate.orm.jpa                    : HHH008540: Processing PersistenceUnitInfo [name: default]
2026-09-14T15:43:26.924+09:00  INFO 16044 --- [mvc] [restartedMain] o.s.o.j.p.SpringPersistenceUnitInfo      : No LoadTimeWeaver setup: ignoring JPA class transformer
2026-09-14T15:43:26.926+09:00  INFO 16044 --- [mvc] [restartedMain] com.zaxxer.hikari.HikariDataSource       : HikariPool-5 - Starting...
2026-09-14T15:43:26.930+09:00  INFO 16044 --- [mvc] [restartedMain] com.zaxxer.hikari.pool.HikariPool        : HikariPool-5 - Added connection com.mysql.cj.jdbc.ConnectionImpl@74b5a34f
2026-09-14T15:43:26.930+09:00  INFO 16044 --- [mvc] [restartedMain] com.zaxxer.hikari.HikariDataSource       : HikariPool-5 - Start completed.
2026-09-14T15:43:26.932+09:00  INFO 16044 --- [mvc] [restartedMain] org.hibernate.orm.connections.pooling    : HHH10001005: Database info:
	Database JDBC URL [jdbc:mysql://localhost:3306/aloha?serverTimezone=Asia/Seoul&allowPublicKeyRetrieval=true&useSSL=false]
	Database driver: MySQL Connector/J
	Database dialect: MySQLDialect
	Database version: 8.0.46
	Default catalog/schema: aloha/undefined
	Autocommit mode: undefined/unknown
	Isolation level: REPEATABLE_READ [default REPEATABLE_READ]
	JDBC fetch size: none
	Pool: DataSourceConnectionProvider
	Minimum pool size: undefined/unknown
	Maximum pool size: undefined/unknown
2026-09-14T15:43:26.982+09:00  INFO 16044 --- [mvc] [restartedMain] org.hibernate.orm.core                   : HHH000489: No JTA platform available (set 'hibernate.transaction.jta.platform' to enable JTA platform integration)
2026-09-14T15:43:26.995+09:00  INFO 16044 --- [mvc] [restartedMain] j.LocalContainerEntityManagerFactoryBean : Initialized JPA EntityManagerFactory for persistence unit 'default'
2026-09-14T15:43:27.064+09:00  WARN 16044 --- [mvc] [restartedMain] JpaBaseConfiguration$JpaWebConfiguration : spring.jpa.open-in-view is enabled by default. Therefore, database queries may be performed during view rendering. Explicitly configure spring.jpa.open-in-view to disable this warning
2026-09-14T15:43:27.069+09:00  INFO 16044 --- [mvc] [restartedMain] o.s.b.w.a.WelcomePageHandlerMapping      : Adding welcome page template: index
2026-09-14T15:43:27.137+09:00  INFO 16044 --- [mvc] [restartedMain] o.s.boot.tomcat.TomcatWebServer          : Tomcat started on port 8080 (http) with context path '/'
2026-09-14T15:43:27.139+09:00  INFO 16044 --- [mvc] [restartedMain] com.aloha.mvc.MvcApplication             : Started MvcApplication in 1.185 seconds (process running for 1164.095)
2026-09-14T15:43:27.140+09:00  INFO 16044 --- [mvc] [restartedMain] .ConditionEvaluationDeltaLoggingListener : Condition evaluation unchanged
2026-09-14T15:43:28.565+09:00  INFO 16044 --- [mvc] [File Watcher] rtingClassPathChangeChangedEventListener : Restarting due to 1 class path change (0 additions, 0 deletions, 1 modification)
2026-09-14T15:43:28.566+09:00  INFO 16044 --- [mvc] [Thread-17] o.s.boot.tomcat.GracefulShutdown         : Commencing graceful shutdown. Waiting for active requests to complete
2026-09-14T15:43:28.648+09:00  INFO 16044 --- [mvc] [tomcat-shutdown] o.s.boot.tomcat.GracefulShutdown         : Graceful shutdown complete
2026-09-14T15:43:28.649+09:00  INFO 16044 --- [mvc] [Thread-17] j.LocalContainerEntityManagerFactoryBean : Closing JPA EntityManagerFactory for persistence unit 'default'
2026-09-14T15:43:28.650+09:00  INFO 16044 --- [mvc] [Thread-17] com.zaxxer.hikari.HikariDataSource       : HikariPool-5 - Shutdown initiated...
2026-09-14T15:43:28.651+09:00  INFO 16044 --- [mvc] [Thread-17] com.zaxxer.hikari.HikariDataSource       : HikariPool-5 - Shutdown completed.
2026-09-14T15:43:28.771+09:00  INFO 16044 --- [mvc] [restartedMain] com.aloha.mvc.MvcApplication             : Starting MvcApplication using Java 17.0.12 with PID 16044 (C:\ALOHA\GITHUB\AIOT7_SPRINGBOOT\mvc\bin\main started by Admin in C:\ALOHA\GITHUB\AIOT7_SPRINGBOOT\mvc)
2026-09-14T15:43:28.771+09:00  INFO 16044 --- [mvc] [restartedMain] com.aloha.mvc.MvcApplication             : No active profile set, falling back to 1 default profile: "default"
2026-09-14T15:43:29.096+09:00  INFO 16044 --- [mvc] [restartedMain] .s.d.r.c.RepositoryConfigurationDelegate : Bootstrapping Spring Data JPA repositories in DEFAULT mode.
2026-09-14T15:43:29.106+09:00  INFO 16044 --- [mvc] [restartedMain] .s.d.r.c.RepositoryConfigurationDelegate : Finished Spring Data repository scanning in 8 ms. Found 1 JPA repository interface.
2026-09-14T15:43:29.202+09:00  INFO 16044 --- [mvc] [restartedMain] o.s.boot.tomcat.TomcatWebServer          : Tomcat initialized with port 8080 (http)
2026-09-14T15:43:29.205+09:00  INFO 16044 --- [mvc] [restartedMain] o.apache.catalina.core.StandardService   : Starting service [Tomcat]
2026-09-14T15:43:29.205+09:00  INFO 16044 --- [mvc] [restartedMain] o.apache.catalina.core.StandardEngine    : Starting Servlet engine: [Apache Tomcat/11.0.24]
2026-09-14T15:43:29.225+09:00  INFO 16044 --- [mvc] [restartedMain] b.w.c.s.WebApplicationContextInitializer : Root WebApplicationContext: initialization completed in 452 ms
2026-09-14T15:43:29.272+09:00  INFO 16044 --- [mvc] [restartedMain] org.hibernate.orm.jpa                    : HHH008540: Processing PersistenceUnitInfo [name: default]
2026-09-14T15:43:29.305+09:00  INFO 16044 --- [mvc] [restartedMain] o.s.o.j.p.SpringPersistenceUnitInfo      : No LoadTimeWeaver setup: ignoring JPA class transformer
2026-09-14T15:43:29.306+09:00  INFO 16044 --- [mvc] [restartedMain] com.zaxxer.hikari.HikariDataSource       : HikariPool-6 - Starting...
2026-09-14T15:43:29.311+09:00  INFO 16044 --- [mvc] [restartedMain] com.zaxxer.hikari.pool.HikariPool        : HikariPool-6 - Added connection com.mysql.cj.jdbc.ConnectionImpl@1cee6476
2026-09-14T15:43:29.312+09:00  INFO 16044 --- [mvc] [restartedMain] com.zaxxer.hikari.HikariDataSource       : HikariPool-6 - Start completed.
2026-09-14T15:43:29.314+09:00  INFO 16044 --- [mvc] [restartedMain] org.hibernate.orm.connections.pooling    : HHH10001005: Database info:
	Database JDBC URL [jdbc:mysql://localhost:3306/aloha?serverTimezone=Asia/Seoul&allowPublicKeyRetrieval=true&useSSL=false]
	Database driver: MySQL Connector/J
	Database dialect: MySQLDialect
	Database version: 8.0.46
	Default catalog/schema: aloha/undefined
	Autocommit mode: undefined/unknown
	Isolation level: REPEATABLE_READ [default REPEATABLE_READ]
	JDBC fetch size: none
	Pool: DataSourceConnectionProvider
	Minimum pool size: undefined/unknown
	Maximum pool size: undefined/unknown
2026-09-14T15:43:29.361+09:00  INFO 16044 --- [mvc] [restartedMain] org.hibernate.orm.core                   : HHH000489: No JTA platform available (set 'hibernate.transaction.jta.platform' to enable JTA platform integration)
2026-09-14T15:43:29.369+09:00  INFO 16044 --- [mvc] [restartedMain] j.LocalContainerEntityManagerFactoryBean : Initialized JPA EntityManagerFactory for persistence unit 'default'
2026-09-14T15:43:29.413+09:00  WARN 16044 --- [mvc] [restartedMain] JpaBaseConfiguration$JpaWebConfiguration : spring.jpa.open-in-view is enabled by default. Therefore, database queries may be performed during view rendering. Explicitly configure spring.jpa.open-in-view to disable this warning
2026-09-14T15:43:29.417+09:00  INFO 16044 --- [mvc] [restartedMain] o.s.b.w.a.WelcomePageHandlerMapping      : Adding welcome page template: index
2026-09-14T15:43:29.494+09:00  INFO 16044 --- [mvc] [restartedMain] o.s.boot.tomcat.TomcatWebServer          : Tomcat started on port 8080 (http) with context path '/'
2026-09-14T15:43:29.496+09:00  INFO 16044 --- [mvc] [restartedMain] com.aloha.mvc.MvcApplication             : Started MvcApplication in 0.753 seconds (process running for 1166.452)
2026-09-14T15:43:29.497+09:00  INFO 16044 --- [mvc] [restartedMain] .ConditionEvaluationDeltaLoggingListener : Condition evaluation unchanged
2026-09-14T15:43:46.274+09:00  INFO 16044 --- [mvc] [File Watcher] rtingClassPathChangeChangedEventListener : Restarting due to 1 class path change (0 additions, 0 deletions, 1 modification)
2026-09-14T15:43:46.276+09:00  INFO 16044 --- [mvc] [Thread-21] o.s.boot.tomcat.GracefulShutdown         : Commencing graceful shutdown. Waiting for active requests to complete
2026-09-14T15:43:46.377+09:00  INFO 16044 --- [mvc] [tomcat-shutdown] o.s.boot.tomcat.GracefulShutdown         : Graceful shutdown complete
2026-09-14T15:43:46.380+09:00  INFO 16044 --- [mvc] [Thread-21] j.LocalContainerEntityManagerFactoryBean : Closing JPA EntityManagerFactory for persistence unit 'default'
2026-09-14T15:43:46.380+09:00  INFO 16044 --- [mvc] [Thread-21] com.zaxxer.hikari.HikariDataSource       : HikariPool-6 - Shutdown initiated...
2026-09-14T15:43:46.410+09:00  INFO 16044 --- [mvc] [Thread-21] com.zaxxer.hikari.HikariDataSource       : HikariPool-6 - Shutdown completed.
2026-09-14T15:43:46.520+09:00  INFO 16044 --- [mvc] [restartedMain] com.aloha.mvc.MvcApplication             : Starting MvcApplication using Java 17.0.12 with PID 16044 (C:\ALOHA\GITHUB\AIOT7_SPRINGBOOT\mvc\bin\main started by Admin in C:\ALOHA\GITHUB\AIOT7_SPRINGBOOT\mvc)
2026-09-14T15:43:46.533+09:00  INFO 16044 --- [mvc] [restartedMain] com.aloha.mvc.MvcApplication             : No active profile set, falling back to 1 default profile: "default"
2026-09-14T15:43:46.765+09:00  INFO 16044 --- [mvc] [restartedMain] .s.d.r.c.RepositoryConfigurationDelegate : Bootstrapping Spring Data JPA repositories in DEFAULT mode.
2026-09-14T15:43:46.783+09:00  INFO 16044 --- [mvc] [restartedMain] .s.d.r.c.RepositoryConfigurationDelegate : Finished Spring Data repository scanning in 15 ms. Found 1 JPA repository interface.
2026-09-14T15:43:46.890+09:00  INFO 16044 --- [mvc] [restartedMain] o.s.boot.tomcat.TomcatWebServer          : Tomcat initialized with port 8080 (http)
2026-09-14T15:43:46.892+09:00  INFO 16044 --- [mvc] [restartedMain] o.apache.catalina.core.StandardService   : Starting service [Tomcat]
2026-09-14T15:43:46.893+09:00  INFO 16044 --- [mvc] [restartedMain] o.apache.catalina.core.StandardEngine    : Starting Servlet engine: [Apache Tomcat/11.0.24]
2026-09-14T15:43:46.918+09:00  INFO 16044 --- [mvc] [restartedMain] b.w.c.s.WebApplicationContextInitializer : Root WebApplicationContext: initialization completed in 376 ms
2026-09-14T15:43:46.964+09:00  INFO 16044 --- [mvc] [restartedMain] org.hibernate.orm.jpa                    : HHH008540: Processing PersistenceUnitInfo [name: default]
2026-09-14T15:43:47.019+09:00  INFO 16044 --- [mvc] [restartedMain] o.s.o.j.p.SpringPersistenceUnitInfo      : No LoadTimeWeaver setup: ignoring JPA class transformer
2026-09-14T15:43:47.025+09:00  INFO 16044 --- [mvc] [restartedMain] com.zaxxer.hikari.HikariDataSource       : HikariPool-7 - Starting...
2026-09-14T15:43:47.032+09:00  INFO 16044 --- [mvc] [restartedMain] com.zaxxer.hikari.pool.HikariPool        : HikariPool-7 - Added connection com.mysql.cj.jdbc.ConnectionImpl@22ee0396
2026-09-14T15:43:47.032+09:00  INFO 16044 --- [mvc] [restartedMain] com.zaxxer.hikari.HikariDataSource       : HikariPool-7 - Start completed.
2026-09-14T15:43:47.034+09:00  INFO 16044 --- [mvc] [restartedMain] org.hibernate.orm.connections.pooling    : HHH10001005: Database info:
	Database JDBC URL [jdbc:mysql://localhost:3306/aloha?serverTimezone=Asia/Seoul&allowPublicKeyRetrieval=true&useSSL=false]
	Database driver: MySQL Connector/J
	Database dialect: MySQLDialect
	Database version: 8.0.46
	Default catalog/schema: aloha/undefined
	Autocommit mode: undefined/unknown
	Isolation level: REPEATABLE_READ [default REPEATABLE_READ]
	JDBC fetch size: none
	Pool: DataSourceConnectionProvider
	Minimum pool size: undefined/unknown
	Maximum pool size: undefined/unknown
2026-09-14T15:43:47.089+09:00  INFO 16044 --- [mvc] [restartedMain] org.hibernate.orm.core                   : HHH000489: No JTA platform available (set 'hibernate.transaction.jta.platform' to enable JTA platform integration)
2026-09-14T15:43:47.099+09:00  INFO 16044 --- [mvc] [restartedMain] j.LocalContainerEntityManagerFactoryBean : Initialized JPA EntityManagerFactory for persistence unit 'default'
2026-09-14T15:43:47.115+09:00  WARN 16044 --- [mvc] [restartedMain] ConfigServletWebServerApplicationContext : Exception encountered during context initialization - cancelling refresh attempt: org.springframework.beans.factory.BeanCreationException: Error creating bean with name 'securityConfig' defined in file [C:\ALOHA\GITHUB\AIOT7_SPRINGBOOT\mvc\bin\main\com\aloha\mvc\config\SecurityConfig.class]: Failed to instantiate [com.aloha.mvc.config.SecurityConfig$$SpringCGLIB$$0]: Constructor threw exception
2026-09-14T15:43:47.116+09:00  INFO 16044 --- [mvc] [restartedMain] j.LocalContainerEntityManagerFactoryBean : Closing JPA EntityManagerFactory for persistence unit 'default'
2026-09-14T15:43:47.116+09:00  INFO 16044 --- [mvc] [restartedMain] com.zaxxer.hikari.HikariDataSource       : HikariPool-7 - Shutdown initiated...
2026-09-14T15:43:47.117+09:00  INFO 16044 --- [mvc] [restartedMain] com.zaxxer.hikari.HikariDataSource       : HikariPool-7 - Shutdown completed.
2026-09-14T15:43:47.118+09:00  INFO 16044 --- [mvc] [restartedMain] o.apache.catalina.core.StandardService   : Stopping service [Tomcat]
2026-09-14T15:43:47.127+09:00  INFO 16044 --- [mvc] [restartedMain] .s.b.a.l.ConditionEvaluationReportLogger : 

Error starting ApplicationContext. To display the condition evaluation report re-run your application with 'debug' enabled.
2026-09-14T15:43:47.155+09:00 ERROR 16044 --- [mvc] [restartedMain] o.s.boot.SpringApplication               : Application run failed

org.springframework.beans.factory.BeanCreationException: Error creating bean with name 'securityConfig' defined in file [C:\ALOHA\GITHUB\AIOT7_SPRINGBOOT\mvc\bin\main\com\aloha\mvc\config\SecurityConfig.class]: Failed to instantiate [com.aloha.mvc.config.SecurityConfig$$SpringCGLIB$$0]: Constructor threw exception
	at org.springframework.beans.factory.support.AbstractAutowireCapableBeanFactory.instantiateBean(AbstractAutowireCapableBeanFactory.java:1342) ~[spring-beans-7.0.9.jar:7.0.9]
	at org.springframework.beans.factory.support.AbstractAutowireCapableBeanFactory.createBeanInstance(AbstractAutowireCapableBeanFactory.java:1229) ~[spring-beans-7.0.9.jar:7.0.9]
	at org.springframework.beans.factory.support.AbstractAutowireCapableBeanFactory.doCreateBean(AbstractAutowireCapableBeanFactory.java:565) ~[spring-beans-7.0.9.jar:7.0.9]
	at org.springframework.beans.factory.support.AbstractAutowireCapableBeanFactory.createBean(AbstractAutowireCapableBeanFactory.java:525) ~[spring-beans-7.0.9.jar:7.0.9]
	at org.springframework.beans.factory.support.AbstractBeanFactory.lambda$doGetBean$0(AbstractBeanFactory.java:333) ~[spring-beans-7.0.9.jar:7.0.9]
	at org.springframework.beans.factory.support.DefaultSingletonBeanRegistry.getSingleton(DefaultSingletonBeanRegistry.java:371) ~[spring-beans-7.0.9.jar:7.0.9]
	at org.springframework.beans.factory.support.AbstractBeanFactory.doGetBean(AbstractBeanFactory.java:331) ~[spring-beans-7.0.9.jar:7.0.9]
	at org.springframework.beans.factory.support.AbstractBeanFactory.getBean(AbstractBeanFactory.java:196) ~[spring-beans-7.0.9.jar:7.0.9]
	at org.springframework.beans.factory.support.DefaultListableBeanFactory.instantiateSingleton(DefaultListableBeanFactory.java:1225) ~[spring-beans-7.0.9.jar:7.0.9]
	at org.springframework.beans.factory.support.DefaultListableBeanFactory.preInstantiateSingleton(DefaultListableBeanFactory.java:1191) ~[spring-beans-7.0.9.jar:7.0.9]
	at org.springframework.beans.factory.support.DefaultListableBeanFactory.preInstantiateSingletons(DefaultListableBeanFactory.java:1121) ~[spring-beans-7.0.9.jar:7.0.9]
	at org.springframework.context.support.AbstractApplicationContext.finishBeanFactoryInitialization(AbstractApplicationContext.java:994) ~[spring-context-7.0.9.jar:7.0.9]
	at org.springframework.context.support.AbstractApplicationContext.refresh(AbstractApplicationContext.java:621) ~[spring-context-7.0.9.jar:7.0.9]
	at org.springframework.boot.web.server.servlet.context.ServletWebServerApplicationContext.refresh(ServletWebServerApplicationContext.java:143) ~[spring-boot-web-server-4.1.1.jar:4.1.1]
	at org.springframework.boot.SpringApplication.refresh(SpringApplication.java:756) ~[spring-boot-4.1.1.jar:4.1.1]
	at org.springframework.boot.SpringApplication.refreshContext(SpringApplication.java:445) ~[spring-boot-4.1.1.jar:4.1.1]
	at org.springframework.boot.SpringApplication.run(SpringApplication.java:321) ~[spring-boot-4.1.1.jar:4.1.1]
	at org.springframework.boot.SpringApplication.run(SpringApplication.java:1365) ~[spring-boot-4.1.1.jar:4.1.1]
	at org.springframework.boot.SpringApplication.run(SpringApplication.java:1354) ~[spring-boot-4.1.1.jar:4.1.1]
	at com.aloha.mvc.MvcApplication.main(MvcApplication.java:10) ~[main/:na]
	at java.base/jdk.internal.reflect.NativeMethodAccessorImpl.invoke0(Native Method) ~[na:na]
	at java.base/jdk.internal.reflect.NativeMethodAccessorImpl.invoke(NativeMethodAccessorImpl.java:77) ~[na:na]
	at java.base/jdk.internal.reflect.DelegatingMethodAccessorImpl.invoke(DelegatingMethodAccessorImpl.java:43) ~[na:na]
	at java.base/java.lang.reflect.Method.invoke(Method.java:568) ~[na:na]
	at org.springframework.boot.devtools.restart.RestartLauncher.run(RestartLauncher.java:52) ~[spring-boot-devtools-4.1.1.jar:4.1.1]
Caused by: org.springframework.beans.BeanInstantiationException: Failed to instantiate [com.aloha.mvc.config.SecurityConfig$$SpringCGLIB$$0]: Constructor threw exception
	at org.springframework.beans.BeanUtils.instantiateClass(BeanUtils.java:220) ~[spring-beans-7.0.9.jar:7.0.9]
	at org.springframework.beans.factory.support.SimpleInstantiationStrategy.instantiate(SimpleInstantiationStrategy.java:106) ~[spring-beans-7.0.9.jar:7.0.9]
	at org.springframework.beans.factory.support.AbstractAutowireCapableBeanFactory.instantiateBean(AbstractAutowireCapableBeanFactory.java:1336) ~[spring-beans-7.0.9.jar:7.0.9]
	... 24 common frames omitted
Caused by: java.lang.Error: Unresolved compilation problems: 
	Syntax error, insert "Identifier (" to complete MethodHeaderName
	Syntax error, insert ")" to complete MethodDeclaration
	Syntax error, insert ";" to complete ClassBodyDeclarations

	at com.aloha.mvc.config.SecurityConfig.<init>(SecurityConfig.java:8) ~[main/:na]
	at com.aloha.mvc.config.SecurityConfig$$SpringCGLIB$$0.<init>(<generated>) ~[main/:na]
	at java.base/jdk.internal.reflect.NativeConstructorAccessorImpl.newInstance0(Native Method) ~[na:na]
	at java.base/jdk.internal.reflect.NativeConstructorAccessorImpl.newInstance(NativeConstructorAccessorImpl.java:77) ~[na:na]
	at java.base/jdk.internal.reflect.DelegatingConstructorAccessorImpl.newInstance(DelegatingConstructorAccessorImpl.java:45) ~[na:na]
	at java.base/java.lang.reflect.Constructor.newInstanceWithCaller(Constructor.java:499) ~[na:na]
	at java.base/java.lang.reflect.Constructor.newInstance(Constructor.java:480) ~[na:na]
	at org.springframework.beans.BeanUtils.instantiateClass(BeanUtils.java:194) ~[spring-beans-7.0.9.jar:7.0.9]
	... 26 common frames omitted

2026-09-14T15:44:00.928+09:00  INFO 16044 --- [mvc] [restartedMain] com.aloha.mvc.MvcApplication             : Starting MvcApplication using Java 17.0.12 with PID 16044 (C:\ALOHA\GITHUB\AIOT7_SPRINGBOOT\mvc\bin\main started by Admin in C:\ALOHA\GITHUB\AIOT7_SPRINGBOOT\mvc)
2026-09-14T15:44:00.928+09:00  INFO 16044 --- [mvc] [restartedMain] com.aloha.mvc.MvcApplication             : No active profile set, falling back to 1 default profile: "default"
2026-09-14T15:44:01.101+09:00  INFO 16044 --- [mvc] [restartedMain] .s.d.r.c.RepositoryConfigurationDelegate : Bootstrapping Spring Data JPA repositories in DEFAULT mode.
2026-09-14T15:44:01.109+09:00  INFO 16044 --- [mvc] [restartedMain] .s.d.r.c.RepositoryConfigurationDelegate : Finished Spring Data repository scanning in 7 ms. Found 1 JPA repository interface.
2026-09-14T15:44:01.183+09:00  INFO 16044 --- [mvc] [restartedMain] o.s.boot.tomcat.TomcatWebServer          : Tomcat initialized with port 8080 (http)
2026-09-14T15:44:01.184+09:00  INFO 16044 --- [mvc] [restartedMain] o.apache.catalina.core.StandardService   : Starting service [Tomcat]
2026-09-14T15:44:01.184+09:00  INFO 16044 --- [mvc] [restartedMain] o.apache.catalina.core.StandardEngine    : Starting Servlet engine: [Apache Tomcat/11.0.24]
2026-09-14T15:44:01.227+09:00  INFO 16044 --- [mvc] [restartedMain] b.w.c.s.WebApplicationContextInitializer : Root WebApplicationContext: initialization completed in 297 ms
2026-09-14T15:44:01.280+09:00  INFO 16044 --- [mvc] [restartedMain] org.hibernate.orm.jpa                    : HHH008540: Processing PersistenceUnitInfo [name: default]
2026-09-14T15:44:01.319+09:00  INFO 16044 --- [mvc] [restartedMain] o.s.o.j.p.SpringPersistenceUnitInfo      : No LoadTimeWeaver setup: ignoring JPA class transformer
2026-09-14T15:44:01.321+09:00  INFO 16044 --- [mvc] [restartedMain] com.zaxxer.hikari.HikariDataSource       : HikariPool-8 - Starting...
2026-09-14T15:44:01.324+09:00  INFO 16044 --- [mvc] [restartedMain] com.zaxxer.hikari.pool.HikariPool        : HikariPool-8 - Added connection com.mysql.cj.jdbc.ConnectionImpl@200e2e41
2026-09-14T15:44:01.337+09:00  INFO 16044 --- [mvc] [restartedMain] com.zaxxer.hikari.HikariDataSource       : HikariPool-8 - Start completed.
2026-09-14T15:44:01.339+09:00  INFO 16044 --- [mvc] [restartedMain] org.hibernate.orm.connections.pooling    : HHH10001005: Database info:
	Database JDBC URL [jdbc:mysql://localhost:3306/aloha?serverTimezone=Asia/Seoul&allowPublicKeyRetrieval=true&useSSL=false]
	Database driver: MySQL Connector/J
	Database dialect: MySQLDialect
	Database version: 8.0.46
	Default catalog/schema: aloha/undefined
	Autocommit mode: undefined/unknown
	Isolation level: REPEATABLE_READ [default REPEATABLE_READ]
	JDBC fetch size: none
	Pool: DataSourceConnectionProvider
	Minimum pool size: undefined/unknown
	Maximum pool size: undefined/unknown
2026-09-14T15:44:01.407+09:00  INFO 16044 --- [mvc] [restartedMain] org.hibernate.orm.core                   : HHH000489: No JTA platform available (set 'hibernate.transaction.jta.platform' to enable JTA platform integration)
2026-09-14T15:44:01.419+09:00  INFO 16044 --- [mvc] [restartedMain] j.LocalContainerEntityManagerFactoryBean : Initialized JPA EntityManagerFactory for persistence unit 'default'
2026-09-14T15:44:01.436+09:00  WARN 16044 --- [mvc] [restartedMain] ConfigServletWebServerApplicationContext : Exception encountered during context initialization - cancelling refresh attempt: org.springframework.beans.factory.BeanCreationException: Error creating bean with name 'securityConfig' defined in file [C:\ALOHA\GITHUB\AIOT7_SPRINGBOOT\mvc\bin\main\com\aloha\mvc\config\SecurityConfig.class]: Failed to instantiate [com.aloha.mvc.config.SecurityConfig$$SpringCGLIB$$0]: Constructor threw exception
2026-09-14T15:44:01.437+09:00  INFO 16044 --- [mvc] [restartedMain] j.LocalContainerEntityManagerFactoryBean : Closing JPA EntityManagerFactory for persistence unit 'default'
2026-09-14T15:44:01.437+09:00  INFO 16044 --- [mvc] [restartedMain] com.zaxxer.hikari.HikariDataSource       : HikariPool-8 - Shutdown initiated...
2026-09-14T15:44:01.438+09:00  INFO 16044 --- [mvc] [restartedMain] com.zaxxer.hikari.HikariDataSource       : HikariPool-8 - Shutdown completed.
2026-09-14T15:44:01.438+09:00  INFO 16044 --- [mvc] [restartedMain] o.apache.catalina.core.StandardService   : Stopping service [Tomcat]
2026-09-14T15:44:01.443+09:00  INFO 16044 --- [mvc] [restartedMain] .s.b.a.l.ConditionEvaluationReportLogger : 

Error starting ApplicationContext. To display the condition evaluation report re-run your application with 'debug' enabled.
2026-09-14T15:44:01.446+09:00 ERROR 16044 --- [mvc] [restartedMain] o.s.boot.SpringApplication               : Application run failed

org.springframework.beans.factory.BeanCreationException: Error creating bean with name 'securityConfig' defined in file [C:\ALOHA\GITHUB\AIOT7_SPRINGBOOT\mvc\bin\main\com\aloha\mvc\config\SecurityConfig.class]: Failed to instantiate [com.aloha.mvc.config.SecurityConfig$$SpringCGLIB$$0]: Constructor threw exception
	at org.springframework.beans.factory.support.AbstractAutowireCapableBeanFactory.instantiateBean(AbstractAutowireCapableBeanFactory.java:1342) ~[spring-beans-7.0.9.jar:7.0.9]
	at org.springframework.beans.factory.support.AbstractAutowireCapableBeanFactory.createBeanInstance(AbstractAutowireCapableBeanFactory.java:1229) ~[spring-beans-7.0.9.jar:7.0.9]
	at org.springframework.beans.factory.support.AbstractAutowireCapableBeanFactory.doCreateBean(AbstractAutowireCapableBeanFactory.java:565) ~[spring-beans-7.0.9.jar:7.0.9]
	at org.springframework.beans.factory.support.AbstractAutowireCapableBeanFactory.createBean(AbstractAutowireCapableBeanFactory.java:525) ~[spring-beans-7.0.9.jar:7.0.9]
	at org.springframework.beans.factory.support.AbstractBeanFactory.lambda$doGetBean$0(AbstractBeanFactory.java:333) ~[spring-beans-7.0.9.jar:7.0.9]
	at org.springframework.beans.factory.support.DefaultSingletonBeanRegistry.getSingleton(DefaultSingletonBeanRegistry.java:371) ~[spring-beans-7.0.9.jar:7.0.9]
	at org.springframework.beans.factory.support.AbstractBeanFactory.doGetBean(AbstractBeanFactory.java:331) ~[spring-beans-7.0.9.jar:7.0.9]
	at org.springframework.beans.factory.support.AbstractBeanFactory.getBean(AbstractBeanFactory.java:196) ~[spring-beans-7.0.9.jar:7.0.9]
	at org.springframework.beans.factory.support.DefaultListableBeanFactory.instantiateSingleton(DefaultListableBeanFactory.java:1225) ~[spring-beans-7.0.9.jar:7.0.9]
	at org.springframework.beans.factory.support.DefaultListableBeanFactory.preInstantiateSingleton(DefaultListableBeanFactory.java:1191) ~[spring-beans-7.0.9.jar:7.0.9]
	at org.springframework.beans.factory.support.DefaultListableBeanFactory.preInstantiateSingletons(DefaultListableBeanFactory.java:1121) ~[spring-beans-7.0.9.jar:7.0.9]
	at org.springframework.context.support.AbstractApplicationContext.finishBeanFactoryInitialization(AbstractApplicationContext.java:994) ~[spring-context-7.0.9.jar:7.0.9]
	at org.springframework.context.support.AbstractApplicationContext.refresh(AbstractApplicationContext.java:621) ~[spring-context-7.0.9.jar:7.0.9]
	at org.springframework.boot.web.server.servlet.context.ServletWebServerApplicationContext.refresh(ServletWebServerApplicationContext.java:143) ~[spring-boot-web-server-4.1.1.jar:4.1.1]
	at org.springframework.boot.SpringApplication.refresh(SpringApplication.java:756) ~[spring-boot-4.1.1.jar:4.1.1]
	at org.springframework.boot.SpringApplication.refreshContext(SpringApplication.java:445) ~[spring-boot-4.1.1.jar:4.1.1]
	at org.springframework.boot.SpringApplication.run(SpringApplication.java:321) ~[spring-boot-4.1.1.jar:4.1.1]
	at org.springframework.boot.SpringApplication.run(SpringApplication.java:1365) ~[spring-boot-4.1.1.jar:4.1.1]
	at org.springframework.boot.SpringApplication.run(SpringApplication.java:1354) ~[spring-boot-4.1.1.jar:4.1.1]
	at com.aloha.mvc.MvcApplication.main(MvcApplication.java:10) ~[main/:na]
	at java.base/jdk.internal.reflect.NativeMethodAccessorImpl.invoke0(Native Method) ~[na:na]
	at java.base/jdk.internal.reflect.NativeMethodAccessorImpl.invoke(NativeMethodAccessorImpl.java:77) ~[na:na]
	at java.base/jdk.internal.reflect.DelegatingMethodAccessorImpl.invoke(DelegatingMethodAccessorImpl.java:43) ~[na:na]
	at java.base/java.lang.reflect.Method.invoke(Method.java:568) ~[na:na]
	at org.springframework.boot.devtools.restart.RestartLauncher.run(RestartLauncher.java:52) ~[spring-boot-devtools-4.1.1.jar:4.1.1]
Caused by: org.springframework.beans.BeanInstantiationException: Failed to instantiate [com.aloha.mvc.config.SecurityConfig$$SpringCGLIB$$0]: Constructor threw exception
	at org.springframework.beans.BeanUtils.instantiateClass(BeanUtils.java:220) ~[spring-beans-7.0.9.jar:7.0.9]
	at org.springframework.beans.factory.support.SimpleInstantiationStrategy.instantiate(SimpleInstantiationStrategy.java:106) ~[spring-beans-7.0.9.jar:7.0.9]
	at org.springframework.beans.factory.support.AbstractAutowireCapableBeanFactory.instantiateBean(AbstractAutowireCapableBeanFactory.java:1336) ~[spring-beans-7.0.9.jar:7.0.9]
	... 24 common frames omitted
Caused by: java.lang.Error: Unresolved compilation problems: 
	Syntax error, insert "Identifier (" to complete MethodHeaderName
	Syntax error, insert ")" to complete MethodDeclaration
	Syntax error, insert ";" to complete ClassBodyDeclarations

	at com.aloha.mvc.config.SecurityConfig.<init>(SecurityConfig.java:8) ~[main/:na]
	at com.aloha.mvc.config.SecurityConfig$$SpringCGLIB$$0.<init>(<generated>) ~[main/:na]
	at java.base/jdk.internal.reflect.NativeConstructorAccessorImpl.newInstance0(Native Method) ~[na:na]
	at java.base/jdk.internal.reflect.NativeConstructorAccessorImpl.newInstance(NativeConstructorAccessorImpl.java:77) ~[na:na]
	at java.base/jdk.internal.reflect.DelegatingConstructorAccessorImpl.newInstance(DelegatingConstructorAccessorImpl.java:45) ~[na:na]
	at java.base/java.lang.reflect.Constructor.newInstanceWithCaller(Constructor.java:499) ~[na:na]
	at java.base/java.lang.reflect.Constructor.newInstance(Constructor.java:480) ~[na:na]
	at org.springframework.beans.BeanUtils.instantiateClass(BeanUtils.java:194) ~[spring-beans-7.0.9.jar:7.0.9]
	... 26 common frames omitted

2026-09-14T15:45:03.232+09:00  INFO 16044 --- [mvc] [restartedMain] com.aloha.mvc.MvcApplication             : Starting MvcApplication using Java 17.0.12 with PID 16044 (C:\ALOHA\GITHUB\AIOT7_SPRINGBOOT\mvc\bin\main started by Admin in C:\ALOHA\GITHUB\AIOT7_SPRINGBOOT\mvc)
2026-09-14T15:45:03.233+09:00  INFO 16044 --- [mvc] [restartedMain] com.aloha.mvc.MvcApplication             : No active profile set, falling back to 1 default profile: "default"
2026-09-14T15:45:03.546+09:00  INFO 16044 --- [mvc] [restartedMain] .s.d.r.c.RepositoryConfigurationDelegate : Bootstrapping Spring Data JPA repositories in DEFAULT mode.
2026-09-14T15:45:03.669+09:00  INFO 16044 --- [mvc] [restartedMain] .s.d.r.c.RepositoryConfigurationDelegate : Finished Spring Data repository scanning in 114 ms. Found 1 JPA repository interface.
2026-09-14T15:45:03.826+09:00  INFO 16044 --- [mvc] [restartedMain] o.s.boot.tomcat.TomcatWebServer          : Tomcat initialized with port 8080 (http)
2026-09-14T15:45:03.832+09:00  INFO 16044 --- [mvc] [restartedMain] o.apache.catalina.core.StandardService   : Starting service [Tomcat]
2026-09-14T15:45:03.835+09:00  INFO 16044 --- [mvc] [restartedMain] o.apache.catalina.core.StandardEngine    : Starting Servlet engine: [Apache Tomcat/11.0.24]
2026-09-14T15:45:03.863+09:00  INFO 16044 --- [mvc] [restartedMain] b.w.c.s.WebApplicationContextInitializer : Root WebApplicationContext: initialization completed in 628 ms
2026-09-14T15:45:03.899+09:00  INFO 16044 --- [mvc] [restartedMain] org.hibernate.orm.jpa                    : HHH008540: Processing PersistenceUnitInfo [name: default]
2026-09-14T15:45:03.933+09:00  INFO 16044 --- [mvc] [restartedMain] o.s.o.j.p.SpringPersistenceUnitInfo      : No LoadTimeWeaver setup: ignoring JPA class transformer
2026-09-14T15:45:03.935+09:00  INFO 16044 --- [mvc] [restartedMain] com.zaxxer.hikari.HikariDataSource       : HikariPool-9 - Starting...
2026-09-14T15:45:03.940+09:00  INFO 16044 --- [mvc] [restartedMain] com.zaxxer.hikari.pool.HikariPool        : HikariPool-9 - Added connection com.mysql.cj.jdbc.ConnectionImpl@1acc830a
2026-09-14T15:45:03.940+09:00  INFO 16044 --- [mvc] [restartedMain] com.zaxxer.hikari.HikariDataSource       : HikariPool-9 - Start completed.
2026-09-14T15:45:03.942+09:00  INFO 16044 --- [mvc] [restartedMain] org.hibernate.orm.connections.pooling    : HHH10001005: Database info:
	Database JDBC URL [jdbc:mysql://localhost:3306/aloha?serverTimezone=Asia/Seoul&allowPublicKeyRetrieval=true&useSSL=false]
	Database driver: MySQL Connector/J
	Database dialect: MySQLDialect
	Database version: 8.0.46
	Default catalog/schema: aloha/undefined
	Autocommit mode: undefined/unknown
	Isolation level: REPEATABLE_READ [default REPEATABLE_READ]
	JDBC fetch size: none
	Pool: DataSourceConnectionProvider
	Minimum pool size: undefined/unknown
	Maximum pool size: undefined/unknown
2026-09-14T15:45:03.983+09:00  INFO 16044 --- [mvc] [restartedMain] org.hibernate.orm.core                   : HHH000489: No JTA platform available (set 'hibernate.transaction.jta.platform' to enable JTA platform integration)
2026-09-14T15:45:03.992+09:00  INFO 16044 --- [mvc] [restartedMain] j.LocalContainerEntityManagerFactoryBean : Initialized JPA EntityManagerFactory for persistence unit 'default'
2026-09-14T15:45:04.005+09:00  WARN 16044 --- [mvc] [restartedMain] ConfigServletWebServerApplicationContext : Exception encountered during context initialization - cancelling refresh attempt: org.springframework.beans.factory.BeanCreationException: Error creating bean with name 'securityConfig' defined in file [C:\ALOHA\GITHUB\AIOT7_SPRINGBOOT\mvc\bin\main\com\aloha\mvc\config\SecurityConfig.class]: Failed to instantiate [com.aloha.mvc.config.SecurityConfig$$SpringCGLIB$$0]: Constructor threw exception
2026-09-14T15:45:04.013+09:00  INFO 16044 --- [mvc] [restartedMain] j.LocalContainerEntityManagerFactoryBean : Closing JPA EntityManagerFactory for persistence unit 'default'
2026-09-14T15:45:04.015+09:00  INFO 16044 --- [mvc] [restartedMain] com.zaxxer.hikari.HikariDataSource       : HikariPool-9 - Shutdown initiated...
2026-09-14T15:45:04.069+09:00  INFO 16044 --- [mvc] [restartedMain] com.zaxxer.hikari.HikariDataSource       : HikariPool-9 - Shutdown completed.
2026-09-14T15:45:04.071+09:00  INFO 16044 --- [mvc] [restartedMain] o.apache.catalina.core.StandardService   : Stopping service [Tomcat]
2026-09-14T15:45:04.075+09:00  INFO 16044 --- [mvc] [restartedMain] .s.b.a.l.ConditionEvaluationReportLogger : 

Error starting ApplicationContext. To display the condition evaluation report re-run your application with 'debug' enabled.
2026-09-14T15:45:04.079+09:00 ERROR 16044 --- [mvc] [restartedMain] o.s.boot.SpringApplication               : Application run failed

org.springframework.beans.factory.BeanCreationException: Error creating bean with name 'securityConfig' defined in file [C:\ALOHA\GITHUB\AIOT7_SPRINGBOOT\mvc\bin\main\com\aloha\mvc\config\SecurityConfig.class]: Failed to instantiate [com.aloha.mvc.config.SecurityConfig$$SpringCGLIB$$0]: Constructor threw exception
	at org.springframework.beans.factory.support.AbstractAutowireCapableBeanFactory.instantiateBean(AbstractAutowireCapableBeanFactory.java:1342) ~[spring-beans-7.0.9.jar:7.0.9]
	at org.springframework.beans.factory.support.AbstractAutowireCapableBeanFactory.createBeanInstance(AbstractAutowireCapableBeanFactory.java:1229) ~[spring-beans-7.0.9.jar:7.0.9]
	at org.springframework.beans.factory.support.AbstractAutowireCapableBeanFactory.doCreateBean(AbstractAutowireCapableBeanFactory.java:565) ~[spring-beans-7.0.9.jar:7.0.9]
	at org.springframework.beans.factory.support.AbstractAutowireCapableBeanFactory.createBean(AbstractAutowireCapableBeanFactory.java:525) ~[spring-beans-7.0.9.jar:7.0.9]
	at org.springframework.beans.factory.support.AbstractBeanFactory.lambda$doGetBean$0(AbstractBeanFactory.java:333) ~[spring-beans-7.0.9.jar:7.0.9]
	at org.springframework.beans.factory.support.DefaultSingletonBeanRegistry.getSingleton(DefaultSingletonBeanRegistry.java:371) ~[spring-beans-7.0.9.jar:7.0.9]
	at org.springframework.beans.factory.support.AbstractBeanFactory.doGetBean(AbstractBeanFactory.java:331) ~[spring-beans-7.0.9.jar:7.0.9]
	at org.springframework.beans.factory.support.AbstractBeanFactory.getBean(AbstractBeanFactory.java:196) ~[spring-beans-7.0.9.jar:7.0.9]
	at org.springframework.beans.factory.support.DefaultListableBeanFactory.instantiateSingleton(DefaultListableBeanFactory.java:1225) ~[spring-beans-7.0.9.jar:7.0.9]
	at org.springframework.beans.factory.support.DefaultListableBeanFactory.preInstantiateSingleton(DefaultListableBeanFactory.java:1191) ~[spring-beans-7.0.9.jar:7.0.9]
	at org.springframework.beans.factory.support.DefaultListableBeanFactory.preInstantiateSingletons(DefaultListableBeanFactory.java:1121) ~[spring-beans-7.0.9.jar:7.0.9]
	at org.springframework.context.support.AbstractApplicationContext.finishBeanFactoryInitialization(AbstractApplicationContext.java:994) ~[spring-context-7.0.9.jar:7.0.9]
	at org.springframework.context.support.AbstractApplicationContext.refresh(AbstractApplicationContext.java:621) ~[spring-context-7.0.9.jar:7.0.9]
	at org.springframework.boot.web.server.servlet.context.ServletWebServerApplicationContext.refresh(ServletWebServerApplicationContext.java:143) ~[spring-boot-web-server-4.1.1.jar:4.1.1]
	at org.springframework.boot.SpringApplication.refresh(SpringApplication.java:756) ~[spring-boot-4.1.1.jar:4.1.1]
	at org.springframework.boot.SpringApplication.refreshContext(SpringApplication.java:445) ~[spring-boot-4.1.1.jar:4.1.1]
	at org.springframework.boot.SpringApplication.run(SpringApplication.java:321) ~[spring-boot-4.1.1.jar:4.1.1]
	at org.springframework.boot.SpringApplication.run(SpringApplication.java:1365) ~[spring-boot-4.1.1.jar:4.1.1]
	at org.springframework.boot.SpringApplication.run(SpringApplication.java:1354) ~[spring-boot-4.1.1.jar:4.1.1]
	at com.aloha.mvc.MvcApplication.main(MvcApplication.java:10) ~[main/:na]
	at java.base/jdk.internal.reflect.NativeMethodAccessorImpl.invoke0(Native Method) ~[na:na]
	at java.base/jdk.internal.reflect.NativeMethodAccessorImpl.invoke(NativeMethodAccessorImpl.java:77) ~[na:na]
	at java.base/jdk.internal.reflect.DelegatingMethodAccessorImpl.invoke(DelegatingMethodAccessorImpl.java:43) ~[na:na]
	at java.base/java.lang.reflect.Method.invoke(Method.java:568) ~[na:na]
	at org.springframework.boot.devtools.restart.RestartLauncher.run(RestartLauncher.java:52) ~[spring-boot-devtools-4.1.1.jar:4.1.1]
Caused by: org.springframework.beans.BeanInstantiationException: Failed to instantiate [com.aloha.mvc.config.SecurityConfig$$SpringCGLIB$$0]: Constructor threw exception
	at org.springframework.beans.BeanUtils.instantiateClass(BeanUtils.java:220) ~[spring-beans-7.0.9.jar:7.0.9]
	at org.springframework.beans.factory.support.SimpleInstantiationStrategy.instantiate(SimpleInstantiationStrategy.java:106) ~[spring-beans-7.0.9.jar:7.0.9]
	at org.springframework.beans.factory.support.AbstractAutowireCapableBeanFactory.instantiateBean(AbstractAutowireCapableBeanFactory.java:1336) ~[spring-beans-7.0.9.jar:7.0.9]
	... 24 common frames omitted
Caused by: java.lang.Error: Unresolved compilation problems: 
	Syntax error, insert "Identifier (" to complete MethodHeaderName
	Syntax error, insert ")" to complete MethodDeclaration
	Syntax error, insert ";" to complete ClassBodyDeclarations

	at com.aloha.mvc.config.SecurityConfig.<init>(SecurityConfig.java:8) ~[main/:na]
	at com.aloha.mvc.config.SecurityConfig$$SpringCGLIB$$0.<init>(<generated>) ~[main/:na]
	at java.base/jdk.internal.reflect.NativeConstructorAccessorImpl.newInstance0(Native Method) ~[na:na]
	at java.base/jdk.internal.reflect.NativeConstructorAccessorImpl.newInstance(NativeConstructorAccessorImpl.java:77) ~[na:na]
	at java.base/jdk.internal.reflect.DelegatingConstructorAccessorImpl.newInstance(DelegatingConstructorAccessorImpl.java:45) ~[na:na]
	at java.base/java.lang.reflect.Constructor.newInstanceWithCaller(Constructor.java:499) ~[na:na]
	at java.base/java.lang.reflect.Constructor.newInstance(Constructor.java:480) ~[na:na]
	at org.springframework.beans.BeanUtils.instantiateClass(BeanUtils.java:194) ~[spring-beans-7.0.9.jar:7.0.9]
	... 26 common frames omitted

2026-09-14T15:45:28.174+09:00  INFO 16044 --- [mvc] [restartedMain] com.aloha.mvc.MvcApplication             : Starting MvcApplication using Java 17.0.12 with PID 16044 (C:\ALOHA\GITHUB\AIOT7_SPRINGBOOT\mvc\bin\main started by Admin in C:\ALOHA\GITHUB\AIOT7_SPRINGBOOT\mvc)
2026-09-14T15:45:28.175+09:00  INFO 16044 --- [mvc] [restartedMain] com.aloha.mvc.MvcApplication             : No active profile set, falling back to 1 default profile: "default"
2026-09-14T15:45:28.464+09:00  INFO 16044 --- [mvc] [restartedMain] .s.d.r.c.RepositoryConfigurationDelegate : Bootstrapping Spring Data JPA repositories in DEFAULT mode.
2026-09-14T15:45:28.504+09:00  INFO 16044 --- [mvc] [restartedMain] .s.d.r.c.RepositoryConfigurationDelegate : Finished Spring Data repository scanning in 32 ms. Found 1 JPA repository interface.
2026-09-14T15:45:28.541+09:00  WARN 16044 --- [mvc] [restartedMain] ConfigServletWebServerApplicationContext : Exception encountered during context initialization - cancelling refresh attempt: org.springframework.beans.factory.BeanDefinitionStoreException: Could not enhance configuration class [com.aloha.mvc.config.SecurityConfig]. Consider declaring @Configuration(proxyBeanMethods=false) without inter-bean references between @Bean methods on the configuration class, avoiding the need for CGLIB enhancement.
2026-09-14T15:45:28.542+09:00  INFO 16044 --- [mvc] [restartedMain] .s.b.a.l.ConditionEvaluationReportLogger : 

Error starting ApplicationContext. To display the condition evaluation report re-run your application with 'debug' enabled.
2026-09-14T15:45:28.547+09:00 ERROR 16044 --- [mvc] [restartedMain] o.s.boot.SpringApplication               : Application run failed

org.springframework.beans.factory.BeanDefinitionStoreException: Could not enhance configuration class [com.aloha.mvc.config.SecurityConfig]. Consider declaring @Configuration(proxyBeanMethods=false) without inter-bean references between @Bean methods on the configuration class, avoiding the need for CGLIB enhancement.
	at org.springframework.context.annotation.ConfigurationClassEnhancer.enhance(ConfigurationClassEnhancer.java:136) ~[spring-context-7.0.9.jar:7.0.9]
	at org.springframework.context.annotation.ConfigurationClassPostProcessor.enhanceConfigurationClasses(ConfigurationClassPostProcessor.java:576) ~[spring-context-7.0.9.jar:7.0.9]
	at org.springframework.context.annotation.ConfigurationClassPostProcessor.postProcessBeanFactory(ConfigurationClassPostProcessor.java:337) ~[spring-context-7.0.9.jar:7.0.9]
	at org.springframework.context.support.PostProcessorRegistrationDelegate.invokeBeanFactoryPostProcessors(PostProcessorRegistrationDelegate.java:363) ~[spring-context-7.0.9.jar:7.0.9]
	at org.springframework.context.support.PostProcessorRegistrationDelegate.invokeBeanFactoryPostProcessors(PostProcessorRegistrationDelegate.java:153) ~[spring-context-7.0.9.jar:7.0.9]
	at org.springframework.context.support.AbstractApplicationContext.invokeBeanFactoryPostProcessors(AbstractApplicationContext.java:795) ~[spring-context-7.0.9.jar:7.0.9]
	at org.springframework.context.support.AbstractApplicationContext.refresh(AbstractApplicationContext.java:603) ~[spring-context-7.0.9.jar:7.0.9]
	at org.springframework.boot.web.server.servlet.context.ServletWebServerApplicationContext.refresh(ServletWebServerApplicationContext.java:143) ~[spring-boot-web-server-4.1.1.jar:4.1.1]
	at org.springframework.boot.SpringApplication.refresh(SpringApplication.java:756) ~[spring-boot-4.1.1.jar:4.1.1]
	at org.springframework.boot.SpringApplication.refreshContext(SpringApplication.java:445) ~[spring-boot-4.1.1.jar:4.1.1]
	at org.springframework.boot.SpringApplication.run(SpringApplication.java:321) ~[spring-boot-4.1.1.jar:4.1.1]
	at org.springframework.boot.SpringApplication.run(SpringApplication.java:1365) ~[spring-boot-4.1.1.jar:4.1.1]
	at org.springframework.boot.SpringApplication.run(SpringApplication.java:1354) ~[spring-boot-4.1.1.jar:4.1.1]
	at com.aloha.mvc.MvcApplication.main(MvcApplication.java:10) ~[main/:na]
	at java.base/jdk.internal.reflect.NativeMethodAccessorImpl.invoke0(Native Method) ~[na:na]
	at java.base/jdk.internal.reflect.NativeMethodAccessorImpl.invoke(NativeMethodAccessorImpl.java:77) ~[na:na]
	at java.base/jdk.internal.reflect.DelegatingMethodAccessorImpl.invoke(DelegatingMethodAccessorImpl.java:43) ~[na:na]
	at java.base/java.lang.reflect.Method.invoke(Method.java:568) ~[na:na]
	at org.springframework.boot.devtools.restart.RestartLauncher.run(RestartLauncher.java:52) ~[spring-boot-devtools-4.1.1.jar:4.1.1]
Caused by: org.springframework.cglib.core.CodeGenerationException: java.lang.NoClassDefFoundError-->org/springframework/security/crypto/password/PasswordEncoder
	at org.springframework.context.annotation.ConfigurationClassEnhancer.createClass(ConfigurationClassEnhancer.java:202) ~[spring-context-7.0.9.jar:7.0.9]
	at org.springframework.context.annotation.ConfigurationClassEnhancer.enhance(ConfigurationClassEnhancer.java:128) ~[spring-context-7.0.9.jar:7.0.9]
	... 18 common frames omitted
Caused by: java.lang.NoClassDefFoundError: org/springframework/security/crypto/password/PasswordEncoder
	at java.base/java.lang.Class.getDeclaredMethods0(Native Method) ~[na:na]
	at java.base/java.lang.Class.privateGetDeclaredMethods(Class.java:3402) ~[na:na]
	at java.base/java.lang.Class.getDeclaredMethods(Class.java:2504) ~[na:na]
	at org.springframework.cglib.core.ReflectUtils.addAllMethods(ReflectUtils.java:396) ~[spring-core-7.0.9.jar:7.0.9]
	at org.springframework.cglib.proxy.Enhancer.getMethods(Enhancer.java:627) ~[spring-core-7.0.9.jar:7.0.9]
	at org.springframework.cglib.proxy.Enhancer.generateClass(Enhancer.java:664) ~[spring-core-7.0.9.jar:7.0.9]
	at org.springframework.cglib.transform.TransformingClassGenerator.generateClass(TransformingClassGenerator.java:35) ~[spring-core-7.0.9.jar:7.0.9]
	at org.springframework.cglib.core.DefaultGeneratorStrategy.generate(DefaultGeneratorStrategy.java:26) ~[spring-core-7.0.9.jar:7.0.9]
	at org.springframework.cglib.core.ClassLoaderAwareGeneratorStrategy.lambda$new$0(ClassLoaderAwareGeneratorStrategy.java:41) ~[spring-core-7.0.9.jar:7.0.9]
	at org.springframework.cglib.core.ClassLoaderAwareGeneratorStrategy.generate(ClassLoaderAwareGeneratorStrategy.java:76) ~[spring-core-7.0.9.jar:7.0.9]
	at org.springframework.cglib.core.AbstractClassGenerator.generate(AbstractClassGenerator.java:370) ~[spring-core-7.0.9.jar:7.0.9]
	at org.springframework.cglib.proxy.Enhancer.generate(Enhancer.java:575) ~[spring-core-7.0.9.jar:7.0.9]
	at org.springframework.cglib.core.AbstractClassGenerator$ClassLoaderData.get(AbstractClassGenerator.java:133) ~[spring-core-7.0.9.jar:7.0.9]
	at org.springframework.cglib.core.AbstractClassGenerator.create(AbstractClassGenerator.java:321) ~[spring-core-7.0.9.jar:7.0.9]
	at org.springframework.cglib.proxy.Enhancer.createHelper(Enhancer.java:562) ~[spring-core-7.0.9.jar:7.0.9]
	at org.springframework.cglib.proxy.Enhancer.createClass(Enhancer.java:407) ~[spring-core-7.0.9.jar:7.0.9]
	at org.springframework.context.annotation.ConfigurationClassEnhancer.createClass(ConfigurationClassEnhancer.java:198) ~[spring-context-7.0.9.jar:7.0.9]
	... 19 common frames omitted
Caused by: java.lang.ClassNotFoundException: org.springframework.security.crypto.password.PasswordEncoder
	at java.base/jdk.internal.loader.BuiltinClassLoader.loadClass(BuiltinClassLoader.java:641) ~[na:na]
	at java.base/jdk.internal.loader.ClassLoaders$AppClassLoader.loadClass(ClassLoaders.java:188) ~[na:na]
	at java.base/java.lang.ClassLoader.loadClass(ClassLoader.java:525) ~[na:na]
	at java.base/java.lang.Class.forName0(Native Method) ~[na:na]
	at java.base/java.lang.Class.forName(Class.java:467) ~[na:na]
	at org.springframework.boot.devtools.restart.classloader.RestartClassLoader.loadClass(RestartClassLoader.java:123) ~[spring-boot-devtools-4.1.1.jar:4.1.1]
	at java.base/java.lang.ClassLoader.loadClass(ClassLoader.java:525) ~[na:na]
	... 36 common frames omitted

2026-09-14T15:45:55.864+09:00  INFO 16044 --- [mvc] [restartedMain] com.aloha.mvc.MvcApplication             : Starting MvcApplication using Java 17.0.12 with PID 16044 (C:\ALOHA\GITHUB\AIOT7_SPRINGBOOT\mvc\bin\main started by Admin in C:\ALOHA\GITHUB\AIOT7_SPRINGBOOT\mvc)
2026-09-14T15:45:55.864+09:00  INFO 16044 --- [mvc] [restartedMain] com.aloha.mvc.MvcApplication             : No active profile set, falling back to 1 default profile: "default"
2026-09-14T15:45:56.070+09:00  INFO 16044 --- [mvc] [restartedMain] .s.d.r.c.RepositoryConfigurationDelegate : Bootstrapping Spring Data JPA repositories in DEFAULT mode.
2026-09-14T15:45:56.079+09:00  INFO 16044 --- [mvc] [restartedMain] .s.d.r.c.RepositoryConfigurationDelegate : Finished Spring Data repository scanning in 7 ms. Found 1 JPA repository interface.
2026-09-14T15:45:56.123+09:00  WARN 16044 --- [mvc] [restartedMain] ConfigServletWebServerApplicationContext : Exception encountered during context initialization - cancelling refresh attempt: org.springframework.beans.factory.BeanDefinitionStoreException: Could not enhance configuration class [com.aloha.mvc.config.SecurityConfig]. Consider declaring @Configuration(proxyBeanMethods=false) without inter-bean references between @Bean methods on the configuration class, avoiding the need for CGLIB enhancement.
2026-09-14T15:45:56.125+09:00  INFO 16044 --- [mvc] [restartedMain] .s.b.a.l.ConditionEvaluationReportLogger : 

Error starting ApplicationContext. To display the condition evaluation report re-run your application with 'debug' enabled.
2026-09-14T15:45:56.128+09:00 ERROR 16044 --- [mvc] [restartedMain] o.s.boot.SpringApplication               : Application run failed

org.springframework.beans.factory.BeanDefinitionStoreException: Could not enhance configuration class [com.aloha.mvc.config.SecurityConfig]. Consider declaring @Configuration(proxyBeanMethods=false) without inter-bean references between @Bean methods on the configuration class, avoiding the need for CGLIB enhancement.
	at org.springframework.context.annotation.ConfigurationClassEnhancer.enhance(ConfigurationClassEnhancer.java:136) ~[spring-context-7.0.9.jar:7.0.9]
	at org.springframework.context.annotation.ConfigurationClassPostProcessor.enhanceConfigurationClasses(ConfigurationClassPostProcessor.java:576) ~[spring-context-7.0.9.jar:7.0.9]
	at org.springframework.context.annotation.ConfigurationClassPostProcessor.postProcessBeanFactory(ConfigurationClassPostProcessor.java:337) ~[spring-context-7.0.9.jar:7.0.9]
	at org.springframework.context.support.PostProcessorRegistrationDelegate.invokeBeanFactoryPostProcessors(PostProcessorRegistrationDelegate.java:363) ~[spring-context-7.0.9.jar:7.0.9]
	at org.springframework.context.support.PostProcessorRegistrationDelegate.invokeBeanFactoryPostProcessors(PostProcessorRegistrationDelegate.java:153) ~[spring-context-7.0.9.jar:7.0.9]
	at org.springframework.context.support.AbstractApplicationContext.invokeBeanFactoryPostProcessors(AbstractApplicationContext.java:795) ~[spring-context-7.0.9.jar:7.0.9]
	at org.springframework.context.support.AbstractApplicationContext.refresh(AbstractApplicationContext.java:603) ~[spring-context-7.0.9.jar:7.0.9]
	at org.springframework.boot.web.server.servlet.context.ServletWebServerApplicationContext.refresh(ServletWebServerApplicationContext.java:143) ~[spring-boot-web-server-4.1.1.jar:4.1.1]
	at org.springframework.boot.SpringApplication.refresh(SpringApplication.java:756) ~[spring-boot-4.1.1.jar:4.1.1]
	at org.springframework.boot.SpringApplication.refreshContext(SpringApplication.java:445) ~[spring-boot-4.1.1.jar:4.1.1]
	at org.springframework.boot.SpringApplication.run(SpringApplication.java:321) ~[spring-boot-4.1.1.jar:4.1.1]
	at org.springframework.boot.SpringApplication.run(SpringApplication.java:1365) ~[spring-boot-4.1.1.jar:4.1.1]
	at org.springframework.boot.SpringApplication.run(SpringApplication.java:1354) ~[spring-boot-4.1.1.jar:4.1.1]
	at com.aloha.mvc.MvcApplication.main(MvcApplication.java:10) ~[main/:na]
	at java.base/jdk.internal.reflect.NativeMethodAccessorImpl.invoke0(Native Method) ~[na:na]
	at java.base/jdk.internal.reflect.NativeMethodAccessorImpl.invoke(NativeMethodAccessorImpl.java:77) ~[na:na]
	at java.base/jdk.internal.reflect.DelegatingMethodAccessorImpl.invoke(DelegatingMethodAccessorImpl.java:43) ~[na:na]
	at java.base/java.lang.reflect.Method.invoke(Method.java:568) ~[na:na]
	at org.springframework.boot.devtools.restart.RestartLauncher.run(RestartLauncher.java:52) ~[spring-boot-devtools-4.1.1.jar:4.1.1]
Caused by: org.springframework.cglib.core.CodeGenerationException: java.lang.NoClassDefFoundError-->org/springframework/security/crypto/password/PasswordEncoder
	at org.springframework.context.annotation.ConfigurationClassEnhancer.createClass(ConfigurationClassEnhancer.java:202) ~[spring-context-7.0.9.jar:7.0.9]
	at org.springframework.context.annotation.ConfigurationClassEnhancer.enhance(ConfigurationClassEnhancer.java:128) ~[spring-context-7.0.9.jar:7.0.9]
	... 18 common frames omitted
Caused by: java.lang.NoClassDefFoundError: org/springframework/security/crypto/password/PasswordEncoder
	at java.base/java.lang.Class.getDeclaredConstructors0(Native Method) ~[na:na]
	at java.base/java.lang.Class.privateGetDeclaredConstructors(Class.java:3373) ~[na:na]
	at java.base/java.lang.Class.getDeclaredConstructors(Class.java:2555) ~[na:na]
	at org.springframework.cglib.proxy.Enhancer.generateClass(Enhancer.java:655) ~[spring-core-7.0.9.jar:7.0.9]
	at org.springframework.cglib.transform.TransformingClassGenerator.generateClass(TransformingClassGenerator.java:35) ~[spring-core-7.0.9.jar:7.0.9]
	at org.springframework.cglib.core.DefaultGeneratorStrategy.generate(DefaultGeneratorStrategy.java:26) ~[spring-core-7.0.9.jar:7.0.9]
	at org.springframework.cglib.core.ClassLoaderAwareGeneratorStrategy.lambda$new$0(ClassLoaderAwareGeneratorStrategy.java:41) ~[spring-core-7.0.9.jar:7.0.9]
	at org.springframework.cglib.core.ClassLoaderAwareGeneratorStrategy.generate(ClassLoaderAwareGeneratorStrategy.java:76) ~[spring-core-7.0.9.jar:7.0.9]
	at org.springframework.cglib.core.AbstractClassGenerator.generate(AbstractClassGenerator.java:370) ~[spring-core-7.0.9.jar:7.0.9]
	at org.springframework.cglib.proxy.Enhancer.generate(Enhancer.java:575) ~[spring-core-7.0.9.jar:7.0.9]
	at org.springframework.cglib.core.AbstractClassGenerator$ClassLoaderData.get(AbstractClassGenerator.java:133) ~[spring-core-7.0.9.jar:7.0.9]
	at org.springframework.cglib.core.AbstractClassGenerator.create(AbstractClassGenerator.java:321) ~[spring-core-7.0.9.jar:7.0.9]
	at org.springframework.cglib.proxy.Enhancer.createHelper(Enhancer.java:562) ~[spring-core-7.0.9.jar:7.0.9]
	at org.springframework.cglib.proxy.Enhancer.createClass(Enhancer.java:407) ~[spring-core-7.0.9.jar:7.0.9]
	at org.springframework.context.annotation.ConfigurationClassEnhancer.createClass(ConfigurationClassEnhancer.java:198) ~[spring-context-7.0.9.jar:7.0.9]
	... 19 common frames omitted
Caused by: java.lang.ClassNotFoundException: org.springframework.security.crypto.password.PasswordEncoder
	at java.base/jdk.internal.loader.BuiltinClassLoader.loadClass(BuiltinClassLoader.java:641) ~[na:na]
	at java.base/jdk.internal.loader.ClassLoaders$AppClassLoader.loadClass(ClassLoaders.java:188) ~[na:na]
	at java.base/java.lang.ClassLoader.loadClass(ClassLoader.java:525) ~[na:na]
	at java.base/java.lang.Class.forName0(Native Method) ~[na:na]
	at java.base/java.lang.Class.forName(Class.java:467) ~[na:na]
	at org.springframework.boot.devtools.restart.classloader.RestartClassLoader.loadClass(RestartClassLoader.java:123) ~[spring-boot-devtools-4.1.1.jar:4.1.1]
	at java.base/java.lang.ClassLoader.loadClass(ClassLoader.java:525) ~[na:na]
	... 34 common frames omitted

2026-09-14T15:46:04.773+09:00  INFO 16044 --- [mvc] [restartedMain] com.aloha.mvc.MvcApplication             : Starting MvcApplication using Java 17.0.12 with PID 16044 (C:\ALOHA\GITHUB\AIOT7_SPRINGBOOT\mvc\bin\main started by Admin in C:\ALOHA\GITHUB\AIOT7_SPRINGBOOT\mvc)
2026-09-14T15:46:04.774+09:00  INFO 16044 --- [mvc] [restartedMain] com.aloha.mvc.MvcApplication             : No active profile set, falling back to 1 default profile: "default"
2026-09-14T15:46:04.933+09:00  WARN 16044 --- [mvc] [restartedMain] ConfigServletWebServerApplicationContext : Exception encountered during context initialization - cancelling refresh attempt: java.lang.IllegalStateException: Error processing condition on org.springframework.boot.autoconfigure.context.PropertyPlaceholderAutoConfiguration.propertySourcesPlaceholderConfigurer
2026-09-14T15:46:04.933+09:00  INFO 16044 --- [mvc] [restartedMain] .s.b.a.l.ConditionEvaluationReportLogger : 

Error starting ApplicationContext. To display the condition evaluation report re-run your application with 'debug' enabled.
2026-09-14T15:46:04.936+09:00 ERROR 16044 --- [mvc] [restartedMain] o.s.boot.SpringApplication               : Application run failed

java.lang.IllegalStateException: Error processing condition on org.springframework.boot.autoconfigure.context.PropertyPlaceholderAutoConfiguration.propertySourcesPlaceholderConfigurer
	at org.springframework.boot.autoconfigure.condition.SpringBootCondition.matches(SpringBootCondition.java:60) ~[spring-boot-autoconfigure-4.1.1.jar:4.1.1]
	at org.springframework.context.annotation.ConditionEvaluator.shouldSkip(ConditionEvaluator.java:100) ~[spring-context-7.0.9.jar:7.0.9]
	at org.springframework.context.annotation.ConfigurationClassBeanDefinitionReader.loadBeanDefinitionsForBeanMethod(ConfigurationClassBeanDefinitionReader.java:196) ~[spring-context-7.0.9.jar:7.0.9]
	at org.springframework.context.annotation.ConfigurationClassBeanDefinitionReader.loadBeanDefinitionsForConfigurationClass(ConfigurationClassBeanDefinitionReader.java:148) ~[spring-context-7.0.9.jar:7.0.9]
	at org.springframework.context.annotation.ConfigurationClassBeanDefinitionReader.loadBeanDefinitions(ConfigurationClassBeanDefinitionReader.java:124) ~[spring-context-7.0.9.jar:7.0.9]
	at org.springframework.context.annotation.ConfigurationClassPostProcessor.processConfigBeanDefinitions(ConfigurationClassPostProcessor.java:464) ~[spring-context-7.0.9.jar:7.0.9]
	at org.springframework.context.annotation.ConfigurationClassPostProcessor.postProcessBeanDefinitionRegistry(ConfigurationClassPostProcessor.java:316) ~[spring-context-7.0.9.jar:7.0.9]
	at org.springframework.context.support.PostProcessorRegistrationDelegate.invokeBeanDefinitionRegistryPostProcessors(PostProcessorRegistrationDelegate.java:349) ~[spring-context-7.0.9.jar:7.0.9]
	at org.springframework.context.support.PostProcessorRegistrationDelegate.invokeBeanFactoryPostProcessors(PostProcessorRegistrationDelegate.java:118) ~[spring-context-7.0.9.jar:7.0.9]
	at org.springframework.context.support.AbstractApplicationContext.invokeBeanFactoryPostProcessors(AbstractApplicationContext.java:795) ~[spring-context-7.0.9.jar:7.0.9]
	at org.springframework.context.support.AbstractApplicationContext.refresh(AbstractApplicationContext.java:603) ~[spring-context-7.0.9.jar:7.0.9]
	at org.springframework.boot.web.server.servlet.context.ServletWebServerApplicationContext.refresh(ServletWebServerApplicationContext.java:143) ~[spring-boot-web-server-4.1.1.jar:4.1.1]
	at org.springframework.boot.SpringApplication.refresh(SpringApplication.java:756) ~[spring-boot-4.1.1.jar:4.1.1]
	at org.springframework.boot.SpringApplication.refreshContext(SpringApplication.java:445) ~[spring-boot-4.1.1.jar:4.1.1]
	at org.springframework.boot.SpringApplication.run(SpringApplication.java:321) ~[spring-boot-4.1.1.jar:4.1.1]
	at org.springframework.boot.SpringApplication.run(SpringApplication.java:1365) ~[spring-boot-4.1.1.jar:4.1.1]
	at org.springframework.boot.SpringApplication.run(SpringApplication.java:1354) ~[spring-boot-4.1.1.jar:4.1.1]
	at com.aloha.mvc.MvcApplication.main(MvcApplication.java:10) ~[main/:na]
	at java.base/jdk.internal.reflect.NativeMethodAccessorImpl.invoke0(Native Method) ~[na:na]
	at java.base/jdk.internal.reflect.NativeMethodAccessorImpl.invoke(NativeMethodAccessorImpl.java:77) ~[na:na]
	at java.base/jdk.internal.reflect.DelegatingMethodAccessorImpl.invoke(DelegatingMethodAccessorImpl.java:43) ~[na:na]
	at java.base/java.lang.reflect.Method.invoke(Method.java:568) ~[na:na]
	at org.springframework.boot.devtools.restart.RestartLauncher.run(RestartLauncher.java:52) ~[spring-boot-devtools-4.1.1.jar:4.1.1]
Caused by: java.lang.IllegalStateException: Failed to introspect Class [com.aloha.mvc.config.SecurityConfig] from ClassLoader [org.springframework.boot.devtools.restart.classloader.RestartClassLoader@239e67f4]
	at org.springframework.util.ReflectionUtils.getDeclaredMethods(ReflectionUtils.java:483) ~[spring-core-7.0.9.jar:7.0.9]
	at org.springframework.util.ReflectionUtils.doWithMethods(ReflectionUtils.java:360) ~[spring-core-7.0.9.jar:7.0.9]
	at org.springframework.util.ReflectionUtils.getUniqueDeclaredMethods(ReflectionUtils.java:417) ~[spring-core-7.0.9.jar:7.0.9]
	at org.springframework.beans.factory.support.AbstractAutowireCapableBeanFactory.lambda$getTypeForFactoryMethod$0(AbstractAutowireCapableBeanFactory.java:748) ~[spring-beans-7.0.9.jar:7.0.9]
	at java.base/java.util.concurrent.ConcurrentHashMap.computeIfAbsent(ConcurrentHashMap.java:1708) ~[na:na]
	at org.springframework.beans.factory.support.AbstractAutowireCapableBeanFactory.getTypeForFactoryMethod(AbstractAutowireCapableBeanFactory.java:747) ~[spring-beans-7.0.9.jar:7.0.9]
	at org.springframework.beans.factory.support.AbstractAutowireCapableBeanFactory.determineTargetType(AbstractAutowireCapableBeanFactory.java:681) ~[spring-beans-7.0.9.jar:7.0.9]
	at org.springframework.beans.factory.support.AbstractAutowireCapableBeanFactory.predictBeanType(AbstractAutowireCapableBeanFactory.java:653) ~[spring-beans-7.0.9.jar:7.0.9]
	at org.springframework.beans.factory.support.AbstractBeanFactory.isFactoryBean(AbstractBeanFactory.java:1699) ~[spring-beans-7.0.9.jar:7.0.9]
	at org.springframework.beans.factory.support.DefaultListableBeanFactory.doGetBeanNamesForType(DefaultListableBeanFactory.java:632) ~[spring-beans-7.0.9.jar:7.0.9]
	at org.springframework.beans.factory.support.DefaultListableBeanFactory.getBeanNamesForType(DefaultListableBeanFactory.java:604) ~[spring-beans-7.0.9.jar:7.0.9]
	at org.springframework.beans.factory.support.DefaultListableBeanFactory.getBeanNamesForType(DefaultListableBeanFactory.java:589) ~[spring-beans-7.0.9.jar:7.0.9]
	at org.springframework.boot.autoconfigure.condition.OnBeanCondition.collectBeanDefinitionsForType(OnBeanCondition.java:334) ~[spring-boot-autoconfigure-4.1.1.jar:4.1.1]
	at org.springframework.boot.autoconfigure.condition.OnBeanCondition.getBeanDefinitionsForType(OnBeanCondition.java:323) ~[spring-boot-autoconfigure-4.1.1.jar:4.1.1]
	at org.springframework.boot.autoconfigure.condition.OnBeanCondition.getMatchingBeans(OnBeanCondition.java:221) ~[spring-boot-autoconfigure-4.1.1.jar:4.1.1]
	at org.springframework.boot.autoconfigure.condition.OnBeanCondition.evaluateConditionalOnMissingBean(OnBeanCondition.java:204) ~[spring-boot-autoconfigure-4.1.1.jar:4.1.1]
	at org.springframework.boot.autoconfigure.condition.OnBeanCondition.getMatchOutcome(OnBeanCondition.java:149) ~[spring-boot-autoconfigure-4.1.1.jar:4.1.1]
	at org.springframework.boot.autoconfigure.condition.SpringBootCondition.matches(SpringBootCondition.java:47) ~[spring-boot-autoconfigure-4.1.1.jar:4.1.1]
	... 22 common frames omitted
Caused by: java.lang.NoClassDefFoundError: org/springframework/security/crypto/password/PasswordEncoder
	at java.base/java.lang.Class.getDeclaredMethods0(Native Method) ~[na:na]
	at java.base/java.lang.Class.privateGetDeclaredMethods(Class.java:3402) ~[na:na]
	at java.base/java.lang.Class.getDeclaredMethods(Class.java:2504) ~[na:na]
	at org.springframework.util.ReflectionUtils.getDeclaredMethods(ReflectionUtils.java:465) ~[spring-core-7.0.9.jar:7.0.9]
	... 39 common frames omitted
Caused by: java.lang.ClassNotFoundException: org.springframework.security.crypto.password.PasswordEncoder
	at java.base/jdk.internal.loader.BuiltinClassLoader.loadClass(BuiltinClassLoader.java:641) ~[na:na]
	at java.base/jdk.internal.loader.ClassLoaders$AppClassLoader.loadClass(ClassLoaders.java:188) ~[na:na]
	at java.base/java.lang.ClassLoader.loadClass(ClassLoader.java:525) ~[na:na]
	at java.base/java.lang.Class.forName0(Native Method) ~[na:na]
	at java.base/java.lang.Class.forName(Class.java:467) ~[na:na]
	at org.springframework.boot.devtools.restart.classloader.RestartClassLoader.loadClass(RestartClassLoader.java:123) ~[spring-boot-devtools-4.1.1.jar:4.1.1]
	at java.base/java.lang.ClassLoader.loadClass(ClassLoader.java:525) ~[na:na]
	... 43 common frames omitted

2026-09-14T15:47:23.495+09:00  INFO 16044 --- [mvc] [restartedMain] com.aloha.mvc.MvcApplication             : Starting MvcApplication using Java 17.0.12 with PID 16044 (C:\ALOHA\GITHUB\AIOT7_SPRINGBOOT\mvc\bin\main started by Admin in C:\ALOHA\GITHUB\AIOT7_SPRINGBOOT\mvc)
2026-09-14T15:47:23.495+09:00  INFO 16044 --- [mvc] [restartedMain] com.aloha.mvc.MvcApplication             : No active profile set, falling back to 1 default profile: "default"
2026-09-14T15:47:23.584+09:00  WARN 16044 --- [mvc] [restartedMain] ConfigServletWebServerApplicationContext : Exception encountered during context initialization - cancelling refresh attempt: java.lang.IllegalStateException: Error processing condition on org.springframework.boot.autoconfigure.context.PropertyPlaceholderAutoConfiguration.propertySourcesPlaceholderConfigurer
2026-09-14T15:47:23.586+09:00  INFO 16044 --- [mvc] [restartedMain] .s.b.a.l.ConditionEvaluationReportLogger : 

Error starting ApplicationContext. To display the condition evaluation report re-run your application with 'debug' enabled.
2026-09-14T15:47:23.595+09:00 ERROR 16044 --- [mvc] [restartedMain] o.s.boot.SpringApplication               : Application run failed

java.lang.IllegalStateException: Error processing condition on org.springframework.boot.autoconfigure.context.PropertyPlaceholderAutoConfiguration.propertySourcesPlaceholderConfigurer
	at org.springframework.boot.autoconfigure.condition.SpringBootCondition.matches(SpringBootCondition.java:60) ~[spring-boot-autoconfigure-4.1.1.jar:4.1.1]
	at org.springframework.context.annotation.ConditionEvaluator.shouldSkip(ConditionEvaluator.java:100) ~[spring-context-7.0.9.jar:7.0.9]
	at org.springframework.context.annotation.ConfigurationClassBeanDefinitionReader.loadBeanDefinitionsForBeanMethod(ConfigurationClassBeanDefinitionReader.java:196) ~[spring-context-7.0.9.jar:7.0.9]
	at org.springframework.context.annotation.ConfigurationClassBeanDefinitionReader.loadBeanDefinitionsForConfigurationClass(ConfigurationClassBeanDefinitionReader.java:148) ~[spring-context-7.0.9.jar:7.0.9]
	at org.springframework.context.annotation.ConfigurationClassBeanDefinitionReader.loadBeanDefinitions(ConfigurationClassBeanDefinitionReader.java:124) ~[spring-context-7.0.9.jar:7.0.9]
	at org.springframework.context.annotation.ConfigurationClassPostProcessor.processConfigBeanDefinitions(ConfigurationClassPostProcessor.java:464) ~[spring-context-7.0.9.jar:7.0.9]
	at org.springframework.context.annotation.ConfigurationClassPostProcessor.postProcessBeanDefinitionRegistry(ConfigurationClassPostProcessor.java:316) ~[spring-context-7.0.9.jar:7.0.9]
	at org.springframework.context.support.PostProcessorRegistrationDelegate.invokeBeanDefinitionRegistryPostProcessors(PostProcessorRegistrationDelegate.java:349) ~[spring-context-7.0.9.jar:7.0.9]
	at org.springframework.context.support.PostProcessorRegistrationDelegate.invokeBeanFactoryPostProcessors(PostProcessorRegistrationDelegate.java:118) ~[spring-context-7.0.9.jar:7.0.9]
	at org.springframework.context.support.AbstractApplicationContext.invokeBeanFactoryPostProcessors(AbstractApplicationContext.java:795) ~[spring-context-7.0.9.jar:7.0.9]
	at org.springframework.context.support.AbstractApplicationContext.refresh(AbstractApplicationContext.java:603) ~[spring-context-7.0.9.jar:7.0.9]
	at org.springframework.boot.web.server.servlet.context.ServletWebServerApplicationContext.refresh(ServletWebServerApplicationContext.java:143) ~[spring-boot-web-server-4.1.1.jar:4.1.1]
	at org.springframework.boot.SpringApplication.refresh(SpringApplication.java:756) ~[spring-boot-4.1.1.jar:4.1.1]
	at org.springframework.boot.SpringApplication.refreshContext(SpringApplication.java:445) ~[spring-boot-4.1.1.jar:4.1.1]
	at org.springframework.boot.SpringApplication.run(SpringApplication.java:321) ~[spring-boot-4.1.1.jar:4.1.1]
	at org.springframework.boot.SpringApplication.run(SpringApplication.java:1365) ~[spring-boot-4.1.1.jar:4.1.1]
	at org.springframework.boot.SpringApplication.run(SpringApplication.java:1354) ~[spring-boot-4.1.1.jar:4.1.1]
	at com.aloha.mvc.MvcApplication.main(MvcApplication.java:10) ~[main/:na]
	at java.base/jdk.internal.reflect.NativeMethodAccessorImpl.invoke0(Native Method) ~[na:na]
	at java.base/jdk.internal.reflect.NativeMethodAccessorImpl.invoke(NativeMethodAccessorImpl.java:77) ~[na:na]
	at java.base/jdk.internal.reflect.DelegatingMethodAccessorImpl.invoke(DelegatingMethodAccessorImpl.java:43) ~[na:na]
	at java.base/java.lang.reflect.Method.invoke(Method.java:568) ~[na:na]
	at org.springframework.boot.devtools.restart.RestartLauncher.run(RestartLauncher.java:52) ~[spring-boot-devtools-4.1.1.jar:4.1.1]
Caused by: java.lang.IllegalStateException: Failed to introspect Class [com.aloha.mvc.config.SecurityConfig] from ClassLoader [org.springframework.boot.devtools.restart.classloader.RestartClassLoader@6bfaf952]
	at org.springframework.util.ReflectionUtils.getDeclaredMethods(ReflectionUtils.java:483) ~[spring-core-7.0.9.jar:7.0.9]
	at org.springframework.util.ReflectionUtils.doWithMethods(ReflectionUtils.java:360) ~[spring-core-7.0.9.jar:7.0.9]
	at org.springframework.util.ReflectionUtils.getUniqueDeclaredMethods(ReflectionUtils.java:417) ~[spring-core-7.0.9.jar:7.0.9]
	at org.springframework.beans.factory.support.AbstractAutowireCapableBeanFactory.lambda$getTypeForFactoryMethod$0(AbstractAutowireCapableBeanFactory.java:748) ~[spring-beans-7.0.9.jar:7.0.9]
	at java.base/java.util.concurrent.ConcurrentHashMap.computeIfAbsent(ConcurrentHashMap.java:1708) ~[na:na]
	at org.springframework.beans.factory.support.AbstractAutowireCapableBeanFactory.getTypeForFactoryMethod(AbstractAutowireCapableBeanFactory.java:747) ~[spring-beans-7.0.9.jar:7.0.9]
	at org.springframework.beans.factory.support.AbstractAutowireCapableBeanFactory.determineTargetType(AbstractAutowireCapableBeanFactory.java:681) ~[spring-beans-7.0.9.jar:7.0.9]
	at org.springframework.beans.factory.support.AbstractAutowireCapableBeanFactory.predictBeanType(AbstractAutowireCapableBeanFactory.java:653) ~[spring-beans-7.0.9.jar:7.0.9]
	at org.springframework.beans.factory.support.AbstractBeanFactory.isFactoryBean(AbstractBeanFactory.java:1699) ~[spring-beans-7.0.9.jar:7.0.9]
	at org.springframework.beans.factory.support.DefaultListableBeanFactory.doGetBeanNamesForType(DefaultListableBeanFactory.java:632) ~[spring-beans-7.0.9.jar:7.0.9]
	at org.springframework.beans.factory.support.DefaultListableBeanFactory.getBeanNamesForType(DefaultListableBeanFactory.java:604) ~[spring-beans-7.0.9.jar:7.0.9]
	at org.springframework.beans.factory.support.DefaultListableBeanFactory.getBeanNamesForType(DefaultListableBeanFactory.java:589) ~[spring-beans-7.0.9.jar:7.0.9]
	at org.springframework.boot.autoconfigure.condition.OnBeanCondition.collectBeanDefinitionsForType(OnBeanCondition.java:334) ~[spring-boot-autoconfigure-4.1.1.jar:4.1.1]
	at org.springframework.boot.autoconfigure.condition.OnBeanCondition.getBeanDefinitionsForType(OnBeanCondition.java:323) ~[spring-boot-autoconfigure-4.1.1.jar:4.1.1]
	at org.springframework.boot.autoconfigure.condition.OnBeanCondition.getMatchingBeans(OnBeanCondition.java:221) ~[spring-boot-autoconfigure-4.1.1.jar:4.1.1]
	at org.springframework.boot.autoconfigure.condition.OnBeanCondition.evaluateConditionalOnMissingBean(OnBeanCondition.java:204) ~[spring-boot-autoconfigure-4.1.1.jar:4.1.1]
	at org.springframework.boot.autoconfigure.condition.OnBeanCondition.getMatchOutcome(OnBeanCondition.java:149) ~[spring-boot-autoconfigure-4.1.1.jar:4.1.1]
	at org.springframework.boot.autoconfigure.condition.SpringBootCondition.matches(SpringBootCondition.java:47) ~[spring-boot-autoconfigure-4.1.1.jar:4.1.1]
	... 22 common frames omitted
Caused by: java.lang.NoClassDefFoundError: org/springframework/security/crypto/password/PasswordEncoder
	at java.base/java.lang.Class.getDeclaredMethods0(Native Method) ~[na:na]
	at java.base/java.lang.Class.privateGetDeclaredMethods(Class.java:3402) ~[na:na]
	at java.base/java.lang.Class.getDeclaredMethods(Class.java:2504) ~[na:na]
	at org.springframework.util.ReflectionUtils.getDeclaredMethods(ReflectionUtils.java:465) ~[spring-core-7.0.9.jar:7.0.9]
	... 39 common frames omitted
Caused by: java.lang.ClassNotFoundException: org.springframework.security.crypto.password.PasswordEncoder
	at java.base/jdk.internal.loader.BuiltinClassLoader.loadClass(BuiltinClassLoader.java:641) ~[na:na]
	at java.base/jdk.internal.loader.ClassLoaders$AppClassLoader.loadClass(ClassLoaders.java:188) ~[na:na]
	at java.base/java.lang.ClassLoader.loadClass(ClassLoader.java:525) ~[na:na]
	at java.base/java.lang.Class.forName0(Native Method) ~[na:na]
	at java.base/java.lang.Class.forName(Class.java:467) ~[na:na]
	at org.springframework.boot.devtools.restart.classloader.RestartClassLoader.loadClass(RestartClassLoader.java:123) ~[spring-boot-devtools-4.1.1.jar:4.1.1]
	at java.base/java.lang.ClassLoader.loadClass(ClassLoader.java:525) ~[na:na]
	... 43 common frames omitted

2026-09-14T15:47:41.583+09:00  INFO 16044 --- [mvc] [restartedMain] com.aloha.mvc.MvcApplication             : Starting MvcApplication using Java 17.0.12 with PID 16044 (C:\ALOHA\GITHUB\AIOT7_SPRINGBOOT\mvc\bin\main started by Admin in C:\ALOHA\GITHUB\AIOT7_SPRINGBOOT\mvc)
2026-09-14T15:47:41.583+09:00  INFO 16044 --- [mvc] [restartedMain] com.aloha.mvc.MvcApplication             : No active profile set, falling back to 1 default profile: "default"
2026-09-14T15:47:41.742+09:00  WARN 16044 --- [mvc] [restartedMain] ConfigServletWebServerApplicationContext : Exception encountered during context initialization - cancelling refresh attempt: java.lang.IllegalStateException: Error processing condition on org.springframework.boot.autoconfigure.context.PropertyPlaceholderAutoConfiguration.propertySourcesPlaceholderConfigurer
2026-09-14T15:47:41.743+09:00  INFO 16044 --- [mvc] [restartedMain] .s.b.a.l.ConditionEvaluationReportLogger : 

Error starting ApplicationContext. To display the condition evaluation report re-run your application with 'debug' enabled.
2026-09-14T15:47:41.746+09:00 ERROR 16044 --- [mvc] [restartedMain] o.s.boot.SpringApplication               : Application run failed

java.lang.IllegalStateException: Error processing condition on org.springframework.boot.autoconfigure.context.PropertyPlaceholderAutoConfiguration.propertySourcesPlaceholderConfigurer
	at org.springframework.boot.autoconfigure.condition.SpringBootCondition.matches(SpringBootCondition.java:60) ~[spring-boot-autoconfigure-4.1.1.jar:4.1.1]
	at org.springframework.context.annotation.ConditionEvaluator.shouldSkip(ConditionEvaluator.java:100) ~[spring-context-7.0.9.jar:7.0.9]
	at org.springframework.context.annotation.ConfigurationClassBeanDefinitionReader.loadBeanDefinitionsForBeanMethod(ConfigurationClassBeanDefinitionReader.java:196) ~[spring-context-7.0.9.jar:7.0.9]
	at org.springframework.context.annotation.ConfigurationClassBeanDefinitionReader.loadBeanDefinitionsForConfigurationClass(ConfigurationClassBeanDefinitionReader.java:148) ~[spring-context-7.0.9.jar:7.0.9]
	at org.springframework.context.annotation.ConfigurationClassBeanDefinitionReader.loadBeanDefinitions(ConfigurationClassBeanDefinitionReader.java:124) ~[spring-context-7.0.9.jar:7.0.9]
	at org.springframework.context.annotation.ConfigurationClassPostProcessor.processConfigBeanDefinitions(ConfigurationClassPostProcessor.java:464) ~[spring-context-7.0.9.jar:7.0.9]
	at org.springframework.context.annotation.ConfigurationClassPostProcessor.postProcessBeanDefinitionRegistry(ConfigurationClassPostProcessor.java:316) ~[spring-context-7.0.9.jar:7.0.9]
	at org.springframework.context.support.PostProcessorRegistrationDelegate.invokeBeanDefinitionRegistryPostProcessors(PostProcessorRegistrationDelegate.java:349) ~[spring-context-7.0.9.jar:7.0.9]
	at org.springframework.context.support.PostProcessorRegistrationDelegate.invokeBeanFactoryPostProcessors(PostProcessorRegistrationDelegate.java:118) ~[spring-context-7.0.9.jar:7.0.9]
	at org.springframework.context.support.AbstractApplicationContext.invokeBeanFactoryPostProcessors(AbstractApplicationContext.java:795) ~[spring-context-7.0.9.jar:7.0.9]
	at org.springframework.context.support.AbstractApplicationContext.refresh(AbstractApplicationContext.java:603) ~[spring-context-7.0.9.jar:7.0.9]
	at org.springframework.boot.web.server.servlet.context.ServletWebServerApplicationContext.refresh(ServletWebServerApplicationContext.java:143) ~[spring-boot-web-server-4.1.1.jar:4.1.1]
	at org.springframework.boot.SpringApplication.refresh(SpringApplication.java:756) ~[spring-boot-4.1.1.jar:4.1.1]
	at org.springframework.boot.SpringApplication.refreshContext(SpringApplication.java:445) ~[spring-boot-4.1.1.jar:4.1.1]
	at org.springframework.boot.SpringApplication.run(SpringApplication.java:321) ~[spring-boot-4.1.1.jar:4.1.1]
	at org.springframework.boot.SpringApplication.run(SpringApplication.java:1365) ~[spring-boot-4.1.1.jar:4.1.1]
	at org.springframework.boot.SpringApplication.run(SpringApplication.java:1354) ~[spring-boot-4.1.1.jar:4.1.1]
	at com.aloha.mvc.MvcApplication.main(MvcApplication.java:10) ~[main/:na]
	at java.base/jdk.internal.reflect.NativeMethodAccessorImpl.invoke0(Native Method) ~[na:na]
	at java.base/jdk.internal.reflect.NativeMethodAccessorImpl.invoke(NativeMethodAccessorImpl.java:77) ~[na:na]
	at java.base/jdk.internal.reflect.DelegatingMethodAccessorImpl.invoke(DelegatingMethodAccessorImpl.java:43) ~[na:na]
	at java.base/java.lang.reflect.Method.invoke(Method.java:568) ~[na:na]
	at org.springframework.boot.devtools.restart.RestartLauncher.run(RestartLauncher.java:52) ~[spring-boot-devtools-4.1.1.jar:4.1.1]
Caused by: java.lang.IllegalStateException: Failed to introspect Class [com.aloha.mvc.config.SecurityConfig] from ClassLoader [org.springframework.boot.devtools.restart.classloader.RestartClassLoader@f9c9ea5]
	at org.springframework.util.ReflectionUtils.getDeclaredMethods(ReflectionUtils.java:483) ~[spring-core-7.0.9.jar:7.0.9]
	at org.springframework.util.ReflectionUtils.doWithMethods(ReflectionUtils.java:360) ~[spring-core-7.0.9.jar:7.0.9]
	at org.springframework.util.ReflectionUtils.getUniqueDeclaredMethods(ReflectionUtils.java:417) ~[spring-core-7.0.9.jar:7.0.9]
	at org.springframework.beans.factory.support.AbstractAutowireCapableBeanFactory.lambda$getTypeForFactoryMethod$0(AbstractAutowireCapableBeanFactory.java:748) ~[spring-beans-7.0.9.jar:7.0.9]
	at java.base/java.util.concurrent.ConcurrentHashMap.computeIfAbsent(ConcurrentHashMap.java:1708) ~[na:na]
	at org.springframework.beans.factory.support.AbstractAutowireCapableBeanFactory.getTypeForFactoryMethod(AbstractAutowireCapableBeanFactory.java:747) ~[spring-beans-7.0.9.jar:7.0.9]
	at org.springframework.beans.factory.support.AbstractAutowireCapableBeanFactory.determineTargetType(AbstractAutowireCapableBeanFactory.java:681) ~[spring-beans-7.0.9.jar:7.0.9]
	at org.springframework.beans.factory.support.AbstractAutowireCapableBeanFactory.predictBeanType(AbstractAutowireCapableBeanFactory.java:653) ~[spring-beans-7.0.9.jar:7.0.9]
	at org.springframework.beans.factory.support.AbstractBeanFactory.isFactoryBean(AbstractBeanFactory.java:1699) ~[spring-beans-7.0.9.jar:7.0.9]
	at org.springframework.beans.factory.support.DefaultListableBeanFactory.doGetBeanNamesForType(DefaultListableBeanFactory.java:632) ~[spring-beans-7.0.9.jar:7.0.9]
	at org.springframework.beans.factory.support.DefaultListableBeanFactory.getBeanNamesForType(DefaultListableBeanFactory.java:604) ~[spring-beans-7.0.9.jar:7.0.9]
	at org.springframework.beans.factory.support.DefaultListableBeanFactory.getBeanNamesForType(DefaultListableBeanFactory.java:589) ~[spring-beans-7.0.9.jar:7.0.9]
	at org.springframework.boot.autoconfigure.condition.OnBeanCondition.collectBeanDefinitionsForType(OnBeanCondition.java:334) ~[spring-boot-autoconfigure-4.1.1.jar:4.1.1]
	at org.springframework.boot.autoconfigure.condition.OnBeanCondition.getBeanDefinitionsForType(OnBeanCondition.java:323) ~[spring-boot-autoconfigure-4.1.1.jar:4.1.1]
	at org.springframework.boot.autoconfigure.condition.OnBeanCondition.getMatchingBeans(OnBeanCondition.java:221) ~[spring-boot-autoconfigure-4.1.1.jar:4.1.1]
	at org.springframework.boot.autoconfigure.condition.OnBeanCondition.evaluateConditionalOnMissingBean(OnBeanCondition.java:204) ~[spring-boot-autoconfigure-4.1.1.jar:4.1.1]
	at org.springframework.boot.autoconfigure.condition.OnBeanCondition.getMatchOutcome(OnBeanCondition.java:149) ~[spring-boot-autoconfigure-4.1.1.jar:4.1.1]
	at org.springframework.boot.autoconfigure.condition.SpringBootCondition.matches(SpringBootCondition.java:47) ~[spring-boot-autoconfigure-4.1.1.jar:4.1.1]
	... 22 common frames omitted
Caused by: java.lang.NoClassDefFoundError: org/springframework/security/crypto/password/PasswordEncoder
	at java.base/java.lang.Class.getDeclaredMethods0(Native Method) ~[na:na]
	at java.base/java.lang.Class.privateGetDeclaredMethods(Class.java:3402) ~[na:na]
	at java.base/java.lang.Class.getDeclaredMethods(Class.java:2504) ~[na:na]
	at org.springframework.util.ReflectionUtils.getDeclaredMethods(ReflectionUtils.java:465) ~[spring-core-7.0.9.jar:7.0.9]
	... 39 common frames omitted
Caused by: java.lang.ClassNotFoundException: org.springframework.security.crypto.password.PasswordEncoder
	at java.base/jdk.internal.loader.BuiltinClassLoader.loadClass(BuiltinClassLoader.java:641) ~[na:na]
	at java.base/jdk.internal.loader.ClassLoaders$AppClassLoader.loadClass(ClassLoaders.java:188) ~[na:na]
	at java.base/java.lang.ClassLoader.loadClass(ClassLoader.java:525) ~[na:na]
	at java.base/java.lang.Class.forName0(Native Method) ~[na:na]
	at java.base/java.lang.Class.forName(Class.java:467) ~[na:na]
	at org.springframework.boot.devtools.restart.classloader.RestartClassLoader.loadClass(RestartClassLoader.java:123) ~[spring-boot-devtools-4.1.1.jar:4.1.1]
	at java.base/java.lang.ClassLoader.loadClass(ClassLoader.java:525) ~[na:na]
	... 43 common frames omitted

2026-09-14T15:48:38.710+09:00  INFO 16044 --- [mvc] [restartedMain] com.aloha.mvc.MvcApplication             : Starting MvcApplication using Java 17.0.12 with PID 16044 (C:\ALOHA\GITHUB\AIOT7_SPRINGBOOT\mvc\bin\main started by Admin in C:\ALOHA\GITHUB\AIOT7_SPRINGBOOT\mvc)
2026-09-14T15:48:38.711+09:00  INFO 16044 --- [mvc] [restartedMain] com.aloha.mvc.MvcApplication             : No active profile set, falling back to 1 default profile: "default"
2026-09-14T15:48:38.818+09:00  WARN 16044 --- [mvc] [restartedMain] ConfigServletWebServerApplicationContext : Exception encountered during context initialization - cancelling refresh attempt: java.lang.IllegalStateException: Error processing condition on org.springframework.boot.autoconfigure.context.PropertyPlaceholderAutoConfiguration.propertySourcesPlaceholderConfigurer
2026-09-14T15:48:38.819+09:00  INFO 16044 --- [mvc] [restartedMain] .s.b.a.l.ConditionEvaluationReportLogger : 

Error starting ApplicationContext. To display the condition evaluation report re-run your application with 'debug' enabled.
2026-09-14T15:48:38.822+09:00 ERROR 16044 --- [mvc] [restartedMain] o.s.boot.SpringApplication               : Application run failed

java.lang.IllegalStateException: Error processing condition on org.springframework.boot.autoconfigure.context.PropertyPlaceholderAutoConfiguration.propertySourcesPlaceholderConfigurer
	at org.springframework.boot.autoconfigure.condition.SpringBootCondition.matches(SpringBootCondition.java:60) ~[spring-boot-autoconfigure-4.1.1.jar:4.1.1]
	at org.springframework.context.annotation.ConditionEvaluator.shouldSkip(ConditionEvaluator.java:100) ~[spring-context-7.0.9.jar:7.0.9]
	at org.springframework.context.annotation.ConfigurationClassBeanDefinitionReader.loadBeanDefinitionsForBeanMethod(ConfigurationClassBeanDefinitionReader.java:196) ~[spring-context-7.0.9.jar:7.0.9]
	at org.springframework.context.annotation.ConfigurationClassBeanDefinitionReader.loadBeanDefinitionsForConfigurationClass(ConfigurationClassBeanDefinitionReader.java:148) ~[spring-context-7.0.9.jar:7.0.9]
	at org.springframework.context.annotation.ConfigurationClassBeanDefinitionReader.loadBeanDefinitions(ConfigurationClassBeanDefinitionReader.java:124) ~[spring-context-7.0.9.jar:7.0.9]
	at org.springframework.context.annotation.ConfigurationClassPostProcessor.processConfigBeanDefinitions(ConfigurationClassPostProcessor.java:464) ~[spring-context-7.0.9.jar:7.0.9]
	at org.springframework.context.annotation.ConfigurationClassPostProcessor.postProcessBeanDefinitionRegistry(ConfigurationClassPostProcessor.java:316) ~[spring-context-7.0.9.jar:7.0.9]
	at org.springframework.context.support.PostProcessorRegistrationDelegate.invokeBeanDefinitionRegistryPostProcessors(PostProcessorRegistrationDelegate.java:349) ~[spring-context-7.0.9.jar:7.0.9]
	at org.springframework.context.support.PostProcessorRegistrationDelegate.invokeBeanFactoryPostProcessors(PostProcessorRegistrationDelegate.java:118) ~[spring-context-7.0.9.jar:7.0.9]
	at org.springframework.context.support.AbstractApplicationContext.invokeBeanFactoryPostProcessors(AbstractApplicationContext.java:795) ~[spring-context-7.0.9.jar:7.0.9]
	at org.springframework.context.support.AbstractApplicationContext.refresh(AbstractApplicationContext.java:603) ~[spring-context-7.0.9.jar:7.0.9]
	at org.springframework.boot.web.server.servlet.context.ServletWebServerApplicationContext.refresh(ServletWebServerApplicationContext.java:143) ~[spring-boot-web-server-4.1.1.jar:4.1.1]
	at org.springframework.boot.SpringApplication.refresh(SpringApplication.java:756) ~[spring-boot-4.1.1.jar:4.1.1]
	at org.springframework.boot.SpringApplication.refreshContext(SpringApplication.java:445) ~[spring-boot-4.1.1.jar:4.1.1]
	at org.springframework.boot.SpringApplication.run(SpringApplication.java:321) ~[spring-boot-4.1.1.jar:4.1.1]
	at org.springframework.boot.SpringApplication.run(SpringApplication.java:1365) ~[spring-boot-4.1.1.jar:4.1.1]
	at org.springframework.boot.SpringApplication.run(SpringApplication.java:1354) ~[spring-boot-4.1.1.jar:4.1.1]
	at com.aloha.mvc.MvcApplication.main(MvcApplication.java:10) ~[main/:na]
	at java.base/jdk.internal.reflect.NativeMethodAccessorImpl.invoke0(Native Method) ~[na:na]
	at java.base/jdk.internal.reflect.NativeMethodAccessorImpl.invoke(NativeMethodAccessorImpl.java:77) ~[na:na]
	at java.base/jdk.internal.reflect.DelegatingMethodAccessorImpl.invoke(DelegatingMethodAccessorImpl.java:43) ~[na:na]
	at java.base/java.lang.reflect.Method.invoke(Method.java:568) ~[na:na]
	at org.springframework.boot.devtools.restart.RestartLauncher.run(RestartLauncher.java:52) ~[spring-boot-devtools-4.1.1.jar:4.1.1]
Caused by: java.lang.IllegalStateException: Failed to introspect Class [com.aloha.mvc.config.SecurityConfig] from ClassLoader [org.springframework.boot.devtools.restart.classloader.RestartClassLoader@363c0715]
	at org.springframework.util.ReflectionUtils.getDeclaredMethods(ReflectionUtils.java:483) ~[spring-core-7.0.9.jar:7.0.9]
	at org.springframework.util.ReflectionUtils.doWithMethods(ReflectionUtils.java:360) ~[spring-core-7.0.9.jar:7.0.9]
	at org.springframework.util.ReflectionUtils.getUniqueDeclaredMethods(ReflectionUtils.java:417) ~[spring-core-7.0.9.jar:7.0.9]
	at org.springframework.beans.factory.support.AbstractAutowireCapableBeanFactory.lambda$getTypeForFactoryMethod$0(AbstractAutowireCapableBeanFactory.java:748) ~[spring-beans-7.0.9.jar:7.0.9]
	at java.base/java.util.concurrent.ConcurrentHashMap.computeIfAbsent(ConcurrentHashMap.java:1708) ~[na:na]
	at org.springframework.beans.factory.support.AbstractAutowireCapableBeanFactory.getTypeForFactoryMethod(AbstractAutowireCapableBeanFactory.java:747) ~[spring-beans-7.0.9.jar:7.0.9]
	at org.springframework.beans.factory.support.AbstractAutowireCapableBeanFactory.determineTargetType(AbstractAutowireCapableBeanFactory.java:681) ~[spring-beans-7.0.9.jar:7.0.9]
	at org.springframework.beans.factory.support.AbstractAutowireCapableBeanFactory.predictBeanType(AbstractAutowireCapableBeanFactory.java:653) ~[spring-beans-7.0.9.jar:7.0.9]
	at org.springframework.beans.factory.support.AbstractBeanFactory.isFactoryBean(AbstractBeanFactory.java:1699) ~[spring-beans-7.0.9.jar:7.0.9]
	at org.springframework.beans.factory.support.DefaultListableBeanFactory.doGetBeanNamesForType(DefaultListableBeanFactory.java:632) ~[spring-beans-7.0.9.jar:7.0.9]
	at org.springframework.beans.factory.support.DefaultListableBeanFactory.getBeanNamesForType(DefaultListableBeanFactory.java:604) ~[spring-beans-7.0.9.jar:7.0.9]
	at org.springframework.beans.factory.support.DefaultListableBeanFactory.getBeanNamesForType(DefaultListableBeanFactory.java:589) ~[spring-beans-7.0.9.jar:7.0.9]
	at org.springframework.boot.autoconfigure.condition.OnBeanCondition.collectBeanDefinitionsForType(OnBeanCondition.java:334) ~[spring-boot-autoconfigure-4.1.1.jar:4.1.1]
	at org.springframework.boot.autoconfigure.condition.OnBeanCondition.getBeanDefinitionsForType(OnBeanCondition.java:323) ~[spring-boot-autoconfigure-4.1.1.jar:4.1.1]
	at org.springframework.boot.autoconfigure.condition.OnBeanCondition.getMatchingBeans(OnBeanCondition.java:221) ~[spring-boot-autoconfigure-4.1.1.jar:4.1.1]
	at org.springframework.boot.autoconfigure.condition.OnBeanCondition.evaluateConditionalOnMissingBean(OnBeanCondition.java:204) ~[spring-boot-autoconfigure-4.1.1.jar:4.1.1]
	at org.springframework.boot.autoconfigure.condition.OnBeanCondition.getMatchOutcome(OnBeanCondition.java:149) ~[spring-boot-autoconfigure-4.1.1.jar:4.1.1]
	at org.springframework.boot.autoconfigure.condition.SpringBootCondition.matches(SpringBootCondition.java:47) ~[spring-boot-autoconfigure-4.1.1.jar:4.1.1]
	... 22 common frames omitted
Caused by: java.lang.NoClassDefFoundError: org/springframework/security/crypto/password/PasswordEncoder
	at java.base/java.lang.Class.getDeclaredMethods0(Native Method) ~[na:na]
	at java.base/java.lang.Class.privateGetDeclaredMethods(Class.java:3402) ~[na:na]
	at java.base/java.lang.Class.getDeclaredMethods(Class.java:2504) ~[na:na]
	at org.springframework.util.ReflectionUtils.getDeclaredMethods(ReflectionUtils.java:465) ~[spring-core-7.0.9.jar:7.0.9]
	... 39 common frames omitted
Caused by: java.lang.ClassNotFoundException: org.springframework.security.crypto.password.PasswordEncoder
	at java.base/jdk.internal.loader.BuiltinClassLoader.loadClass(BuiltinClassLoader.java:641) ~[na:na]
	at java.base/jdk.internal.loader.ClassLoaders$AppClassLoader.loadClass(ClassLoaders.java:188) ~[na:na]
	at java.base/java.lang.ClassLoader.loadClass(ClassLoader.java:525) ~[na:na]
	at java.base/java.lang.Class.forName0(Native Method) ~[na:na]
	at java.base/java.lang.Class.forName(Class.java:467) ~[na:na]
	at org.springframework.boot.devtools.restart.classloader.RestartClassLoader.loadClass(RestartClassLoader.java:123) ~[spring-boot-devtools-4.1.1.jar:4.1.1]
	at java.base/java.lang.ClassLoader.loadClass(ClassLoader.java:525) ~[na:na]
	... 43 common frames omitted

2026-09-14T15:48:51.532+09:00  INFO 16044 --- [mvc] [restartedMain] com.aloha.mvc.MvcApplication             : Starting MvcApplication using Java 17.0.12 with PID 16044 (C:\ALOHA\GITHUB\AIOT7_SPRINGBOOT\mvc\bin\main started by Admin in C:\ALOHA\GITHUB\AIOT7_SPRINGBOOT\mvc)
2026-09-14T15:48:51.532+09:00  INFO 16044 --- [mvc] [restartedMain] com.aloha.mvc.MvcApplication             : No active profile set, falling back to 1 default profile: "default"
2026-09-14T15:48:51.678+09:00  WARN 16044 --- [mvc] [restartedMain] ConfigServletWebServerApplicationContext : Exception encountered during context initialization - cancelling refresh attempt: java.lang.IllegalStateException: Error processing condition on org.springframework.boot.autoconfigure.context.PropertyPlaceholderAutoConfiguration.propertySourcesPlaceholderConfigurer
2026-09-14T15:48:51.679+09:00  INFO 16044 --- [mvc] [restartedMain] .s.b.a.l.ConditionEvaluationReportLogger : 

Error starting ApplicationContext. To display the condition evaluation report re-run your application with 'debug' enabled.
2026-09-14T15:48:51.681+09:00 ERROR 16044 --- [mvc] [restartedMain] o.s.boot.SpringApplication               : Application run failed

java.lang.IllegalStateException: Error processing condition on org.springframework.boot.autoconfigure.context.PropertyPlaceholderAutoConfiguration.propertySourcesPlaceholderConfigurer
	at org.springframework.boot.autoconfigure.condition.SpringBootCondition.matches(SpringBootCondition.java:60) ~[spring-boot-autoconfigure-4.1.1.jar:4.1.1]
	at org.springframework.context.annotation.ConditionEvaluator.shouldSkip(ConditionEvaluator.java:100) ~[spring-context-7.0.9.jar:7.0.9]
	at org.springframework.context.annotation.ConfigurationClassBeanDefinitionReader.loadBeanDefinitionsForBeanMethod(ConfigurationClassBeanDefinitionReader.java:196) ~[spring-context-7.0.9.jar:7.0.9]
	at org.springframework.context.annotation.ConfigurationClassBeanDefinitionReader.loadBeanDefinitionsForConfigurationClass(ConfigurationClassBeanDefinitionReader.java:148) ~[spring-context-7.0.9.jar:7.0.9]
	at org.springframework.context.annotation.ConfigurationClassBeanDefinitionReader.loadBeanDefinitions(ConfigurationClassBeanDefinitionReader.java:124) ~[spring-context-7.0.9.jar:7.0.9]
	at org.springframework.context.annotation.ConfigurationClassPostProcessor.processConfigBeanDefinitions(ConfigurationClassPostProcessor.java:464) ~[spring-context-7.0.9.jar:7.0.9]
	at org.springframework.context.annotation.ConfigurationClassPostProcessor.postProcessBeanDefinitionRegistry(ConfigurationClassPostProcessor.java:316) ~[spring-context-7.0.9.jar:7.0.9]
	at org.springframework.context.support.PostProcessorRegistrationDelegate.invokeBeanDefinitionRegistryPostProcessors(PostProcessorRegistrationDelegate.java:349) ~[spring-context-7.0.9.jar:7.0.9]
	at org.springframework.context.support.PostProcessorRegistrationDelegate.invokeBeanFactoryPostProcessors(PostProcessorRegistrationDelegate.java:118) ~[spring-context-7.0.9.jar:7.0.9]
	at org.springframework.context.support.AbstractApplicationContext.invokeBeanFactoryPostProcessors(AbstractApplicationContext.java:795) ~[spring-context-7.0.9.jar:7.0.9]
	at org.springframework.context.support.AbstractApplicationContext.refresh(AbstractApplicationContext.java:603) ~[spring-context-7.0.9.jar:7.0.9]
	at org.springframework.boot.web.server.servlet.context.ServletWebServerApplicationContext.refresh(ServletWebServerApplicationContext.java:143) ~[spring-boot-web-server-4.1.1.jar:4.1.1]
	at org.springframework.boot.SpringApplication.refresh(SpringApplication.java:756) ~[spring-boot-4.1.1.jar:4.1.1]
	at org.springframework.boot.SpringApplication.refreshContext(SpringApplication.java:445) ~[spring-boot-4.1.1.jar:4.1.1]
	at org.springframework.boot.SpringApplication.run(SpringApplication.java:321) ~[spring-boot-4.1.1.jar:4.1.1]
	at org.springframework.boot.SpringApplication.run(SpringApplication.java:1365) ~[spring-boot-4.1.1.jar:4.1.1]
	at org.springframework.boot.SpringApplication.run(SpringApplication.java:1354) ~[spring-boot-4.1.1.jar:4.1.1]
	at com.aloha.mvc.MvcApplication.main(MvcApplication.java:10) ~[main/:na]
	at java.base/jdk.internal.reflect.NativeMethodAccessorImpl.invoke0(Native Method) ~[na:na]
	at java.base/jdk.internal.reflect.NativeMethodAccessorImpl.invoke(NativeMethodAccessorImpl.java:77) ~[na:na]
	at java.base/jdk.internal.reflect.DelegatingMethodAccessorImpl.invoke(DelegatingMethodAccessorImpl.java:43) ~[na:na]
	at java.base/java.lang.reflect.Method.invoke(Method.java:568) ~[na:na]
	at org.springframework.boot.devtools.restart.RestartLauncher.run(RestartLauncher.java:52) ~[spring-boot-devtools-4.1.1.jar:4.1.1]
Caused by: java.lang.IllegalStateException: Failed to introspect Class [com.aloha.mvc.config.SecurityConfig] from ClassLoader [org.springframework.boot.devtools.restart.classloader.RestartClassLoader@664d67e1]
	at org.springframework.util.ReflectionUtils.getDeclaredMethods(ReflectionUtils.java:483) ~[spring-core-7.0.9.jar:7.0.9]
	at org.springframework.util.ReflectionUtils.doWithMethods(ReflectionUtils.java:360) ~[spring-core-7.0.9.jar:7.0.9]
	at org.springframework.util.ReflectionUtils.getUniqueDeclaredMethods(ReflectionUtils.java:417) ~[spring-core-7.0.9.jar:7.0.9]
	at org.springframework.beans.factory.support.AbstractAutowireCapableBeanFactory.lambda$getTypeForFactoryMethod$0(AbstractAutowireCapableBeanFactory.java:748) ~[spring-beans-7.0.9.jar:7.0.9]
	at java.base/java.util.concurrent.ConcurrentHashMap.computeIfAbsent(ConcurrentHashMap.java:1708) ~[na:na]
	at org.springframework.beans.factory.support.AbstractAutowireCapableBeanFactory.getTypeForFactoryMethod(AbstractAutowireCapableBeanFactory.java:747) ~[spring-beans-7.0.9.jar:7.0.9]
	at org.springframework.beans.factory.support.AbstractAutowireCapableBeanFactory.determineTargetType(AbstractAutowireCapableBeanFactory.java:681) ~[spring-beans-7.0.9.jar:7.0.9]
	at org.springframework.beans.factory.support.AbstractAutowireCapableBeanFactory.predictBeanType(AbstractAutowireCapableBeanFactory.java:653) ~[spring-beans-7.0.9.jar:7.0.9]
	at org.springframework.beans.factory.support.AbstractBeanFactory.isFactoryBean(AbstractBeanFactory.java:1699) ~[spring-beans-7.0.9.jar:7.0.9]
	at org.springframework.beans.factory.support.DefaultListableBeanFactory.doGetBeanNamesForType(DefaultListableBeanFactory.java:632) ~[spring-beans-7.0.9.jar:7.0.9]
	at org.springframework.beans.factory.support.DefaultListableBeanFactory.getBeanNamesForType(DefaultListableBeanFactory.java:604) ~[spring-beans-7.0.9.jar:7.0.9]
	at org.springframework.beans.factory.support.DefaultListableBeanFactory.getBeanNamesForType(DefaultListableBeanFactory.java:589) ~[spring-beans-7.0.9.jar:7.0.9]
	at org.springframework.boot.autoconfigure.condition.OnBeanCondition.collectBeanDefinitionsForType(OnBeanCondition.java:334) ~[spring-boot-autoconfigure-4.1.1.jar:4.1.1]
	at org.springframework.boot.autoconfigure.condition.OnBeanCondition.getBeanDefinitionsForType(OnBeanCondition.java:323) ~[spring-boot-autoconfigure-4.1.1.jar:4.1.1]
	at org.springframework.boot.autoconfigure.condition.OnBeanCondition.getMatchingBeans(OnBeanCondition.java:221) ~[spring-boot-autoconfigure-4.1.1.jar:4.1.1]
	at org.springframework.boot.autoconfigure.condition.OnBeanCondition.evaluateConditionalOnMissingBean(OnBeanCondition.java:204) ~[spring-boot-autoconfigure-4.1.1.jar:4.1.1]
	at org.springframework.boot.autoconfigure.condition.OnBeanCondition.getMatchOutcome(OnBeanCondition.java:149) ~[spring-boot-autoconfigure-4.1.1.jar:4.1.1]
	at org.springframework.boot.autoconfigure.condition.SpringBootCondition.matches(SpringBootCondition.java:47) ~[spring-boot-autoconfigure-4.1.1.jar:4.1.1]
	... 22 common frames omitted
Caused by: java.lang.NoClassDefFoundError: org/springframework/security/crypto/password/PasswordEncoder
	at java.base/java.lang.Class.getDeclaredMethods0(Native Method) ~[na:na]
	at java.base/java.lang.Class.privateGetDeclaredMethods(Class.java:3402) ~[na:na]
	at java.base/java.lang.Class.getDeclaredMethods(Class.java:2504) ~[na:na]
	at org.springframework.util.ReflectionUtils.getDeclaredMethods(ReflectionUtils.java:465) ~[spring-core-7.0.9.jar:7.0.9]
	... 39 common frames omitted
Caused by: java.lang.ClassNotFoundException: org.springframework.security.crypto.password.PasswordEncoder
	at java.base/jdk.internal.loader.BuiltinClassLoader.loadClass(BuiltinClassLoader.java:641) ~[na:na]
	at java.base/jdk.internal.loader.ClassLoaders$AppClassLoader.loadClass(ClassLoaders.java:188) ~[na:na]
	at java.base/java.lang.ClassLoader.loadClass(ClassLoader.java:525) ~[na:na]
	at java.base/java.lang.Class.forName0(Native Method) ~[na:na]
	at java.base/java.lang.Class.forName(Class.java:467) ~[na:na]
	at org.springframework.boot.devtools.restart.classloader.RestartClassLoader.loadClass(RestartClassLoader.java:123) ~[spring-boot-devtools-4.1.1.jar:4.1.1]
	at java.base/java.lang.ClassLoader.loadClass(ClassLoader.java:525) ~[na:na]
	... 43 common frames omitted

2026-09-14T15:48:53.191+09:00  INFO 16044 --- [mvc] [restartedMain] com.aloha.mvc.MvcApplication             : Starting MvcApplication using Java 17.0.12 with PID 16044 (C:\ALOHA\GITHUB\AIOT7_SPRINGBOOT\mvc\bin\main started by Admin in C:\ALOHA\GITHUB\AIOT7_SPRINGBOOT\mvc)
2026-09-14T15:48:53.193+09:00  INFO 16044 --- [mvc] [restartedMain] com.aloha.mvc.MvcApplication             : No active profile set, falling back to 1 default profile: "default"
2026-09-14T15:48:53.445+09:00  WARN 16044 --- [mvc] [restartedMain] ConfigServletWebServerApplicationContext : Exception encountered during context initialization - cancelling refresh attempt: java.lang.IllegalStateException: Error processing condition on org.springframework.boot.autoconfigure.context.PropertyPlaceholderAutoConfiguration.propertySourcesPlaceholderConfigurer
2026-09-14T15:48:53.446+09:00  INFO 16044 --- [mvc] [restartedMain] .s.b.a.l.ConditionEvaluationReportLogger : 

Error starting ApplicationContext. To display the condition evaluation report re-run your application with 'debug' enabled.
2026-09-14T15:48:53.448+09:00 ERROR 16044 --- [mvc] [restartedMain] o.s.boot.SpringApplication               : Application run failed

java.lang.IllegalStateException: Error processing condition on org.springframework.boot.autoconfigure.context.PropertyPlaceholderAutoConfiguration.propertySourcesPlaceholderConfigurer
	at org.springframework.boot.autoconfigure.condition.SpringBootCondition.matches(SpringBootCondition.java:60) ~[spring-boot-autoconfigure-4.1.1.jar:4.1.1]
	at org.springframework.context.annotation.ConditionEvaluator.shouldSkip(ConditionEvaluator.java:100) ~[spring-context-7.0.9.jar:7.0.9]
	at org.springframework.context.annotation.ConfigurationClassBeanDefinitionReader.loadBeanDefinitionsForBeanMethod(ConfigurationClassBeanDefinitionReader.java:196) ~[spring-context-7.0.9.jar:7.0.9]
	at org.springframework.context.annotation.ConfigurationClassBeanDefinitionReader.loadBeanDefinitionsForConfigurationClass(ConfigurationClassBeanDefinitionReader.java:148) ~[spring-context-7.0.9.jar:7.0.9]
	at org.springframework.context.annotation.ConfigurationClassBeanDefinitionReader.loadBeanDefinitions(ConfigurationClassBeanDefinitionReader.java:124) ~[spring-context-7.0.9.jar:7.0.9]
	at org.springframework.context.annotation.ConfigurationClassPostProcessor.processConfigBeanDefinitions(ConfigurationClassPostProcessor.java:464) ~[spring-context-7.0.9.jar:7.0.9]
	at org.springframework.context.annotation.ConfigurationClassPostProcessor.postProcessBeanDefinitionRegistry(ConfigurationClassPostProcessor.java:316) ~[spring-context-7.0.9.jar:7.0.9]
	at org.springframework.context.support.PostProcessorRegistrationDelegate.invokeBeanDefinitionRegistryPostProcessors(PostProcessorRegistrationDelegate.java:349) ~[spring-context-7.0.9.jar:7.0.9]
	at org.springframework.context.support.PostProcessorRegistrationDelegate.invokeBeanFactoryPostProcessors(PostProcessorRegistrationDelegate.java:118) ~[spring-context-7.0.9.jar:7.0.9]
	at org.springframework.context.support.AbstractApplicationContext.invokeBeanFactoryPostProcessors(AbstractApplicationContext.java:795) ~[spring-context-7.0.9.jar:7.0.9]
	at org.springframework.context.support.AbstractApplicationContext.refresh(AbstractApplicationContext.java:603) ~[spring-context-7.0.9.jar:7.0.9]
	at org.springframework.boot.web.server.servlet.context.ServletWebServerApplicationContext.refresh(ServletWebServerApplicationContext.java:143) ~[spring-boot-web-server-4.1.1.jar:4.1.1]
	at org.springframework.boot.SpringApplication.refresh(SpringApplication.java:756) ~[spring-boot-4.1.1.jar:4.1.1]
	at org.springframework.boot.SpringApplication.refreshContext(SpringApplication.java:445) ~[spring-boot-4.1.1.jar:4.1.1]
	at org.springframework.boot.SpringApplication.run(SpringApplication.java:321) ~[spring-boot-4.1.1.jar:4.1.1]
	at org.springframework.boot.SpringApplication.run(SpringApplication.java:1365) ~[spring-boot-4.1.1.jar:4.1.1]
	at org.springframework.boot.SpringApplication.run(SpringApplication.java:1354) ~[spring-boot-4.1.1.jar:4.1.1]
	at com.aloha.mvc.MvcApplication.main(MvcApplication.java:10) ~[main/:na]
	at java.base/jdk.internal.reflect.NativeMethodAccessorImpl.invoke0(Native Method) ~[na:na]
	at java.base/jdk.internal.reflect.NativeMethodAccessorImpl.invoke(NativeMethodAccessorImpl.java:77) ~[na:na]
	at java.base/jdk.internal.reflect.DelegatingMethodAccessorImpl.invoke(DelegatingMethodAccessorImpl.java:43) ~[na:na]
	at java.base/java.lang.reflect.Method.invoke(Method.java:568) ~[na:na]
	at org.springframework.boot.devtools.restart.RestartLauncher.run(RestartLauncher.java:52) ~[spring-boot-devtools-4.1.1.jar:4.1.1]
Caused by: java.lang.IllegalStateException: Failed to introspect Class [com.aloha.mvc.config.SecurityConfig] from ClassLoader [org.springframework.boot.devtools.restart.classloader.RestartClassLoader@5a412213]
	at org.springframework.util.ReflectionUtils.getDeclaredMethods(ReflectionUtils.java:483) ~[spring-core-7.0.9.jar:7.0.9]
	at org.springframework.util.ReflectionUtils.doWithMethods(ReflectionUtils.java:360) ~[spring-core-7.0.9.jar:7.0.9]
	at org.springframework.util.ReflectionUtils.getUniqueDeclaredMethods(ReflectionUtils.java:417) ~[spring-core-7.0.9.jar:7.0.9]
	at org.springframework.beans.factory.support.AbstractAutowireCapableBeanFactory.lambda$getTypeForFactoryMethod$0(AbstractAutowireCapableBeanFactory.java:748) ~[spring-beans-7.0.9.jar:7.0.9]
	at java.base/java.util.concurrent.ConcurrentHashMap.computeIfAbsent(ConcurrentHashMap.java:1708) ~[na:na]
	at org.springframework.beans.factory.support.AbstractAutowireCapableBeanFactory.getTypeForFactoryMethod(AbstractAutowireCapableBeanFactory.java:747) ~[spring-beans-7.0.9.jar:7.0.9]
	at org.springframework.beans.factory.support.AbstractAutowireCapableBeanFactory.determineTargetType(AbstractAutowireCapableBeanFactory.java:681) ~[spring-beans-7.0.9.jar:7.0.9]
	at org.springframework.beans.factory.support.AbstractAutowireCapableBeanFactory.predictBeanType(AbstractAutowireCapableBeanFactory.java:653) ~[spring-beans-7.0.9.jar:7.0.9]
	at org.springframework.beans.factory.support.AbstractBeanFactory.isFactoryBean(AbstractBeanFactory.java:1699) ~[spring-beans-7.0.9.jar:7.0.9]
	at org.springframework.beans.factory.support.DefaultListableBeanFactory.doGetBeanNamesForType(DefaultListableBeanFactory.java:632) ~[spring-beans-7.0.9.jar:7.0.9]
	at org.springframework.beans.factory.support.DefaultListableBeanFactory.getBeanNamesForType(DefaultListableBeanFactory.java:604) ~[spring-beans-7.0.9.jar:7.0.9]
	at org.springframework.beans.factory.support.DefaultListableBeanFactory.getBeanNamesForType(DefaultListableBeanFactory.java:589) ~[spring-beans-7.0.9.jar:7.0.9]
	at org.springframework.boot.autoconfigure.condition.OnBeanCondition.collectBeanDefinitionsForType(OnBeanCondition.java:334) ~[spring-boot-autoconfigure-4.1.1.jar:4.1.1]
	at org.springframework.boot.autoconfigure.condition.OnBeanCondition.getBeanDefinitionsForType(OnBeanCondition.java:323) ~[spring-boot-autoconfigure-4.1.1.jar:4.1.1]
	at org.springframework.boot.autoconfigure.condition.OnBeanCondition.getMatchingBeans(OnBeanCondition.java:221) ~[spring-boot-autoconfigure-4.1.1.jar:4.1.1]
	at org.springframework.boot.autoconfigure.condition.OnBeanCondition.evaluateConditionalOnMissingBean(OnBeanCondition.java:204) ~[spring-boot-autoconfigure-4.1.1.jar:4.1.1]
	at org.springframework.boot.autoconfigure.condition.OnBeanCondition.getMatchOutcome(OnBeanCondition.java:149) ~[spring-boot-autoconfigure-4.1.1.jar:4.1.1]
	at org.springframework.boot.autoconfigure.condition.SpringBootCondition.matches(SpringBootCondition.java:47) ~[spring-boot-autoconfigure-4.1.1.jar:4.1.1]
	... 22 common frames omitted
Caused by: java.lang.NoClassDefFoundError: org/springframework/security/crypto/password/PasswordEncoder
	at java.base/java.lang.Class.getDeclaredMethods0(Native Method) ~[na:na]
	at java.base/java.lang.Class.privateGetDeclaredMethods(Class.java:3402) ~[na:na]
	at java.base/java.lang.Class.getDeclaredMethods(Class.java:2504) ~[na:na]
	at org.springframework.util.ReflectionUtils.getDeclaredMethods(ReflectionUtils.java:465) ~[spring-core-7.0.9.jar:7.0.9]
	... 39 common frames omitted
Caused by: java.lang.ClassNotFoundException: org.springframework.security.crypto.password.PasswordEncoder
	at java.base/jdk.internal.loader.BuiltinClassLoader.loadClass(BuiltinClassLoader.java:641) ~[na:na]
	at java.base/jdk.internal.loader.ClassLoaders$AppClassLoader.loadClass(ClassLoaders.java:188) ~[na:na]
	at java.base/java.lang.ClassLoader.loadClass(ClassLoader.java:525) ~[na:na]
	at java.base/java.lang.Class.forName0(Native Method) ~[na:na]
	at java.base/java.lang.Class.forName(Class.java:467) ~[na:na]
	at org.springframework.boot.devtools.restart.classloader.RestartClassLoader.loadClass(RestartClassLoader.java:123) ~[spring-boot-devtools-4.1.1.jar:4.1.1]
	at java.base/java.lang.ClassLoader.loadClass(ClassLoader.java:525) ~[na:na]
	... 43 common frames omitted

2026-09-14T15:48:59.475+09:00  INFO 16044 --- [mvc] [restartedMain] com.aloha.mvc.MvcApplication             : Starting MvcApplication using Java 17.0.12 with PID 16044 (C:\ALOHA\GITHUB\AIOT7_SPRINGBOOT\mvc\bin\main started by Admin in C:\ALOHA\GITHUB\AIOT7_SPRINGBOOT\mvc)
2026-09-14T15:48:59.475+09:00  INFO 16044 --- [mvc] [restartedMain] com.aloha.mvc.MvcApplication             : No active profile set, falling back to 1 default profile: "default"
2026-09-14T15:48:59.606+09:00  WARN 16044 --- [mvc] [restartedMain] ConfigServletWebServerApplicationContext : Exception encountered during context initialization - cancelling refresh attempt: java.lang.IllegalStateException: Error processing condition on org.springframework.boot.autoconfigure.context.PropertyPlaceholderAutoConfiguration.propertySourcesPlaceholderConfigurer
2026-09-14T15:48:59.607+09:00  INFO 16044 --- [mvc] [restartedMain] .s.b.a.l.ConditionEvaluationReportLogger : 

Error starting ApplicationContext. To display the condition evaluation report re-run your application with 'debug' enabled.
2026-09-14T15:48:59.609+09:00 ERROR 16044 --- [mvc] [restartedMain] o.s.boot.SpringApplication               : Application run failed

java.lang.IllegalStateException: Error processing condition on org.springframework.boot.autoconfigure.context.PropertyPlaceholderAutoConfiguration.propertySourcesPlaceholderConfigurer
	at org.springframework.boot.autoconfigure.condition.SpringBootCondition.matches(SpringBootCondition.java:60) ~[spring-boot-autoconfigure-4.1.1.jar:4.1.1]
	at org.springframework.context.annotation.ConditionEvaluator.shouldSkip(ConditionEvaluator.java:100) ~[spring-context-7.0.9.jar:7.0.9]
	at org.springframework.context.annotation.ConfigurationClassBeanDefinitionReader.loadBeanDefinitionsForBeanMethod(ConfigurationClassBeanDefinitionReader.java:196) ~[spring-context-7.0.9.jar:7.0.9]
	at org.springframework.context.annotation.ConfigurationClassBeanDefinitionReader.loadBeanDefinitionsForConfigurationClass(ConfigurationClassBeanDefinitionReader.java:148) ~[spring-context-7.0.9.jar:7.0.9]
	at org.springframework.context.annotation.ConfigurationClassBeanDefinitionReader.loadBeanDefinitions(ConfigurationClassBeanDefinitionReader.java:124) ~[spring-context-7.0.9.jar:7.0.9]
	at org.springframework.context.annotation.ConfigurationClassPostProcessor.processConfigBeanDefinitions(ConfigurationClassPostProcessor.java:464) ~[spring-context-7.0.9.jar:7.0.9]
	at org.springframework.context.annotation.ConfigurationClassPostProcessor.postProcessBeanDefinitionRegistry(ConfigurationClassPostProcessor.java:316) ~[spring-context-7.0.9.jar:7.0.9]
	at org.springframework.context.support.PostProcessorRegistrationDelegate.invokeBeanDefinitionRegistryPostProcessors(PostProcessorRegistrationDelegate.java:349) ~[spring-context-7.0.9.jar:7.0.9]
	at org.springframework.context.support.PostProcessorRegistrationDelegate.invokeBeanFactoryPostProcessors(PostProcessorRegistrationDelegate.java:118) ~[spring-context-7.0.9.jar:7.0.9]
	at org.springframework.context.support.AbstractApplicationContext.invokeBeanFactoryPostProcessors(AbstractApplicationContext.java:795) ~[spring-context-7.0.9.jar:7.0.9]
	at org.springframework.context.support.AbstractApplicationContext.refresh(AbstractApplicationContext.java:603) ~[spring-context-7.0.9.jar:7.0.9]
	at org.springframework.boot.web.server.servlet.context.ServletWebServerApplicationContext.refresh(ServletWebServerApplicationContext.java:143) ~[spring-boot-web-server-4.1.1.jar:4.1.1]
	at org.springframework.boot.SpringApplication.refresh(SpringApplication.java:756) ~[spring-boot-4.1.1.jar:4.1.1]
	at org.springframework.boot.SpringApplication.refreshContext(SpringApplication.java:445) ~[spring-boot-4.1.1.jar:4.1.1]
	at org.springframework.boot.SpringApplication.run(SpringApplication.java:321) ~[spring-boot-4.1.1.jar:4.1.1]
	at org.springframework.boot.SpringApplication.run(SpringApplication.java:1365) ~[spring-boot-4.1.1.jar:4.1.1]
	at org.springframework.boot.SpringApplication.run(SpringApplication.java:1354) ~[spring-boot-4.1.1.jar:4.1.1]
	at com.aloha.mvc.MvcApplication.main(MvcApplication.java:10) ~[main/:na]
	at java.base/jdk.internal.reflect.NativeMethodAccessorImpl.invoke0(Native Method) ~[na:na]
	at java.base/jdk.internal.reflect.NativeMethodAccessorImpl.invoke(NativeMethodAccessorImpl.java:77) ~[na:na]
	at java.base/jdk.internal.reflect.DelegatingMethodAccessorImpl.invoke(DelegatingMethodAccessorImpl.java:43) ~[na:na]
	at java.base/java.lang.reflect.Method.invoke(Method.java:568) ~[na:na]
	at org.springframework.boot.devtools.restart.RestartLauncher.run(RestartLauncher.java:52) ~[spring-boot-devtools-4.1.1.jar:4.1.1]
Caused by: java.lang.IllegalStateException: Failed to introspect Class [com.aloha.mvc.config.SecurityConfig] from ClassLoader [org.springframework.boot.devtools.restart.classloader.RestartClassLoader@3143e648]
	at org.springframework.util.ReflectionUtils.getDeclaredMethods(ReflectionUtils.java:483) ~[spring-core-7.0.9.jar:7.0.9]
	at org.springframework.util.ReflectionUtils.doWithMethods(ReflectionUtils.java:360) ~[spring-core-7.0.9.jar:7.0.9]
	at org.springframework.util.ReflectionUtils.getUniqueDeclaredMethods(ReflectionUtils.java:417) ~[spring-core-7.0.9.jar:7.0.9]
	at org.springframework.beans.factory.support.AbstractAutowireCapableBeanFactory.lambda$getTypeForFactoryMethod$0(AbstractAutowireCapableBeanFactory.java:748) ~[spring-beans-7.0.9.jar:7.0.9]
	at java.base/java.util.concurrent.ConcurrentHashMap.computeIfAbsent(ConcurrentHashMap.java:1708) ~[na:na]
	at org.springframework.beans.factory.support.AbstractAutowireCapableBeanFactory.getTypeForFactoryMethod(AbstractAutowireCapableBeanFactory.java:747) ~[spring-beans-7.0.9.jar:7.0.9]
	at org.springframework.beans.factory.support.AbstractAutowireCapableBeanFactory.determineTargetType(AbstractAutowireCapableBeanFactory.java:681) ~[spring-beans-7.0.9.jar:7.0.9]
	at org.springframework.beans.factory.support.AbstractAutowireCapableBeanFactory.predictBeanType(AbstractAutowireCapableBeanFactory.java:653) ~[spring-beans-7.0.9.jar:7.0.9]
	at org.springframework.beans.factory.support.AbstractBeanFactory.isFactoryBean(AbstractBeanFactory.java:1699) ~[spring-beans-7.0.9.jar:7.0.9]
	at org.springframework.beans.factory.support.DefaultListableBeanFactory.doGetBeanNamesForType(DefaultListableBeanFactory.java:632) ~[spring-beans-7.0.9.jar:7.0.9]
	at org.springframework.beans.factory.support.DefaultListableBeanFactory.getBeanNamesForType(DefaultListableBeanFactory.java:604) ~[spring-beans-7.0.9.jar:7.0.9]
	at org.springframework.beans.factory.support.DefaultListableBeanFactory.getBeanNamesForType(DefaultListableBeanFactory.java:589) ~[spring-beans-7.0.9.jar:7.0.9]
	at org.springframework.boot.autoconfigure.condition.OnBeanCondition.collectBeanDefinitionsForType(OnBeanCondition.java:334) ~[spring-boot-autoconfigure-4.1.1.jar:4.1.1]
	at org.springframework.boot.autoconfigure.condition.OnBeanCondition.getBeanDefinitionsForType(OnBeanCondition.java:323) ~[spring-boot-autoconfigure-4.1.1.jar:4.1.1]
	at org.springframework.boot.autoconfigure.condition.OnBeanCondition.getMatchingBeans(OnBeanCondition.java:221) ~[spring-boot-autoconfigure-4.1.1.jar:4.1.1]
	at org.springframework.boot.autoconfigure.condition.OnBeanCondition.evaluateConditionalOnMissingBean(OnBeanCondition.java:204) ~[spring-boot-autoconfigure-4.1.1.jar:4.1.1]
	at org.springframework.boot.autoconfigure.condition.OnBeanCondition.getMatchOutcome(OnBeanCondition.java:149) ~[spring-boot-autoconfigure-4.1.1.jar:4.1.1]
	at org.springframework.boot.autoconfigure.condition.SpringBootCondition.matches(SpringBootCondition.java:47) ~[spring-boot-autoconfigure-4.1.1.jar:4.1.1]
	... 22 common frames omitted
Caused by: java.lang.NoClassDefFoundError: org/springframework/security/crypto/password/PasswordEncoder
	at java.base/java.lang.Class.getDeclaredMethods0(Native Method) ~[na:na]
	at java.base/java.lang.Class.privateGetDeclaredMethods(Class.java:3402) ~[na:na]
	at java.base/java.lang.Class.getDeclaredMethods(Class.java:2504) ~[na:na]
	at org.springframework.util.ReflectionUtils.getDeclaredMethods(ReflectionUtils.java:465) ~[spring-core-7.0.9.jar:7.0.9]
	... 39 common frames omitted
Caused by: java.lang.ClassNotFoundException: org.springframework.security.crypto.password.PasswordEncoder
	at java.base/jdk.internal.loader.BuiltinClassLoader.loadClass(BuiltinClassLoader.java:641) ~[na:na]
	at java.base/jdk.internal.loader.ClassLoaders$AppClassLoader.loadClass(ClassLoaders.java:188) ~[na:na]
	at java.base/java.lang.ClassLoader.loadClass(ClassLoader.java:525) ~[na:na]
	at java.base/java.lang.Class.forName0(Native Method) ~[na:na]
	at java.base/java.lang.Class.forName(Class.java:467) ~[na:na]
	at org.springframework.boot.devtools.restart.classloader.RestartClassLoader.loadClass(RestartClassLoader.java:123) ~[spring-boot-devtools-4.1.1.jar:4.1.1]
	at java.base/java.lang.ClassLoader.loadClass(ClassLoader.java:525) ~[na:na]
	... 43 common frames omitted

2026-09-14T15:49:19.779+09:00  INFO 16044 --- [mvc] [restartedMain] com.aloha.mvc.MvcApplication             : Starting MvcApplication using Java 17.0.12 with PID 16044 (C:\ALOHA\GITHUB\AIOT7_SPRINGBOOT\mvc\bin\main started by Admin in C:\ALOHA\GITHUB\AIOT7_SPRINGBOOT\mvc)
2026-09-14T15:49:19.779+09:00  INFO 16044 --- [mvc] [restartedMain] com.aloha.mvc.MvcApplication             : No active profile set, falling back to 1 default profile: "default"
2026-09-14T15:49:19.876+09:00  WARN 16044 --- [mvc] [restartedMain] ConfigServletWebServerApplicationContext : Exception encountered during context initialization - cancelling refresh attempt: java.lang.IllegalStateException: Error processing condition on org.springframework.boot.autoconfigure.context.PropertyPlaceholderAutoConfiguration.propertySourcesPlaceholderConfigurer
2026-09-14T15:49:19.877+09:00  INFO 16044 --- [mvc] [restartedMain] .s.b.a.l.ConditionEvaluationReportLogger : 

Error starting ApplicationContext. To display the condition evaluation report re-run your application with 'debug' enabled.
2026-09-14T15:49:19.879+09:00 ERROR 16044 --- [mvc] [restartedMain] o.s.boot.SpringApplication               : Application run failed

java.lang.IllegalStateException: Error processing condition on org.springframework.boot.autoconfigure.context.PropertyPlaceholderAutoConfiguration.propertySourcesPlaceholderConfigurer
	at org.springframework.boot.autoconfigure.condition.SpringBootCondition.matches(SpringBootCondition.java:60) ~[spring-boot-autoconfigure-4.1.1.jar:4.1.1]
	at org.springframework.context.annotation.ConditionEvaluator.shouldSkip(ConditionEvaluator.java:100) ~[spring-context-7.0.9.jar:7.0.9]
	at org.springframework.context.annotation.ConfigurationClassBeanDefinitionReader.loadBeanDefinitionsForBeanMethod(ConfigurationClassBeanDefinitionReader.java:196) ~[spring-context-7.0.9.jar:7.0.9]
	at org.springframework.context.annotation.ConfigurationClassBeanDefinitionReader.loadBeanDefinitionsForConfigurationClass(ConfigurationClassBeanDefinitionReader.java:148) ~[spring-context-7.0.9.jar:7.0.9]
	at org.springframework.context.annotation.ConfigurationClassBeanDefinitionReader.loadBeanDefinitions(ConfigurationClassBeanDefinitionReader.java:124) ~[spring-context-7.0.9.jar:7.0.9]
	at org.springframework.context.annotation.ConfigurationClassPostProcessor.processConfigBeanDefinitions(ConfigurationClassPostProcessor.java:464) ~[spring-context-7.0.9.jar:7.0.9]
	at org.springframework.context.annotation.ConfigurationClassPostProcessor.postProcessBeanDefinitionRegistry(ConfigurationClassPostProcessor.java:316) ~[spring-context-7.0.9.jar:7.0.9]
	at org.springframework.context.support.PostProcessorRegistrationDelegate.invokeBeanDefinitionRegistryPostProcessors(PostProcessorRegistrationDelegate.java:349) ~[spring-context-7.0.9.jar:7.0.9]
	at org.springframework.context.support.PostProcessorRegistrationDelegate.invokeBeanFactoryPostProcessors(PostProcessorRegistrationDelegate.java:118) ~[spring-context-7.0.9.jar:7.0.9]
	at org.springframework.context.support.AbstractApplicationContext.invokeBeanFactoryPostProcessors(AbstractApplicationContext.java:795) ~[spring-context-7.0.9.jar:7.0.9]
	at org.springframework.context.support.AbstractApplicationContext.refresh(AbstractApplicationContext.java:603) ~[spring-context-7.0.9.jar:7.0.9]
	at org.springframework.boot.web.server.servlet.context.ServletWebServerApplicationContext.refresh(ServletWebServerApplicationContext.java:143) ~[spring-boot-web-server-4.1.1.jar:4.1.1]
	at org.springframework.boot.SpringApplication.refresh(SpringApplication.java:756) ~[spring-boot-4.1.1.jar:4.1.1]
	at org.springframework.boot.SpringApplication.refreshContext(SpringApplication.java:445) ~[spring-boot-4.1.1.jar:4.1.1]
	at org.springframework.boot.SpringApplication.run(SpringApplication.java:321) ~[spring-boot-4.1.1.jar:4.1.1]
	at org.springframework.boot.SpringApplication.run(SpringApplication.java:1365) ~[spring-boot-4.1.1.jar:4.1.1]
	at org.springframework.boot.SpringApplication.run(SpringApplication.java:1354) ~[spring-boot-4.1.1.jar:4.1.1]
	at com.aloha.mvc.MvcApplication.main(MvcApplication.java:10) ~[main/:na]
	at java.base/jdk.internal.reflect.NativeMethodAccessorImpl.invoke0(Native Method) ~[na:na]
	at java.base/jdk.internal.reflect.NativeMethodAccessorImpl.invoke(NativeMethodAccessorImpl.java:77) ~[na:na]
	at java.base/jdk.internal.reflect.DelegatingMethodAccessorImpl.invoke(DelegatingMethodAccessorImpl.java:43) ~[na:na]
	at java.base/java.lang.reflect.Method.invoke(Method.java:568) ~[na:na]
	at org.springframework.boot.devtools.restart.RestartLauncher.run(RestartLauncher.java:52) ~[spring-boot-devtools-4.1.1.jar:4.1.1]
Caused by: java.lang.IllegalStateException: Failed to introspect Class [com.aloha.mvc.config.SecurityConfig] from ClassLoader [org.springframework.boot.devtools.restart.classloader.RestartClassLoader@67915bda]
	at org.springframework.util.ReflectionUtils.getDeclaredMethods(ReflectionUtils.java:483) ~[spring-core-7.0.9.jar:7.0.9]
	at org.springframework.util.ReflectionUtils.doWithMethods(ReflectionUtils.java:360) ~[spring-core-7.0.9.jar:7.0.9]
	at org.springframework.util.ReflectionUtils.getUniqueDeclaredMethods(ReflectionUtils.java:417) ~[spring-core-7.0.9.jar:7.0.9]
	at org.springframework.beans.factory.support.AbstractAutowireCapableBeanFactory.lambda$getTypeForFactoryMethod$0(AbstractAutowireCapableBeanFactory.java:748) ~[spring-beans-7.0.9.jar:7.0.9]
	at java.base/java.util.concurrent.ConcurrentHashMap.computeIfAbsent(ConcurrentHashMap.java:1708) ~[na:na]
	at org.springframework.beans.factory.support.AbstractAutowireCapableBeanFactory.getTypeForFactoryMethod(AbstractAutowireCapableBeanFactory.java:747) ~[spring-beans-7.0.9.jar:7.0.9]
	at org.springframework.beans.factory.support.AbstractAutowireCapableBeanFactory.determineTargetType(AbstractAutowireCapableBeanFactory.java:681) ~[spring-beans-7.0.9.jar:7.0.9]
	at org.springframework.beans.factory.support.AbstractAutowireCapableBeanFactory.predictBeanType(AbstractAutowireCapableBeanFactory.java:653) ~[spring-beans-7.0.9.jar:7.0.9]
	at org.springframework.beans.factory.support.AbstractBeanFactory.isFactoryBean(AbstractBeanFactory.java:1699) ~[spring-beans-7.0.9.jar:7.0.9]
	at org.springframework.beans.factory.support.DefaultListableBeanFactory.doGetBeanNamesForType(DefaultListableBeanFactory.java:632) ~[spring-beans-7.0.9.jar:7.0.9]
	at org.springframework.beans.factory.support.DefaultListableBeanFactory.getBeanNamesForType(DefaultListableBeanFactory.java:604) ~[spring-beans-7.0.9.jar:7.0.9]
	at org.springframework.beans.factory.support.DefaultListableBeanFactory.getBeanNamesForType(DefaultListableBeanFactory.java:589) ~[spring-beans-7.0.9.jar:7.0.9]
	at org.springframework.boot.autoconfigure.condition.OnBeanCondition.collectBeanDefinitionsForType(OnBeanCondition.java:334) ~[spring-boot-autoconfigure-4.1.1.jar:4.1.1]
	at org.springframework.boot.autoconfigure.condition.OnBeanCondition.getBeanDefinitionsForType(OnBeanCondition.java:323) ~[spring-boot-autoconfigure-4.1.1.jar:4.1.1]
	at org.springframework.boot.autoconfigure.condition.OnBeanCondition.getMatchingBeans(OnBeanCondition.java:221) ~[spring-boot-autoconfigure-4.1.1.jar:4.1.1]
	at org.springframework.boot.autoconfigure.condition.OnBeanCondition.evaluateConditionalOnMissingBean(OnBeanCondition.java:204) ~[spring-boot-autoconfigure-4.1.1.jar:4.1.1]
	at org.springframework.boot.autoconfigure.condition.OnBeanCondition.getMatchOutcome(OnBeanCondition.java:149) ~[spring-boot-autoconfigure-4.1.1.jar:4.1.1]
	at org.springframework.boot.autoconfigure.condition.SpringBootCondition.matches(SpringBootCondition.java:47) ~[spring-boot-autoconfigure-4.1.1.jar:4.1.1]
	... 22 common frames omitted
Caused by: java.lang.NoClassDefFoundError: org/springframework/security/crypto/password/PasswordEncoder
	at java.base/java.lang.Class.getDeclaredMethods0(Native Method) ~[na:na]
	at java.base/java.lang.Class.privateGetDeclaredMethods(Class.java:3402) ~[na:na]
	at java.base/java.lang.Class.getDeclaredMethods(Class.java:2504) ~[na:na]
	at org.springframework.util.ReflectionUtils.getDeclaredMethods(ReflectionUtils.java:465) ~[spring-core-7.0.9.jar:7.0.9]
	... 39 common frames omitted
Caused by: java.lang.ClassNotFoundException: org.springframework.security.crypto.password.PasswordEncoder
	at java.base/jdk.internal.loader.BuiltinClassLoader.loadClass(BuiltinClassLoader.java:641) ~[na:na]
	at java.base/jdk.internal.loader.ClassLoaders$AppClassLoader.loadClass(ClassLoaders.java:188) ~[na:na]
	at java.base/java.lang.ClassLoader.loadClass(ClassLoader.java:525) ~[na:na]
	at java.base/java.lang.Class.forName0(Native Method) ~[na:na]
	at java.base/java.lang.Class.forName(Class.java:467) ~[na:na]
	at org.springframework.boot.devtools.restart.classloader.RestartClassLoader.loadClass(RestartClassLoader.java:123) ~[spring-boot-devtools-4.1.1.jar:4.1.1]
	at java.base/java.lang.ClassLoader.loadClass(ClassLoader.java:525) ~[na:na]
	... 43 common frames omitted

2026-09-14T15:49:37.720+09:00  INFO 16044 --- [mvc] [restartedMain] com.aloha.mvc.MvcApplication             : Starting MvcApplication using Java 17.0.12 with PID 16044 (C:\ALOHA\GITHUB\AIOT7_SPRINGBOOT\mvc\bin\main started by Admin in C:\ALOHA\GITHUB\AIOT7_SPRINGBOOT\mvc)
2026-09-14T15:49:37.720+09:00  INFO 16044 --- [mvc] [restartedMain] com.aloha.mvc.MvcApplication             : No active profile set, falling back to 1 default profile: "default"
2026-09-14T15:49:37.854+09:00  WARN 16044 --- [mvc] [restartedMain] ConfigServletWebServerApplicationContext : Exception encountered during context initialization - cancelling refresh attempt: java.lang.IllegalStateException: Error processing condition on org.springframework.boot.autoconfigure.context.PropertyPlaceholderAutoConfiguration.propertySourcesPlaceholderConfigurer
2026-09-14T15:49:37.856+09:00  INFO 16044 --- [mvc] [restartedMain] .s.b.a.l.ConditionEvaluationReportLogger : 

Error starting ApplicationContext. To display the condition evaluation report re-run your application with 'debug' enabled.
2026-09-14T15:49:37.863+09:00 ERROR 16044 --- [mvc] [restartedMain] o.s.boot.SpringApplication               : Application run failed

java.lang.IllegalStateException: Error processing condition on org.springframework.boot.autoconfigure.context.PropertyPlaceholderAutoConfiguration.propertySourcesPlaceholderConfigurer
	at org.springframework.boot.autoconfigure.condition.SpringBootCondition.matches(SpringBootCondition.java:60) ~[spring-boot-autoconfigure-4.1.1.jar:4.1.1]
	at org.springframework.context.annotation.ConditionEvaluator.shouldSkip(ConditionEvaluator.java:100) ~[spring-context-7.0.9.jar:7.0.9]
	at org.springframework.context.annotation.ConfigurationClassBeanDefinitionReader.loadBeanDefinitionsForBeanMethod(ConfigurationClassBeanDefinitionReader.java:196) ~[spring-context-7.0.9.jar:7.0.9]
	at org.springframework.context.annotation.ConfigurationClassBeanDefinitionReader.loadBeanDefinitionsForConfigurationClass(ConfigurationClassBeanDefinitionReader.java:148) ~[spring-context-7.0.9.jar:7.0.9]
	at org.springframework.context.annotation.ConfigurationClassBeanDefinitionReader.loadBeanDefinitions(ConfigurationClassBeanDefinitionReader.java:124) ~[spring-context-7.0.9.jar:7.0.9]
	at org.springframework.context.annotation.ConfigurationClassPostProcessor.processConfigBeanDefinitions(ConfigurationClassPostProcessor.java:464) ~[spring-context-7.0.9.jar:7.0.9]
	at org.springframework.context.annotation.ConfigurationClassPostProcessor.postProcessBeanDefinitionRegistry(ConfigurationClassPostProcessor.java:316) ~[spring-context-7.0.9.jar:7.0.9]
	at org.springframework.context.support.PostProcessorRegistrationDelegate.invokeBeanDefinitionRegistryPostProcessors(PostProcessorRegistrationDelegate.java:349) ~[spring-context-7.0.9.jar:7.0.9]
	at org.springframework.context.support.PostProcessorRegistrationDelegate.invokeBeanFactoryPostProcessors(PostProcessorRegistrationDelegate.java:118) ~[spring-context-7.0.9.jar:7.0.9]
	at org.springframework.context.support.AbstractApplicationContext.invokeBeanFactoryPostProcessors(AbstractApplicationContext.java:795) ~[spring-context-7.0.9.jar:7.0.9]
	at org.springframework.context.support.AbstractApplicationContext.refresh(AbstractApplicationContext.java:603) ~[spring-context-7.0.9.jar:7.0.9]
	at org.springframework.boot.web.server.servlet.context.ServletWebServerApplicationContext.refresh(ServletWebServerApplicationContext.java:143) ~[spring-boot-web-server-4.1.1.jar:4.1.1]
	at org.springframework.boot.SpringApplication.refresh(SpringApplication.java:756) ~[spring-boot-4.1.1.jar:4.1.1]
	at org.springframework.boot.SpringApplication.refreshContext(SpringApplication.java:445) ~[spring-boot-4.1.1.jar:4.1.1]
	at org.springframework.boot.SpringApplication.run(SpringApplication.java:321) ~[spring-boot-4.1.1.jar:4.1.1]
	at org.springframework.boot.SpringApplication.run(SpringApplication.java:1365) ~[spring-boot-4.1.1.jar:4.1.1]
	at org.springframework.boot.SpringApplication.run(SpringApplication.java:1354) ~[spring-boot-4.1.1.jar:4.1.1]
	at com.aloha.mvc.MvcApplication.main(MvcApplication.java:10) ~[main/:na]
	at java.base/jdk.internal.reflect.NativeMethodAccessorImpl.invoke0(Native Method) ~[na:na]
	at java.base/jdk.internal.reflect.NativeMethodAccessorImpl.invoke(NativeMethodAccessorImpl.java:77) ~[na:na]
	at java.base/jdk.internal.reflect.DelegatingMethodAccessorImpl.invoke(DelegatingMethodAccessorImpl.java:43) ~[na:na]
	at java.base/java.lang.reflect.Method.invoke(Method.java:568) ~[na:na]
	at org.springframework.boot.devtools.restart.RestartLauncher.run(RestartLauncher.java:52) ~[spring-boot-devtools-4.1.1.jar:4.1.1]
Caused by: java.lang.IllegalStateException: Failed to introspect Class [com.aloha.mvc.config.SecurityConfig] from ClassLoader [org.springframework.boot.devtools.restart.classloader.RestartClassLoader@6a6e4aa6]
	at org.springframework.util.ReflectionUtils.getDeclaredMethods(ReflectionUtils.java:483) ~[spring-core-7.0.9.jar:7.0.9]
	at org.springframework.util.ReflectionUtils.doWithMethods(ReflectionUtils.java:360) ~[spring-core-7.0.9.jar:7.0.9]
	at org.springframework.util.ReflectionUtils.getUniqueDeclaredMethods(ReflectionUtils.java:417) ~[spring-core-7.0.9.jar:7.0.9]
	at org.springframework.beans.factory.support.AbstractAutowireCapableBeanFactory.lambda$getTypeForFactoryMethod$0(AbstractAutowireCapableBeanFactory.java:748) ~[spring-beans-7.0.9.jar:7.0.9]
	at java.base/java.util.concurrent.ConcurrentHashMap.computeIfAbsent(ConcurrentHashMap.java:1708) ~[na:na]
	at org.springframework.beans.factory.support.AbstractAutowireCapableBeanFactory.getTypeForFactoryMethod(AbstractAutowireCapableBeanFactory.java:747) ~[spring-beans-7.0.9.jar:7.0.9]
	at org.springframework.beans.factory.support.AbstractAutowireCapableBeanFactory.determineTargetType(AbstractAutowireCapableBeanFactory.java:681) ~[spring-beans-7.0.9.jar:7.0.9]
	at org.springframework.beans.factory.support.AbstractAutowireCapableBeanFactory.predictBeanType(AbstractAutowireCapableBeanFactory.java:653) ~[spring-beans-7.0.9.jar:7.0.9]
	at org.springframework.beans.factory.support.AbstractBeanFactory.isFactoryBean(AbstractBeanFactory.java:1699) ~[spring-beans-7.0.9.jar:7.0.9]
	at org.springframework.beans.factory.support.DefaultListableBeanFactory.doGetBeanNamesForType(DefaultListableBeanFactory.java:632) ~[spring-beans-7.0.9.jar:7.0.9]
	at org.springframework.beans.factory.support.DefaultListableBeanFactory.getBeanNamesForType(DefaultListableBeanFactory.java:604) ~[spring-beans-7.0.9.jar:7.0.9]
	at org.springframework.beans.factory.support.DefaultListableBeanFactory.getBeanNamesForType(DefaultListableBeanFactory.java:589) ~[spring-beans-7.0.9.jar:7.0.9]
	at org.springframework.boot.autoconfigure.condition.OnBeanCondition.collectBeanDefinitionsForType(OnBeanCondition.java:334) ~[spring-boot-autoconfigure-4.1.1.jar:4.1.1]
	at org.springframework.boot.autoconfigure.condition.OnBeanCondition.getBeanDefinitionsForType(OnBeanCondition.java:323) ~[spring-boot-autoconfigure-4.1.1.jar:4.1.1]
	at org.springframework.boot.autoconfigure.condition.OnBeanCondition.getMatchingBeans(OnBeanCondition.java:221) ~[spring-boot-autoconfigure-4.1.1.jar:4.1.1]
	at org.springframework.boot.autoconfigure.condition.OnBeanCondition.evaluateConditionalOnMissingBean(OnBeanCondition.java:204) ~[spring-boot-autoconfigure-4.1.1.jar:4.1.1]
	at org.springframework.boot.autoconfigure.condition.OnBeanCondition.getMatchOutcome(OnBeanCondition.java:149) ~[spring-boot-autoconfigure-4.1.1.jar:4.1.1]
	at org.springframework.boot.autoconfigure.condition.SpringBootCondition.matches(SpringBootCondition.java:47) ~[spring-boot-autoconfigure-4.1.1.jar:4.1.1]
	... 22 common frames omitted
Caused by: java.lang.NoClassDefFoundError: org/springframework/security/crypto/password/PasswordEncoder
	at java.base/java.lang.Class.getDeclaredMethods0(Native Method) ~[na:na]
	at java.base/java.lang.Class.privateGetDeclaredMethods(Class.java:3402) ~[na:na]
	at java.base/java.lang.Class.getDeclaredMethods(Class.java:2504) ~[na:na]
	at org.springframework.util.ReflectionUtils.getDeclaredMethods(ReflectionUtils.java:465) ~[spring-core-7.0.9.jar:7.0.9]
	... 39 common frames omitted
Caused by: java.lang.ClassNotFoundException: org.springframework.security.crypto.password.PasswordEncoder
	at java.base/jdk.internal.loader.BuiltinClassLoader.loadClass(BuiltinClassLoader.java:641) ~[na:na]
	at java.base/jdk.internal.loader.ClassLoaders$AppClassLoader.loadClass(ClassLoaders.java:188) ~[na:na]
	at java.base/java.lang.ClassLoader.loadClass(ClassLoader.java:525) ~[na:na]
	at java.base/java.lang.Class.forName0(Native Method) ~[na:na]
	at java.base/java.lang.Class.forName(Class.java:467) ~[na:na]
	at org.springframework.boot.devtools.restart.classloader.RestartClassLoader.loadClass(RestartClassLoader.java:123) ~[spring-boot-devtools-4.1.1.jar:4.1.1]
	at java.base/java.lang.ClassLoader.loadClass(ClassLoader.java:525) ~[na:na]
	... 43 common frames omitted

2026-09-14T15:49:40.335+09:00  INFO 16044 --- [mvc] [restartedMain] com.aloha.mvc.MvcApplication             : Starting MvcApplication using Java 17.0.12 with PID 16044 (C:\ALOHA\GITHUB\AIOT7_SPRINGBOOT\mvc\bin\main started by Admin in C:\ALOHA\GITHUB\AIOT7_SPRINGBOOT\mvc)
2026-09-14T15:49:40.335+09:00  INFO 16044 --- [mvc] [restartedMain] com.aloha.mvc.MvcApplication             : No active profile set, falling back to 1 default profile: "default"
2026-09-14T15:49:40.446+09:00  WARN 16044 --- [mvc] [restartedMain] ConfigServletWebServerApplicationContext : Exception encountered during context initialization - cancelling refresh attempt: java.lang.IllegalStateException: Error processing condition on org.springframework.boot.autoconfigure.context.PropertyPlaceholderAutoConfiguration.propertySourcesPlaceholderConfigurer
2026-09-14T15:49:40.447+09:00  INFO 16044 --- [mvc] [restartedMain] .s.b.a.l.ConditionEvaluationReportLogger : 

Error starting ApplicationContext. To display the condition evaluation report re-run your application with 'debug' enabled.
2026-09-14T15:49:40.450+09:00 ERROR 16044 --- [mvc] [restartedMain] o.s.boot.SpringApplication               : Application run failed

java.lang.IllegalStateException: Error processing condition on org.springframework.boot.autoconfigure.context.PropertyPlaceholderAutoConfiguration.propertySourcesPlaceholderConfigurer
	at org.springframework.boot.autoconfigure.condition.SpringBootCondition.matches(SpringBootCondition.java:60) ~[spring-boot-autoconfigure-4.1.1.jar:4.1.1]
	at org.springframework.context.annotation.ConditionEvaluator.shouldSkip(ConditionEvaluator.java:100) ~[spring-context-7.0.9.jar:7.0.9]
	at org.springframework.context.annotation.ConfigurationClassBeanDefinitionReader.loadBeanDefinitionsForBeanMethod(ConfigurationClassBeanDefinitionReader.java:196) ~[spring-context-7.0.9.jar:7.0.9]
	at org.springframework.context.annotation.ConfigurationClassBeanDefinitionReader.loadBeanDefinitionsForConfigurationClass(ConfigurationClassBeanDefinitionReader.java:148) ~[spring-context-7.0.9.jar:7.0.9]
	at org.springframework.context.annotation.ConfigurationClassBeanDefinitionReader.loadBeanDefinitions(ConfigurationClassBeanDefinitionReader.java:124) ~[spring-context-7.0.9.jar:7.0.9]
	at org.springframework.context.annotation.ConfigurationClassPostProcessor.processConfigBeanDefinitions(ConfigurationClassPostProcessor.java:464) ~[spring-context-7.0.9.jar:7.0.9]
	at org.springframework.context.annotation.ConfigurationClassPostProcessor.postProcessBeanDefinitionRegistry(ConfigurationClassPostProcessor.java:316) ~[spring-context-7.0.9.jar:7.0.9]
	at org.springframework.context.support.PostProcessorRegistrationDelegate.invokeBeanDefinitionRegistryPostProcessors(PostProcessorRegistrationDelegate.java:349) ~[spring-context-7.0.9.jar:7.0.9]
	at org.springframework.context.support.PostProcessorRegistrationDelegate.invokeBeanFactoryPostProcessors(PostProcessorRegistrationDelegate.java:118) ~[spring-context-7.0.9.jar:7.0.9]
	at org.springframework.context.support.AbstractApplicationContext.invokeBeanFactoryPostProcessors(AbstractApplicationContext.java:795) ~[spring-context-7.0.9.jar:7.0.9]
	at org.springframework.context.support.AbstractApplicationContext.refresh(AbstractApplicationContext.java:603) ~[spring-context-7.0.9.jar:7.0.9]
	at org.springframework.boot.web.server.servlet.context.ServletWebServerApplicationContext.refresh(ServletWebServerApplicationContext.java:143) ~[spring-boot-web-server-4.1.1.jar:4.1.1]
	at org.springframework.boot.SpringApplication.refresh(SpringApplication.java:756) ~[spring-boot-4.1.1.jar:4.1.1]
	at org.springframework.boot.SpringApplication.refreshContext(SpringApplication.java:445) ~[spring-boot-4.1.1.jar:4.1.1]
	at org.springframework.boot.SpringApplication.run(SpringApplication.java:321) ~[spring-boot-4.1.1.jar:4.1.1]
	at org.springframework.boot.SpringApplication.run(SpringApplication.java:1365) ~[spring-boot-4.1.1.jar:4.1.1]
	at org.springframework.boot.SpringApplication.run(SpringApplication.java:1354) ~[spring-boot-4.1.1.jar:4.1.1]
	at com.aloha.mvc.MvcApplication.main(MvcApplication.java:10) ~[main/:na]
	at java.base/jdk.internal.reflect.NativeMethodAccessorImpl.invoke0(Native Method) ~[na:na]
	at java.base/jdk.internal.reflect.NativeMethodAccessorImpl.invoke(NativeMethodAccessorImpl.java:77) ~[na:na]
	at java.base/jdk.internal.reflect.DelegatingMethodAccessorImpl.invoke(DelegatingMethodAccessorImpl.java:43) ~[na:na]
	at java.base/java.lang.reflect.Method.invoke(Method.java:568) ~[na:na]
	at org.springframework.boot.devtools.restart.RestartLauncher.run(RestartLauncher.java:52) ~[spring-boot-devtools-4.1.1.jar:4.1.1]
Caused by: java.lang.IllegalStateException: Failed to introspect Class [com.aloha.mvc.config.SecurityConfig] from ClassLoader [org.springframework.boot.devtools.restart.classloader.RestartClassLoader@39ecbc42]
	at org.springframework.util.ReflectionUtils.getDeclaredMethods(ReflectionUtils.java:483) ~[spring-core-7.0.9.jar:7.0.9]
	at org.springframework.util.ReflectionUtils.doWithMethods(ReflectionUtils.java:360) ~[spring-core-7.0.9.jar:7.0.9]
	at org.springframework.util.ReflectionUtils.getUniqueDeclaredMethods(ReflectionUtils.java:417) ~[spring-core-7.0.9.jar:7.0.9]
	at org.springframework.beans.factory.support.AbstractAutowireCapableBeanFactory.lambda$getTypeForFactoryMethod$0(AbstractAutowireCapableBeanFactory.java:748) ~[spring-beans-7.0.9.jar:7.0.9]
	at java.base/java.util.concurrent.ConcurrentHashMap.computeIfAbsent(ConcurrentHashMap.java:1708) ~[na:na]
	at org.springframework.beans.factory.support.AbstractAutowireCapableBeanFactory.getTypeForFactoryMethod(AbstractAutowireCapableBeanFactory.java:747) ~[spring-beans-7.0.9.jar:7.0.9]
	at org.springframework.beans.factory.support.AbstractAutowireCapableBeanFactory.determineTargetType(AbstractAutowireCapableBeanFactory.java:681) ~[spring-beans-7.0.9.jar:7.0.9]
	at org.springframework.beans.factory.support.AbstractAutowireCapableBeanFactory.predictBeanType(AbstractAutowireCapableBeanFactory.java:653) ~[spring-beans-7.0.9.jar:7.0.9]
	at org.springframework.beans.factory.support.AbstractBeanFactory.isFactoryBean(AbstractBeanFactory.java:1699) ~[spring-beans-7.0.9.jar:7.0.9]
	at org.springframework.beans.factory.support.DefaultListableBeanFactory.doGetBeanNamesForType(DefaultListableBeanFactory.java:632) ~[spring-beans-7.0.9.jar:7.0.9]
	at org.springframework.beans.factory.support.DefaultListableBeanFactory.getBeanNamesForType(DefaultListableBeanFactory.java:604) ~[spring-beans-7.0.9.jar:7.0.9]
	at org.springframework.beans.factory.support.DefaultListableBeanFactory.getBeanNamesForType(DefaultListableBeanFactory.java:589) ~[spring-beans-7.0.9.jar:7.0.9]
	at org.springframework.boot.autoconfigure.condition.OnBeanCondition.collectBeanDefinitionsForType(OnBeanCondition.java:334) ~[spring-boot-autoconfigure-4.1.1.jar:4.1.1]
	at org.springframework.boot.autoconfigure.condition.OnBeanCondition.getBeanDefinitionsForType(OnBeanCondition.java:323) ~[spring-boot-autoconfigure-4.1.1.jar:4.1.1]
	at org.springframework.boot.autoconfigure.condition.OnBeanCondition.getMatchingBeans(OnBeanCondition.java:221) ~[spring-boot-autoconfigure-4.1.1.jar:4.1.1]
	at org.springframework.boot.autoconfigure.condition.OnBeanCondition.evaluateConditionalOnMissingBean(OnBeanCondition.java:204) ~[spring-boot-autoconfigure-4.1.1.jar:4.1.1]
	at org.springframework.boot.autoconfigure.condition.OnBeanCondition.getMatchOutcome(OnBeanCondition.java:149) ~[spring-boot-autoconfigure-4.1.1.jar:4.1.1]
	at org.springframework.boot.autoconfigure.condition.SpringBootCondition.matches(SpringBootCondition.java:47) ~[spring-boot-autoconfigure-4.1.1.jar:4.1.1]
	... 22 common frames omitted
Caused by: java.lang.NoClassDefFoundError: org/springframework/security/crypto/password/PasswordEncoder
	at java.base/java.lang.Class.getDeclaredMethods0(Native Method) ~[na:na]
	at java.base/java.lang.Class.privateGetDeclaredMethods(Class.java:3402) ~[na:na]
	at java.base/java.lang.Class.getDeclaredMethods(Class.java:2504) ~[na:na]
	at org.springframework.util.ReflectionUtils.getDeclaredMethods(ReflectionUtils.java:465) ~[spring-core-7.0.9.jar:7.0.9]
	... 39 common frames omitted
Caused by: java.lang.ClassNotFoundException: org.springframework.security.crypto.password.PasswordEncoder
	at java.base/jdk.internal.loader.BuiltinClassLoader.loadClass(BuiltinClassLoader.java:641) ~[na:na]
	at java.base/jdk.internal.loader.ClassLoaders$AppClassLoader.loadClass(ClassLoaders.java:188) ~[na:na]
	at java.base/java.lang.ClassLoader.loadClass(ClassLoader.java:525) ~[na:na]
	at java.base/java.lang.Class.forName0(Native Method) ~[na:na]
	at java.base/java.lang.Class.forName(Class.java:467) ~[na:na]
	at org.springframework.boot.devtools.restart.classloader.RestartClassLoader.loadClass(RestartClassLoader.java:123) ~[spring-boot-devtools-4.1.1.jar:4.1.1]
	at java.base/java.lang.ClassLoader.loadClass(ClassLoader.java:525) ~[na:na]
	... 43 common frames omitted

2026-09-14T15:49:49.151+09:00  INFO 16044 --- [mvc] [restartedMain] com.aloha.mvc.MvcApplication             : Starting MvcApplication using Java 17.0.12 with PID 16044 (C:\ALOHA\GITHUB\AIOT7_SPRINGBOOT\mvc\bin\main started by Admin in C:\ALOHA\GITHUB\AIOT7_SPRINGBOOT\mvc)
2026-09-14T15:49:49.152+09:00  INFO 16044 --- [mvc] [restartedMain] com.aloha.mvc.MvcApplication             : No active profile set, falling back to 1 default profile: "default"
2026-09-14T15:49:49.740+09:00  WARN 16044 --- [mvc] [restartedMain] ConfigServletWebServerApplicationContext : Exception encountered during context initialization - cancelling refresh attempt: java.lang.IllegalStateException: Error processing condition on org.springframework.boot.autoconfigure.context.PropertyPlaceholderAutoConfiguration.propertySourcesPlaceholderConfigurer
2026-09-14T15:49:49.744+09:00  INFO 16044 --- [mvc] [restartedMain] .s.b.a.l.ConditionEvaluationReportLogger : 

Error starting ApplicationContext. To display the condition evaluation report re-run your application with 'debug' enabled.
2026-09-14T15:49:49.750+09:00 ERROR 16044 --- [mvc] [restartedMain] o.s.boot.SpringApplication               : Application run failed

java.lang.IllegalStateException: Error processing condition on org.springframework.boot.autoconfigure.context.PropertyPlaceholderAutoConfiguration.propertySourcesPlaceholderConfigurer
	at org.springframework.boot.autoconfigure.condition.SpringBootCondition.matches(SpringBootCondition.java:60) ~[spring-boot-autoconfigure-4.1.1.jar:4.1.1]
	at org.springframework.context.annotation.ConditionEvaluator.shouldSkip(ConditionEvaluator.java:100) ~[spring-context-7.0.9.jar:7.0.9]
	at org.springframework.context.annotation.ConfigurationClassBeanDefinitionReader.loadBeanDefinitionsForBeanMethod(ConfigurationClassBeanDefinitionReader.java:196) ~[spring-context-7.0.9.jar:7.0.9]
	at org.springframework.context.annotation.ConfigurationClassBeanDefinitionReader.loadBeanDefinitionsForConfigurationClass(ConfigurationClassBeanDefinitionReader.java:148) ~[spring-context-7.0.9.jar:7.0.9]
	at org.springframework.context.annotation.ConfigurationClassBeanDefinitionReader.loadBeanDefinitions(ConfigurationClassBeanDefinitionReader.java:124) ~[spring-context-7.0.9.jar:7.0.9]
	at org.springframework.context.annotation.ConfigurationClassPostProcessor.processConfigBeanDefinitions(ConfigurationClassPostProcessor.java:464) ~[spring-context-7.0.9.jar:7.0.9]
	at org.springframework.context.annotation.ConfigurationClassPostProcessor.postProcessBeanDefinitionRegistry(ConfigurationClassPostProcessor.java:316) ~[spring-context-7.0.9.jar:7.0.9]
	at org.springframework.context.support.PostProcessorRegistrationDelegate.invokeBeanDefinitionRegistryPostProcessors(PostProcessorRegistrationDelegate.java:349) ~[spring-context-7.0.9.jar:7.0.9]
	at org.springframework.context.support.PostProcessorRegistrationDelegate.invokeBeanFactoryPostProcessors(PostProcessorRegistrationDelegate.java:118) ~[spring-context-7.0.9.jar:7.0.9]
	at org.springframework.context.support.AbstractApplicationContext.invokeBeanFactoryPostProcessors(AbstractApplicationContext.java:795) ~[spring-context-7.0.9.jar:7.0.9]
	at org.springframework.context.support.AbstractApplicationContext.refresh(AbstractApplicationContext.java:603) ~[spring-context-7.0.9.jar:7.0.9]
	at org.springframework.boot.web.server.servlet.context.ServletWebServerApplicationContext.refresh(ServletWebServerApplicationContext.java:143) ~[spring-boot-web-server-4.1.1.jar:4.1.1]
	at org.springframework.boot.SpringApplication.refresh(SpringApplication.java:756) ~[spring-boot-4.1.1.jar:4.1.1]
	at org.springframework.boot.SpringApplication.refreshContext(SpringApplication.java:445) ~[spring-boot-4.1.1.jar:4.1.1]
	at org.springframework.boot.SpringApplication.run(SpringApplication.java:321) ~[spring-boot-4.1.1.jar:4.1.1]
	at org.springframework.boot.SpringApplication.run(SpringApplication.java:1365) ~[spring-boot-4.1.1.jar:4.1.1]
	at org.springframework.boot.SpringApplication.run(SpringApplication.java:1354) ~[spring-boot-4.1.1.jar:4.1.1]
	at com.aloha.mvc.MvcApplication.main(MvcApplication.java:10) ~[main/:na]
	at java.base/jdk.internal.reflect.NativeMethodAccessorImpl.invoke0(Native Method) ~[na:na]
	at java.base/jdk.internal.reflect.NativeMethodAccessorImpl.invoke(NativeMethodAccessorImpl.java:77) ~[na:na]
	at java.base/jdk.internal.reflect.DelegatingMethodAccessorImpl.invoke(DelegatingMethodAccessorImpl.java:43) ~[na:na]
	at java.base/java.lang.reflect.Method.invoke(Method.java:568) ~[na:na]
	at org.springframework.boot.devtools.restart.RestartLauncher.run(RestartLauncher.java:52) ~[spring-boot-devtools-4.1.1.jar:4.1.1]
Caused by: java.lang.IllegalStateException: Failed to introspect Class [com.aloha.mvc.config.SecurityConfig] from ClassLoader [org.springframework.boot.devtools.restart.classloader.RestartClassLoader@17336c91]
	at org.springframework.util.ReflectionUtils.getDeclaredMethods(ReflectionUtils.java:483) ~[spring-core-7.0.9.jar:7.0.9]
	at org.springframework.util.ReflectionUtils.doWithMethods(ReflectionUtils.java:360) ~[spring-core-7.0.9.jar:7.0.9]
	at org.springframework.util.ReflectionUtils.getUniqueDeclaredMethods(ReflectionUtils.java:417) ~[spring-core-7.0.9.jar:7.0.9]
	at org.springframework.beans.factory.support.AbstractAutowireCapableBeanFactory.lambda$getTypeForFactoryMethod$0(AbstractAutowireCapableBeanFactory.java:748) ~[spring-beans-7.0.9.jar:7.0.9]
	at java.base/java.util.concurrent.ConcurrentHashMap.computeIfAbsent(ConcurrentHashMap.java:1708) ~[na:na]
	at org.springframework.beans.factory.support.AbstractAutowireCapableBeanFactory.getTypeForFactoryMethod(AbstractAutowireCapableBeanFactory.java:747) ~[spring-beans-7.0.9.jar:7.0.9]
	at org.springframework.beans.factory.support.AbstractAutowireCapableBeanFactory.determineTargetType(AbstractAutowireCapableBeanFactory.java:681) ~[spring-beans-7.0.9.jar:7.0.9]
	at org.springframework.beans.factory.support.AbstractAutowireCapableBeanFactory.predictBeanType(AbstractAutowireCapableBeanFactory.java:653) ~[spring-beans-7.0.9.jar:7.0.9]
	at org.springframework.beans.factory.support.AbstractBeanFactory.isFactoryBean(AbstractBeanFactory.java:1699) ~[spring-beans-7.0.9.jar:7.0.9]
	at org.springframework.beans.factory.support.DefaultListableBeanFactory.doGetBeanNamesForType(DefaultListableBeanFactory.java:632) ~[spring-beans-7.0.9.jar:7.0.9]
	at org.springframework.beans.factory.support.DefaultListableBeanFactory.getBeanNamesForType(DefaultListableBeanFactory.java:604) ~[spring-beans-7.0.9.jar:7.0.9]
	at org.springframework.beans.factory.support.DefaultListableBeanFactory.getBeanNamesForType(DefaultListableBeanFactory.java:589) ~[spring-beans-7.0.9.jar:7.0.9]
	at org.springframework.boot.autoconfigure.condition.OnBeanCondition.collectBeanDefinitionsForType(OnBeanCondition.java:334) ~[spring-boot-autoconfigure-4.1.1.jar:4.1.1]
	at org.springframework.boot.autoconfigure.condition.OnBeanCondition.getBeanDefinitionsForType(OnBeanCondition.java:323) ~[spring-boot-autoconfigure-4.1.1.jar:4.1.1]
	at org.springframework.boot.autoconfigure.condition.OnBeanCondition.getMatchingBeans(OnBeanCondition.java:221) ~[spring-boot-autoconfigure-4.1.1.jar:4.1.1]
	at org.springframework.boot.autoconfigure.condition.OnBeanCondition.evaluateConditionalOnMissingBean(OnBeanCondition.java:204) ~[spring-boot-autoconfigure-4.1.1.jar:4.1.1]
	at org.springframework.boot.autoconfigure.condition.OnBeanCondition.getMatchOutcome(OnBeanCondition.java:149) ~[spring-boot-autoconfigure-4.1.1.jar:4.1.1]
	at org.springframework.boot.autoconfigure.condition.SpringBootCondition.matches(SpringBootCondition.java:47) ~[spring-boot-autoconfigure-4.1.1.jar:4.1.1]
	... 22 common frames omitted
Caused by: java.lang.NoClassDefFoundError: org/springframework/security/crypto/password/PasswordEncoder
	at java.base/java.lang.Class.getDeclaredMethods0(Native Method) ~[na:na]
	at java.base/java.lang.Class.privateGetDeclaredMethods(Class.java:3402) ~[na:na]
	at java.base/java.lang.Class.getDeclaredMethods(Class.java:2504) ~[na:na]
	at org.springframework.util.ReflectionUtils.getDeclaredMethods(ReflectionUtils.java:465) ~[spring-core-7.0.9.jar:7.0.9]
	... 39 common frames omitted
Caused by: java.lang.ClassNotFoundException: org.springframework.security.crypto.password.PasswordEncoder
	at java.base/jdk.internal.loader.BuiltinClassLoader.loadClass(BuiltinClassLoader.java:641) ~[na:na]
	at java.base/jdk.internal.loader.ClassLoaders$AppClassLoader.loadClass(ClassLoaders.java:188) ~[na:na]
	at java.base/java.lang.ClassLoader.loadClass(ClassLoader.java:525) ~[na:na]
	at java.base/java.lang.Class.forName0(Native Method) ~[na:na]
	at java.base/java.lang.Class.forName(Class.java:467) ~[na:na]
	at org.springframework.boot.devtools.restart.classloader.RestartClassLoader.loadClass(RestartClassLoader.java:123) ~[spring-boot-devtools-4.1.1.jar:4.1.1]
	at java.base/java.lang.ClassLoader.loadClass(ClassLoader.java:525) ~[na:na]
	... 43 common frames omitted

2026-09-14T15:49:51.248+09:00  INFO 16044 --- [mvc] [restartedMain] com.aloha.mvc.MvcApplication             : Starting MvcApplication using Java 17.0.12 with PID 16044 (C:\ALOHA\GITHUB\AIOT7_SPRINGBOOT\mvc\bin\main started by Admin in C:\ALOHA\GITHUB\AIOT7_SPRINGBOOT\mvc)
2026-09-14T15:49:51.249+09:00  INFO 16044 --- [mvc] [restartedMain] com.aloha.mvc.MvcApplication             : No active profile set, falling back to 1 default profile: "default"
2026-09-14T15:49:51.361+09:00  WARN 16044 --- [mvc] [restartedMain] ConfigServletWebServerApplicationContext : Exception encountered during context initialization - cancelling refresh attempt: java.lang.IllegalStateException: Error processing condition on org.springframework.boot.autoconfigure.context.PropertyPlaceholderAutoConfiguration.propertySourcesPlaceholderConfigurer
2026-09-14T15:49:51.362+09:00  INFO 16044 --- [mvc] [restartedMain] .s.b.a.l.ConditionEvaluationReportLogger : 

Error starting ApplicationContext. To display the condition evaluation report re-run your application with 'debug' enabled.
2026-09-14T15:49:51.366+09:00 ERROR 16044 --- [mvc] [restartedMain] o.s.boot.SpringApplication               : Application run failed

java.lang.IllegalStateException: Error processing condition on org.springframework.boot.autoconfigure.context.PropertyPlaceholderAutoConfiguration.propertySourcesPlaceholderConfigurer
	at org.springframework.boot.autoconfigure.condition.SpringBootCondition.matches(SpringBootCondition.java:60) ~[spring-boot-autoconfigure-4.1.1.jar:4.1.1]
	at org.springframework.context.annotation.ConditionEvaluator.shouldSkip(ConditionEvaluator.java:100) ~[spring-context-7.0.9.jar:7.0.9]
	at org.springframework.context.annotation.ConfigurationClassBeanDefinitionReader.loadBeanDefinitionsForBeanMethod(ConfigurationClassBeanDefinitionReader.java:196) ~[spring-context-7.0.9.jar:7.0.9]
	at org.springframework.context.annotation.ConfigurationClassBeanDefinitionReader.loadBeanDefinitionsForConfigurationClass(ConfigurationClassBeanDefinitionReader.java:148) ~[spring-context-7.0.9.jar:7.0.9]
	at org.springframework.context.annotation.ConfigurationClassBeanDefinitionReader.loadBeanDefinitions(ConfigurationClassBeanDefinitionReader.java:124) ~[spring-context-7.0.9.jar:7.0.9]
	at org.springframework.context.annotation.ConfigurationClassPostProcessor.processConfigBeanDefinitions(ConfigurationClassPostProcessor.java:464) ~[spring-context-7.0.9.jar:7.0.9]
	at org.springframework.context.annotation.ConfigurationClassPostProcessor.postProcessBeanDefinitionRegistry(ConfigurationClassPostProcessor.java:316) ~[spring-context-7.0.9.jar:7.0.9]
	at org.springframework.context.support.PostProcessorRegistrationDelegate.invokeBeanDefinitionRegistryPostProcessors(PostProcessorRegistrationDelegate.java:349) ~[spring-context-7.0.9.jar:7.0.9]
	at org.springframework.context.support.PostProcessorRegistrationDelegate.invokeBeanFactoryPostProcessors(PostProcessorRegistrationDelegate.java:118) ~[spring-context-7.0.9.jar:7.0.9]
	at org.springframework.context.support.AbstractApplicationContext.invokeBeanFactoryPostProcessors(AbstractApplicationContext.java:795) ~[spring-context-7.0.9.jar:7.0.9]
	at org.springframework.context.support.AbstractApplicationContext.refresh(AbstractApplicationContext.java:603) ~[spring-context-7.0.9.jar:7.0.9]
	at org.springframework.boot.web.server.servlet.context.ServletWebServerApplicationContext.refresh(ServletWebServerApplicationContext.java:143) ~[spring-boot-web-server-4.1.1.jar:4.1.1]
	at org.springframework.boot.SpringApplication.refresh(SpringApplication.java:756) ~[spring-boot-4.1.1.jar:4.1.1]
	at org.springframework.boot.SpringApplication.refreshContext(SpringApplication.java:445) ~[spring-boot-4.1.1.jar:4.1.1]
	at org.springframework.boot.SpringApplication.run(SpringApplication.java:321) ~[spring-boot-4.1.1.jar:4.1.1]
	at org.springframework.boot.SpringApplication.run(SpringApplication.java:1365) ~[spring-boot-4.1.1.jar:4.1.1]
	at org.springframework.boot.SpringApplication.run(SpringApplication.java:1354) ~[spring-boot-4.1.1.jar:4.1.1]
	at com.aloha.mvc.MvcApplication.main(MvcApplication.java:10) ~[main/:na]
	at java.base/jdk.internal.reflect.NativeMethodAccessorImpl.invoke0(Native Method) ~[na:na]
	at java.base/jdk.internal.reflect.NativeMethodAccessorImpl.invoke(NativeMethodAccessorImpl.java:77) ~[na:na]
	at java.base/jdk.internal.reflect.DelegatingMethodAccessorImpl.invoke(DelegatingMethodAccessorImpl.java:43) ~[na:na]
	at java.base/java.lang.reflect.Method.invoke(Method.java:568) ~[na:na]
	at org.springframework.boot.devtools.restart.RestartLauncher.run(RestartLauncher.java:52) ~[spring-boot-devtools-4.1.1.jar:4.1.1]
Caused by: java.lang.IllegalStateException: Failed to introspect Class [com.aloha.mvc.config.SecurityConfig] from ClassLoader [org.springframework.boot.devtools.restart.classloader.RestartClassLoader@7a91ba26]
	at org.springframework.util.ReflectionUtils.getDeclaredMethods(ReflectionUtils.java:483) ~[spring-core-7.0.9.jar:7.0.9]
	at org.springframework.util.ReflectionUtils.doWithMethods(ReflectionUtils.java:360) ~[spring-core-7.0.9.jar:7.0.9]
	at org.springframework.util.ReflectionUtils.getUniqueDeclaredMethods(ReflectionUtils.java:417) ~[spring-core-7.0.9.jar:7.0.9]
	at org.springframework.beans.factory.support.AbstractAutowireCapableBeanFactory.lambda$getTypeForFactoryMethod$0(AbstractAutowireCapableBeanFactory.java:748) ~[spring-beans-7.0.9.jar:7.0.9]
	at java.base/java.util.concurrent.ConcurrentHashMap.computeIfAbsent(ConcurrentHashMap.java:1708) ~[na:na]
	at org.springframework.beans.factory.support.AbstractAutowireCapableBeanFactory.getTypeForFactoryMethod(AbstractAutowireCapableBeanFactory.java:747) ~[spring-beans-7.0.9.jar:7.0.9]
	at org.springframework.beans.factory.support.AbstractAutowireCapableBeanFactory.determineTargetType(AbstractAutowireCapableBeanFactory.java:681) ~[spring-beans-7.0.9.jar:7.0.9]
	at org.springframework.beans.factory.support.AbstractAutowireCapableBeanFactory.predictBeanType(AbstractAutowireCapableBeanFactory.java:653) ~[spring-beans-7.0.9.jar:7.0.9]
	at org.springframework.beans.factory.support.AbstractBeanFactory.isFactoryBean(AbstractBeanFactory.java:1699) ~[spring-beans-7.0.9.jar:7.0.9]
	at org.springframework.beans.factory.support.DefaultListableBeanFactory.doGetBeanNamesForType(DefaultListableBeanFactory.java:632) ~[spring-beans-7.0.9.jar:7.0.9]
	at org.springframework.beans.factory.support.DefaultListableBeanFactory.getBeanNamesForType(DefaultListableBeanFactory.java:604) ~[spring-beans-7.0.9.jar:7.0.9]
	at org.springframework.beans.factory.support.DefaultListableBeanFactory.getBeanNamesForType(DefaultListableBeanFactory.java:589) ~[spring-beans-7.0.9.jar:7.0.9]
	at org.springframework.boot.autoconfigure.condition.OnBeanCondition.collectBeanDefinitionsForType(OnBeanCondition.java:334) ~[spring-boot-autoconfigure-4.1.1.jar:4.1.1]
	at org.springframework.boot.autoconfigure.condition.OnBeanCondition.getBeanDefinitionsForType(OnBeanCondition.java:323) ~[spring-boot-autoconfigure-4.1.1.jar:4.1.1]
	at org.springframework.boot.autoconfigure.condition.OnBeanCondition.getMatchingBeans(OnBeanCondition.java:221) ~[spring-boot-autoconfigure-4.1.1.jar:4.1.1]
	at org.springframework.boot.autoconfigure.condition.OnBeanCondition.evaluateConditionalOnMissingBean(OnBeanCondition.java:204) ~[spring-boot-autoconfigure-4.1.1.jar:4.1.1]
	at org.springframework.boot.autoconfigure.condition.OnBeanCondition.getMatchOutcome(OnBeanCondition.java:149) ~[spring-boot-autoconfigure-4.1.1.jar:4.1.1]
	at org.springframework.boot.autoconfigure.condition.SpringBootCondition.matches(SpringBootCondition.java:47) ~[spring-boot-autoconfigure-4.1.1.jar:4.1.1]
	... 22 common frames omitted
Caused by: java.lang.NoClassDefFoundError: org/springframework/security/crypto/password/PasswordEncoder
	at java.base/java.lang.Class.getDeclaredMethods0(Native Method) ~[na:na]
	at java.base/java.lang.Class.privateGetDeclaredMethods(Class.java:3402) ~[na:na]
	at java.base/java.lang.Class.getDeclaredMethods(Class.java:2504) ~[na:na]
	at org.springframework.util.ReflectionUtils.getDeclaredMethods(ReflectionUtils.java:465) ~[spring-core-7.0.9.jar:7.0.9]
	... 39 common frames omitted
Caused by: java.lang.ClassNotFoundException: org.springframework.security.crypto.password.PasswordEncoder
	at java.base/jdk.internal.loader.BuiltinClassLoader.loadClass(BuiltinClassLoader.java:641) ~[na:na]
	at java.base/jdk.internal.loader.ClassLoaders$AppClassLoader.loadClass(ClassLoaders.java:188) ~[na:na]
	at java.base/java.lang.ClassLoader.loadClass(ClassLoader.java:525) ~[na:na]
	at java.base/java.lang.Class.forName0(Native Method) ~[na:na]
	at java.base/java.lang.Class.forName(Class.java:467) ~[na:na]
	at org.springframework.boot.devtools.restart.classloader.RestartClassLoader.loadClass(RestartClassLoader.java:123) ~[spring-boot-devtools-4.1.1.jar:4.1.1]
	at java.base/java.lang.ClassLoader.loadClass(ClassLoader.java:525) ~[na:na]
	... 43 common frames omitted

2026-09-14T15:50:02.204+09:00  INFO 16044 --- [mvc] [restartedMain] com.aloha.mvc.MvcApplication             : Starting MvcApplication using Java 17.0.12 with PID 16044 (C:\ALOHA\GITHUB\AIOT7_SPRINGBOOT\mvc\bin\main started by Admin in C:\ALOHA\GITHUB\AIOT7_SPRINGBOOT\mvc)
2026-09-14T15:50:02.204+09:00  INFO 16044 --- [mvc] [restartedMain] com.aloha.mvc.MvcApplication             : No active profile set, falling back to 1 default profile: "default"
2026-09-14T15:50:02.374+09:00  WARN 16044 --- [mvc] [restartedMain] ConfigServletWebServerApplicationContext : Exception encountered during context initialization - cancelling refresh attempt: java.lang.IllegalStateException: Error processing condition on org.springframework.boot.autoconfigure.context.PropertyPlaceholderAutoConfiguration.propertySourcesPlaceholderConfigurer
2026-09-14T15:50:02.375+09:00  INFO 16044 --- [mvc] [restartedMain] .s.b.a.l.ConditionEvaluationReportLogger : 

Error starting ApplicationContext. To display the condition evaluation report re-run your application with 'debug' enabled.
2026-09-14T15:50:02.387+09:00 ERROR 16044 --- [mvc] [restartedMain] o.s.boot.SpringApplication               : Application run failed

java.lang.IllegalStateException: Error processing condition on org.springframework.boot.autoconfigure.context.PropertyPlaceholderAutoConfiguration.propertySourcesPlaceholderConfigurer
	at org.springframework.boot.autoconfigure.condition.SpringBootCondition.matches(SpringBootCondition.java:60) ~[spring-boot-autoconfigure-4.1.1.jar:4.1.1]
	at org.springframework.context.annotation.ConditionEvaluator.shouldSkip(ConditionEvaluator.java:100) ~[spring-context-7.0.9.jar:7.0.9]
	at org.springframework.context.annotation.ConfigurationClassBeanDefinitionReader.loadBeanDefinitionsForBeanMethod(ConfigurationClassBeanDefinitionReader.java:196) ~[spring-context-7.0.9.jar:7.0.9]
	at org.springframework.context.annotation.ConfigurationClassBeanDefinitionReader.loadBeanDefinitionsForConfigurationClass(ConfigurationClassBeanDefinitionReader.java:148) ~[spring-context-7.0.9.jar:7.0.9]
	at org.springframework.context.annotation.ConfigurationClassBeanDefinitionReader.loadBeanDefinitions(ConfigurationClassBeanDefinitionReader.java:124) ~[spring-context-7.0.9.jar:7.0.9]
	at org.springframework.context.annotation.ConfigurationClassPostProcessor.processConfigBeanDefinitions(ConfigurationClassPostProcessor.java:464) ~[spring-context-7.0.9.jar:7.0.9]
	at org.springframework.context.annotation.ConfigurationClassPostProcessor.postProcessBeanDefinitionRegistry(ConfigurationClassPostProcessor.java:316) ~[spring-context-7.0.9.jar:7.0.9]
	at org.springframework.context.support.PostProcessorRegistrationDelegate.invokeBeanDefinitionRegistryPostProcessors(PostProcessorRegistrationDelegate.java:349) ~[spring-context-7.0.9.jar:7.0.9]
	at org.springframework.context.support.PostProcessorRegistrationDelegate.invokeBeanFactoryPostProcessors(PostProcessorRegistrationDelegate.java:118) ~[spring-context-7.0.9.jar:7.0.9]
	at org.springframework.context.support.AbstractApplicationContext.invokeBeanFactoryPostProcessors(AbstractApplicationContext.java:795) ~[spring-context-7.0.9.jar:7.0.9]
	at org.springframework.context.support.AbstractApplicationContext.refresh(AbstractApplicationContext.java:603) ~[spring-context-7.0.9.jar:7.0.9]
	at org.springframework.boot.web.server.servlet.context.ServletWebServerApplicationContext.refresh(ServletWebServerApplicationContext.java:143) ~[spring-boot-web-server-4.1.1.jar:4.1.1]
	at org.springframework.boot.SpringApplication.refresh(SpringApplication.java:756) ~[spring-boot-4.1.1.jar:4.1.1]
	at org.springframework.boot.SpringApplication.refreshContext(SpringApplication.java:445) ~[spring-boot-4.1.1.jar:4.1.1]
	at org.springframework.boot.SpringApplication.run(SpringApplication.java:321) ~[spring-boot-4.1.1.jar:4.1.1]
	at org.springframework.boot.SpringApplication.run(SpringApplication.java:1365) ~[spring-boot-4.1.1.jar:4.1.1]
	at org.springframework.boot.SpringApplication.run(SpringApplication.java:1354) ~[spring-boot-4.1.1.jar:4.1.1]
	at com.aloha.mvc.MvcApplication.main(MvcApplication.java:10) ~[main/:na]
	at java.base/jdk.internal.reflect.NativeMethodAccessorImpl.invoke0(Native Method) ~[na:na]
	at java.base/jdk.internal.reflect.NativeMethodAccessorImpl.invoke(NativeMethodAccessorImpl.java:77) ~[na:na]
	at java.base/jdk.internal.reflect.DelegatingMethodAccessorImpl.invoke(DelegatingMethodAccessorImpl.java:43) ~[na:na]
	at java.base/java.lang.reflect.Method.invoke(Method.java:568) ~[na:na]
	at org.springframework.boot.devtools.restart.RestartLauncher.run(RestartLauncher.java:52) ~[spring-boot-devtools-4.1.1.jar:4.1.1]
Caused by: java.lang.IllegalStateException: Failed to introspect Class [com.aloha.mvc.config.SecurityConfig] from ClassLoader [org.springframework.boot.devtools.restart.classloader.RestartClassLoader@6232f4a8]
	at org.springframework.util.ReflectionUtils.getDeclaredMethods(ReflectionUtils.java:483) ~[spring-core-7.0.9.jar:7.0.9]
	at org.springframework.util.ReflectionUtils.doWithMethods(ReflectionUtils.java:360) ~[spring-core-7.0.9.jar:7.0.9]
	at org.springframework.util.ReflectionUtils.getUniqueDeclaredMethods(ReflectionUtils.java:417) ~[spring-core-7.0.9.jar:7.0.9]
	at org.springframework.beans.factory.support.AbstractAutowireCapableBeanFactory.lambda$getTypeForFactoryMethod$0(AbstractAutowireCapableBeanFactory.java:748) ~[spring-beans-7.0.9.jar:7.0.9]
	at java.base/java.util.concurrent.ConcurrentHashMap.computeIfAbsent(ConcurrentHashMap.java:1708) ~[na:na]
	at org.springframework.beans.factory.support.AbstractAutowireCapableBeanFactory.getTypeForFactoryMethod(AbstractAutowireCapableBeanFactory.java:747) ~[spring-beans-7.0.9.jar:7.0.9]
	at org.springframework.beans.factory.support.AbstractAutowireCapableBeanFactory.determineTargetType(AbstractAutowireCapableBeanFactory.java:681) ~[spring-beans-7.0.9.jar:7.0.9]
	at org.springframework.beans.factory.support.AbstractAutowireCapableBeanFactory.predictBeanType(AbstractAutowireCapableBeanFactory.java:653) ~[spring-beans-7.0.9.jar:7.0.9]
	at org.springframework.beans.factory.support.AbstractBeanFactory.isFactoryBean(AbstractBeanFactory.java:1699) ~[spring-beans-7.0.9.jar:7.0.9]
	at org.springframework.beans.factory.support.DefaultListableBeanFactory.doGetBeanNamesForType(DefaultListableBeanFactory.java:632) ~[spring-beans-7.0.9.jar:7.0.9]
	at org.springframework.beans.factory.support.DefaultListableBeanFactory.getBeanNamesForType(DefaultListableBeanFactory.java:604) ~[spring-beans-7.0.9.jar:7.0.9]
	at org.springframework.beans.factory.support.DefaultListableBeanFactory.getBeanNamesForType(DefaultListableBeanFactory.java:589) ~[spring-beans-7.0.9.jar:7.0.9]
	at org.springframework.boot.autoconfigure.condition.OnBeanCondition.collectBeanDefinitionsForType(OnBeanCondition.java:334) ~[spring-boot-autoconfigure-4.1.1.jar:4.1.1]
	at org.springframework.boot.autoconfigure.condition.OnBeanCondition.getBeanDefinitionsForType(OnBeanCondition.java:323) ~[spring-boot-autoconfigure-4.1.1.jar:4.1.1]
	at org.springframework.boot.autoconfigure.condition.OnBeanCondition.getMatchingBeans(OnBeanCondition.java:221) ~[spring-boot-autoconfigure-4.1.1.jar:4.1.1]
	at org.springframework.boot.autoconfigure.condition.OnBeanCondition.evaluateConditionalOnMissingBean(OnBeanCondition.java:204) ~[spring-boot-autoconfigure-4.1.1.jar:4.1.1]
	at org.springframework.boot.autoconfigure.condition.OnBeanCondition.getMatchOutcome(OnBeanCondition.java:149) ~[spring-boot-autoconfigure-4.1.1.jar:4.1.1]
	at org.springframework.boot.autoconfigure.condition.SpringBootCondition.matches(SpringBootCondition.java:47) ~[spring-boot-autoconfigure-4.1.1.jar:4.1.1]
	... 22 common frames omitted
Caused by: java.lang.NoClassDefFoundError: org/springframework/security/crypto/password/PasswordEncoder
	at java.base/java.lang.Class.getDeclaredMethods0(Native Method) ~[na:na]
	at java.base/java.lang.Class.privateGetDeclaredMethods(Class.java:3402) ~[na:na]
	at java.base/java.lang.Class.getDeclaredMethods(Class.java:2504) ~[na:na]
	at org.springframework.util.ReflectionUtils.getDeclaredMethods(ReflectionUtils.java:465) ~[spring-core-7.0.9.jar:7.0.9]
	... 39 common frames omitted
Caused by: java.lang.ClassNotFoundException: org.springframework.security.crypto.password.PasswordEncoder
	at java.base/jdk.internal.loader.BuiltinClassLoader.loadClass(BuiltinClassLoader.java:641) ~[na:na]
	at java.base/jdk.internal.loader.ClassLoaders$AppClassLoader.loadClass(ClassLoaders.java:188) ~[na:na]
	at java.base/java.lang.ClassLoader.loadClass(ClassLoader.java:525) ~[na:na]
	at java.base/java.lang.Class.forName0(Native Method) ~[na:na]
	at java.base/java.lang.Class.forName(Class.java:467) ~[na:na]
	at org.springframework.boot.devtools.restart.classloader.RestartClassLoader.loadClass(RestartClassLoader.java:123) ~[spring-boot-devtools-4.1.1.jar:4.1.1]
	at java.base/java.lang.ClassLoader.loadClass(ClassLoader.java:525) ~[na:na]
	... 43 common frames omitted

2026-09-14T15:51:39.094+09:00  INFO 14344 --- [mvc] [restartedMain] com.aloha.mvc.MvcApplication             : Starting MvcApplication using Java 17.0.12 with PID 14344 (C:\ALOHA\GITHUB\AIOT7_SPRINGBOOT\mvc\bin\main started by Admin in C:\ALOHA\GITHUB\AIOT7_SPRINGBOOT\mvc)
2026-09-14T15:51:39.098+09:00  INFO 14344 --- [mvc] [restartedMain] com.aloha.mvc.MvcApplication             : No active profile set, falling back to 1 default profile: "default"
2026-09-14T15:51:39.228+09:00  INFO 14344 --- [mvc] [restartedMain] .e.DevToolsPropertyDefaultsPostProcessor : Devtools property defaults active! Set 'spring.devtools.add-properties' to 'false' to disable
2026-09-14T15:51:39.229+09:00  INFO 14344 --- [mvc] [restartedMain] .e.DevToolsPropertyDefaultsPostProcessor : For additional web related logging consider setting the 'logging.level.web' property to 'DEBUG'
2026-09-14T15:51:40.818+09:00  INFO 14344 --- [mvc] [restartedMain] .s.d.r.c.RepositoryConfigurationDelegate : Bootstrapping Spring Data JPA repositories in DEFAULT mode.
2026-09-14T15:51:40.963+09:00  INFO 14344 --- [mvc] [restartedMain] .s.d.r.c.RepositoryConfigurationDelegate : Finished Spring Data repository scanning in 119 ms. Found 1 JPA repository interface.
2026-09-14T15:51:42.508+09:00  INFO 14344 --- [mvc] [restartedMain] o.s.boot.tomcat.TomcatWebServer          : Tomcat initialized with port 8080 (http)
2026-09-14T15:51:42.633+09:00  INFO 14344 --- [mvc] [restartedMain] o.apache.catalina.core.StandardService   : Starting service [Tomcat]
2026-09-14T15:51:42.645+09:00  INFO 14344 --- [mvc] [restartedMain] o.apache.catalina.core.StandardEngine    : Starting Servlet engine: [Apache Tomcat/11.0.24]
2026-09-14T15:51:42.734+09:00  INFO 14344 --- [mvc] [restartedMain] b.w.c.s.WebApplicationContextInitializer : Root WebApplicationContext: initialization completed in 3502 ms
2026-09-14T15:51:43.080+09:00  INFO 14344 --- [mvc] [restartedMain] org.hibernate.orm.jpa                    : HHH008540: Processing PersistenceUnitInfo [name: default]
2026-09-14T15:51:43.207+09:00  INFO 14344 --- [mvc] [restartedMain] org.hibernate.orm.core                   : HHH000001: Hibernate ORM core version 7.4.5.Final
2026-09-14T15:51:43.991+09:00  INFO 14344 --- [mvc] [restartedMain] o.s.o.j.p.SpringPersistenceUnitInfo      : No LoadTimeWeaver setup: ignoring JPA class transformer
2026-09-14T15:51:44.064+09:00  INFO 14344 --- [mvc] [restartedMain] com.zaxxer.hikari.HikariDataSource       : HikariPool-1 - Starting...
2026-09-14T15:51:44.342+09:00  INFO 14344 --- [mvc] [restartedMain] com.zaxxer.hikari.pool.HikariPool        : HikariPool-1 - Added connection com.mysql.cj.jdbc.ConnectionImpl@70bc0819
2026-09-14T15:51:44.347+09:00  INFO 14344 --- [mvc] [restartedMain] com.zaxxer.hikari.HikariDataSource       : HikariPool-1 - Start completed.
2026-09-14T15:51:44.460+09:00  INFO 14344 --- [mvc] [restartedMain] org.hibernate.orm.connections.pooling    : HHH10001005: Database info:
	Database JDBC URL [jdbc:mysql://localhost:3306/aloha?serverTimezone=Asia/Seoul&allowPublicKeyRetrieval=true&useSSL=false]
	Database driver: MySQL Connector/J
	Database dialect: MySQLDialect
	Database version: 8.0.46
	Default catalog/schema: aloha/undefined
	Autocommit mode: undefined/unknown
	Isolation level: REPEATABLE_READ [default REPEATABLE_READ]
	JDBC fetch size: none
	Pool: DataSourceConnectionProvider
	Minimum pool size: undefined/unknown
	Maximum pool size: undefined/unknown
2026-09-14T15:51:45.914+09:00  INFO 14344 --- [mvc] [restartedMain] org.hibernate.orm.core                   : HHH000489: No JTA platform available (set 'hibernate.transaction.jta.platform' to enable JTA platform integration)
2026-09-14T15:51:45.994+09:00  INFO 14344 --- [mvc] [restartedMain] j.LocalContainerEntityManagerFactoryBean : Initialized JPA EntityManagerFactory for persistence unit 'default'
2026-09-14T15:51:46.201+09:00  INFO 14344 --- [mvc] [restartedMain] o.s.d.j.r.query.QueryEnhancerFactories   : Hibernate is in classpath; If applicable, HQL parser will be used.
2026-09-14T15:51:46.550+09:00  WARN 14344 --- [mvc] [restartedMain] JpaBaseConfiguration$JpaWebConfiguration : spring.jpa.open-in-view is enabled by default. Therefore, database queries may be performed during view rendering. Explicitly configure spring.jpa.open-in-view to disable this warning
2026-09-14T15:51:46.604+09:00  INFO 14344 --- [mvc] [restartedMain] o.s.b.w.a.WelcomePageHandlerMapping      : Adding welcome page template: index
2026-09-14T15:51:47.483+09:00  WARN 14344 --- [mvc] [restartedMain] .s.a.UserDetailsServiceAutoConfiguration : 

Using generated security password: 0cd26476-c770-435c-b49f-15d898704311

This generated password is for development use only. Your security configuration must be updated before running your application in production.

2026-09-14T15:51:47.624+09:00  INFO 14344 --- [mvc] [restartedMain] r$InitializeUserDetailsManagerConfigurer : Global AuthenticationManager configured with UserDetailsService bean with name inMemoryUserDetailsManager
2026-09-14T15:51:48.234+09:00  INFO 14344 --- [mvc] [restartedMain] o.s.boot.tomcat.TomcatWebServer          : Tomcat started on port 8080 (http) with context path '/'
2026-09-14T15:51:48.241+09:00  INFO 14344 --- [mvc] [restartedMain] com.aloha.mvc.MvcApplication             : Started MvcApplication in 10.427 seconds (process running for 12.441)
2026-09-14T15:51:54.634+09:00  INFO 14344 --- [mvc] [http-nio-8080-exec-1] o.a.c.c.C.[Tomcat].[localhost].[/]       : Initializing Spring DispatcherServlet 'dispatcherServlet'
2026-09-14T15:51:54.635+09:00  INFO 14344 --- [mvc] [http-nio-8080-exec-1] o.s.web.servlet.DispatcherServlet        : Initializing Servlet 'dispatcherServlet'
2026-09-14T15:51:54.637+09:00  INFO 14344 --- [mvc] [http-nio-8080-exec-1] o.s.web.servlet.DispatcherServlet        : Completed initialization in 1 ms
2026-09-14T15:52:36.263+09:00  WARN 14344 --- [mvc] [http-nio-8080-exec-7] o.s.s.c.bcrypt.BCryptPasswordEncoder     : Encoded password does not look like BCrypt
2026-09-14T15:53:09.007+09:00  WARN 14344 --- [mvc] [http-nio-8080-exec-5] o.s.s.c.bcrypt.BCryptPasswordEncoder     : Encoded password does not look like BCrypt
